 ἀλλὰ γάρ ὦ ἄνδρες Ἀθηναῖοι τοῦτο μὲν ἤδη δῆλον οὑγὼ ἔλεγον ὅτι Μελήτῳ τούτων οὔτε μέγα οὔτε μικρὸν πώποτε ἐμέλησεν	plato
οὐδὲ γὰρ ἂν δήπου πρέποι ὦ ἄνδρες τῇδε τῇ ἡλικίᾳ ὥσπερ μειρακίῳ πλάττοντι λόγους εἰς ὑμᾶς εἰσιέναι	plato
ἐὰν δὲ μὴ ἀπελαύνω οἱ τούτων πατέρες δὲ καὶ οἰκεῖοι διʼ αὐτοὺς τούτους	plato
τίθημι γάρ σε ὁμολογοῦντα ἐπειδὴ οὐκ ἀποκρίνῃ	plato
οὐδὲν γὰρ κωλύει διαμυθολογῆσαι πρὸς ἀλλήλους ἕως ἔξεστιν	plato
ἐμοὶ δὲ τί προσήκει νῦν μεῖον φρονεῖν ἢ πρὶν κατακριθῆναι μηδὲν ἐλεγχθέντι ὡς πεποίηκά τι ὧν ἐγράψαντό με	xenophon
 τί ποτε λέγει ὁ θεός καὶ τί ποτε αἰνίττεται	plato
ὡς μοχθηρὸς οὗτος ἔφη ὃς οὐκ ἔοικεν εἰδέναι ὅτι ὁπότερος ἡμῶν καὶ συμφορώτερα καὶ καλλίω εἰς τὸν ἀεὶ χρόνον διαπέπρακται οὗτός ἐστι καὶ ὁ νικῶν	xenophon
παραμυθεῖται δʼ ἔτι με καὶ Παλαμήδης ὁ παραπλησίως ἐμοὶ τελευτήσας	xenophon
καὶ γὰρ ὑμεῖς ἐκείνων πρότερον ἠκούσατε κατηγορούντων καὶ πολὺ μᾶλλον ἢ τῶνδε τῶν ὕστερον	plato
 εἰ δὲ ἄκων διαφθείρω τῶν τοιούτων καὶ ἀκουσίων ἁμαρτημάτων οὐ δεῦρο νόμος εἰσάγειν ἐστίν ἀλλὰ ἰδίᾳ λαβόντα διδάσκειν καὶ νουθετεῖν	plato
 οὗτοι ὦ ἄνδρες Ἀθηναῖοι οἱ ταύτην τὴν φήμην κατασκεδάσαντες οἱ δεινοί εἰσίν μου κατήγοροι	plato
πάνυ μὲν οὖν σφόδρα ταῦτα λέγω	plato
ἔπειτά εἰσιν οὗτοι οἱ κατήγοροι πολλοὶ καὶ πολὺν χρόνον ἤδη κατηγορηκότες ἔτι δὲ καὶ ἐν ταύτῃ τῇ ἡλικίᾳ λέγοντες πρὸς ὑμᾶς ἐν ᾗ ἂν μάλιστα ἐπιστεύσατε παῖδες ὄντες ἔνιοι ὑμῶν καὶ μειράκια ἀτεχνῶς ἐρήμην κατηγοροῦντες ἀπολογουμένου οὐδενός	plato
 ἔστιν οὖν ὅστις βούλεται ὑπὸ τῶν συνόντων βλάπτεσθαι μᾶλλον ἢ ὠφελεῖσθαι	plato
νῦν δὲ ὁρᾶτε δὴ καὶ αὐτοὶ ὅτι οἱ κατήγοροι τἆλλα πάντα ἀναισχύντως οὕτω κατηγοροῦντες τοῦτό γε οὐχ οἷοί τε ἐγένοντο ἀπαναισχυντῆσαι παρασχόμενοι μάρτυρα ὡς ἐγώ ποτέ τινα ἢ ἐπραξάμην μισθὸν ἢ ᾔτησα	plato
εἰ δὲ χαλεπῶν προσδοκωμένων καταλύω τὸν βίον ἐγὼ μὲν οἶμαι ὡς εὐπραγοῦντος ἐμοῦ πᾶσιν ὑμῖν εὐθυμητέον εἶναι	xenophon
οὐ γὰρ ἔσθʼ ὅπως οὐκ ἠναντιώθη ἄν μοι τὸ εἰωθὸς σημεῖον εἰ μή τι ἔμελλον ἐγὼ ἀγαθὸν πράξειν	plato
 οὐ γὰρ ᾠόμην ἔγωγε οὕτω παρʼ ὀλίγον ἔσεσθαι ἀλλὰ παρὰ πολύ	plato
σὺ δὲ ἡμῖν ἀπόκριναι ὦ Μέλητε	plato
 οὕτως δὲ γνόντα αὐτὸν ἔφη ἐπειδὴ κατηγόρησαν αὐτοῦ οἱ ἀντίδικοι ὡς οὓς μὲν ἡ πόλις νομίζει θεοὺς οὐ νομίζοι ἕτερα δὲ καινὰ δαιμόνια εἰσφέροι καὶ τοὺς νέους διαφθείροι παρελθόντα εἰπεῖν	xenophon
εὖ γὰρ οἶδʼ ὅτι ὅποι ἂν ἔλθω λέγοντος ἐμοῦ ἀκροάσονται οἱ νέοι ὥσπερ ἐνθάδε	plato
τὰ γὰρ ἀληθῆ οἴομαι οὐκ ἂν ἐθέλοιεν λέγειν ὅτι κατάδηλοι γίγνονται προσποιούμενοι μὲν εἰδέναι εἰδότες δὲ οὐδέν	plato
 καὶ ὑπὸ ταύτης τῆς ἀσχολίας οὔτε τι τῶν τῆς πόλεως πρᾶξαί μοι σχολὴ γέγονεν ἄξιον λόγου οὔτε τῶν οἰκείων ἀλλʼ ἐν πενίᾳ μυρίᾳ εἰμὶ διὰ τὴν τοῦ θεοῦ λατρείαν	plato
ὅταν γὰρ ἄσχημον μὲν μηδὲν μηδὲ δυσχερὲς ἐν ταῖς γνώμαις τῶν παρόντων καταλείπηταί τις ὑγιὲς δὲ τὸ σῶμα ἔχων καὶ τὴν ψυχὴν δυναμένην φιλοφρονεῖσθαι ἀπομαραίνηται πῶς οὐκ ἀνάγκη τοῦτον ποθεινὸν εἶναι	xenophon
ἀλλʼ ἄρα ὦ Μέλητε μὴ οἱ ἐν τῇ ἐκκλησίᾳ οἱ ἐκκλησιασταί διαφθείρουσι τοὺς νεωτέρους	plato
ὥστε οὐδʼ εἴ με νῦν ὑμεῖς ἀφίετε Ἀνύτῳ ἀπιστήσαντες ὃς ἔφη ἢ τὴν ἀρχὴν οὐ δεῖν ἐμὲ δεῦρο εἰσελθεῖν ἤ ἐπειδὴ εἰσῆλθον οὐχ οἷόν τʼ εἶναι τὸ μὴ ἀποκτεῖναί με λέγων πρὸς ὑμᾶς ὡς εἰ διαφευξοίμην ἤδη ἂν ὑμῶν οἱ ὑεῖς ἐπιτηδεύοντες ἃ Σωκράτης διδάσκει πάντες παντάπασι διαφθαρήσονται εἴ μοι πρὸς ταῦτα εἴποιτε	plato
 ἐμοῦ γὰρ πολλοὶ κατήγοροι γεγόνασι πρὸς ὑμᾶς καὶ πάλαι πολλὰ ἤδη ἔτη καὶ οὐδὲν ἀληθὲς λέγοντες οὓς ἐγὼ μᾶλλον φοβοῦμαι ἢ τοὺς ἀμφὶ Ἄνυτον καίπερ ὄντας καὶ τούτους δεινούς	plato
 ἐγὼ οὖν δεινὰ ἂν εἴην εἰργασμένος ὦ ἄνδρες Ἀθηναῖοι εἰ ὅτε μέν με οἱ ἄρχοντες ἔταττον οὓς ὑμεῖς εἵλεσθε ἄρχειν μου καὶ ἐν Ποτειδαίᾳ καὶ ἐν Ἀμφιπόλει καὶ ἐπὶ Δηλίῳ τότε μὲν οὗ ἐκεῖνοι ἔταττον ἔμενον ὥσπερ καὶ ἄλλος τις καὶ ἐκινδύνευον ἀποθανεῖν τοῦ δὲ θεοῦ τάττοντος ὡς ἐγὼ ᾠήθην τε καὶ ὑπέλαβον φιλοσοφοῦντά με δεῖν ζῆν καὶ ἐξετάζοντα ἐμαυτὸν καὶ τοὺς ἄλλους ἐνταῦθα δὲ φοβηθεὶς ἢ θάνατον ἣ ἄλλʼ ὁτιοῦν πρᾶγμα λίποιμι τὴν τάξιν	plato
 κἄπειτα ἐπειρώμην αὐτῷ δεικνύναι ὅτι οἴοιτο μὲν εἶναι σοφός εἴη δʼ οὔ	plato
ἀλλʼ εἰπέ ὠγαθέ τίς αὐτοὺς ἀμείνους ποιεῖ	plato
ὥστε ἀφρονεστέρα αὐτοῦ φαίνεται εἶναι ἡ μεγαληγορία	xenophon
καὶ γὰρ ἐν ταῖς μάχαις πολλάκις δῆλον γίγνεται ὅτι τό γε ἀποθανεῖν ἄν τις ἐκφύγοι καὶ ὅπλα ἀφεὶς καὶ ἐφʼ ἱκετείαν τραπόμενος τῶν διωκόντων	plato
πεπεισμένος δὴ ἐγὼ μηδένα ἀδικεῖν πολλοῦ δέω ἐμαυτόν γε ἀδικήσειν καὶ κατʼ ἐμαυτοῦ ἐρεῖν αὐτὸς ὡς ἄξιός εἰμί του κακοῦ καὶ τιμήσεσθαι τοιούτου τινὸς ἐμαυτῷ	plato
ἄπιστός γʼ εἶ ὦ Μέλητε καὶ ταῦτα μέντοι ὡς ἐμοὶ δοκεῖς σαυτῷ	plato
ἢ αὐλητὰς μὲν οὐ νομίζει εἶναι αὐλητικὰ δὲ πράγματα	plato
 οὗτοι μὲν οὖν ὥσπερ ἐγὼ λέγω ἤ τι ἢ οὐδὲν ἀληθὲς εἰρήκασιν ὑμεῖς δέ μου ἀκούσεσθε πᾶσαν τὴν ἀλήθειανοὐ μέντοι μὰ Δία ὦ ἄνδρες Ἀθηναῖοι κεκαλλιεπημένους γε λόγους ὥσπερ οἱ τούτων ῥήμασί τε καὶ ὀνόμασιν οὐδὲ κεκοσμημένους ἀλλʼ ἀκούσεσθε εἰκῇ λεγόμενα τοῖς ἐπιτυχοῦσιν ὀνόμασινπιστεύω γὰρ δίκαια εἶναι ἃ λέγωκαὶ μηδεὶς ὑμῶν προσδοκησάτω ἄλλως	plato
 ἀλλὰ ναὶ μὰ Δίʼ ἔφη ὁ Μέλητος ἐκείνους οἶδα οὓς σὺ πέπεικας σοὶ πείθεσθαι μᾶλλον ἢ τοῖς γειναμένοις	xenophon
οὐκοῦν δαιμόνια μὲν φῄς με καὶ νομίζειν καὶ διδάσκειν εἴτʼ οὖν καινὰ εἴτε παλαιά ἀλλʼ οὖν δαιμόνιά γε νομίζω κατὰ τὸν σὸν λόγον καὶ ταῦτα καὶ διωμόσω ἐν τῇ ἀντιγραφῇ	plato
καὶ ἐγώ τε τῷ τιμήματι ἐμμένω καὶ οὗτοι	plato
 ὦ Σώκρατες νῦν μὲν Ἀνύτῳ οὐ πεισόμεθα ἀλλʼ ἀφίεμέν σε ἐπὶ τούτῳ μέντοι ἐφʼ ᾧτε μηκέτι ἐν ταύτῃ τῇ ζητήσει διατρίβειν μηδὲ φιλοσοφεῖν	plato
 τιμᾶται δʼ οὖν μοι ὁ ἀνὴρ θανάτου	plato
 καὶ τί με δεῖ ζῆν ἐν δεσμωτηρίῳ δουλεύοντα τῇ ἀεὶ καθισταμένῃ ἀρχῇ τοῖς ἕνδεκα	plato
ὑμεῖς δʼ ἴσως τάχʼ ἂν ἀχθόμενοι ὥσπερ οἱ νυστάζοντες ἐγειρόμενοι κρούσαντες ἄν με πειθόμενοι Ἀνύτῳ ῥᾳδίως ἂν ἀποκτείναιτε εἶτα τὸν λοιπὸν βίον καθεύδοντες διατελοῖτε ἄν εἰ μή τινα ἄλλον ὁ θεὸς ὑμῖν ἐπιπέμψειεν κηδόμενος ὑμῶν	plato
 ἔσθʼ ὅστις δαιμόνια μὲν νομίζει πράγματʼ εἶναι δαίμονας δὲ οὐ νομίζει	plato
 καίτοι πῶς οὐκ ἀμαθία ἐστὶν αὕτη ἡ ἐπονείδιστος ἡ τοῦ οἴεσθαι εἰδέναι ἃ οὐκ οἶδεν	plato
ἐὰν δὲ ἁλῷς ἔτι τοῦτο πράττων ἀποθανῇ εἰ οὖν με ὅπερ εἶπον ἐπὶ τούτοις ἀφίοιτε εἴποιμʼ ἂν ὑμῖν ὅτι ἐγὼ ὑμᾶς ὦ ἄνδρες Ἀθηναῖοι ἀσπάζομαι μὲν καὶ φιλῶ πείσομαι δὲ μᾶλλον τῷ θεῷ ἢ ὑμῖν καὶ ἕωσπερ ἂν ἐμπνέω καὶ οἷός τε ὦ οὐ μὴ παύσωμαι φιλοσοφῶν καὶ ὑμῖν παρακελευόμενός τε καὶ ἐνδεικνύμενος ὅτῳ ἂν ἀεὶ ἐντυγχάνω ὑμῶν λέγων οἷάπερ εἴωθα ὅτι ὦ ἄριστε ἀνδρῶν Ἀθηναῖος ὤν πόλεως τῆς μεγίστης καὶ εὐδοκιμωτάτης εἰς σοφίαν καὶ ἰσχύν χρημάτων μὲν οὐκ αἰσχύνῃ ἐπιμελούμενος ὅπως σοι ἔσται ὡς πλεῖστα καὶ δόξης καὶ τιμῆς φρονήσεως δὲ καὶ ἀληθείας καὶ τῆς ψυχῆς ὅπως ὡς βελτίστη ἔσται οὐκ ἐπιμελῇ οὐδὲ φροντίζεις	plato
Ἀναξαγόρου οἴει κατηγορεῖν ὦ φίλε Μέλητε	plato
 ἐπεδείξατο δὲ τῆς ψυχῆς τὴν ῥώμην	xenophon
εἰ δʼ αὖ οἱ δαίμονες θεῶν παῖδές εἰσιν νόθοι τινὲς ἢ ἐκ νυμφῶν ἢ ἔκ τινων ἄλλων ὧν δὴ καὶ λέγονται τίς ἂν ἀνθρώπων θεῶν μὲν παῖδας ἡγοῖτο εἶναι θεοὺς δὲ μή	plato
χωρὶς δὲ τῆς δόξης ὦ ἄνδρες οὐδὲ δίκαιόν μοι δοκεῖ εἶναι δεῖσθαι τοῦ δικαστοῦ οὐδὲ δεόμενον ἀποφεύγειν ἀλλὰ διδάσκειν καὶ πείθειν	plato
ἀλλὰ ναὶ μὰ Δία φάναι αὐτόν καὶ δὶς ἤδη ἐπιχειρήσαντός μου σκοπεῖν περὶ τῆς ἀπολογίας ἐναντιοῦταί μοι τὸ δαιμόνιον	xenophon
οἶδε μὲν γὰρ οὐδεὶς τὸν θάνατον οὐδʼ εἰ τυγχάνει τῷ ἀνθρώπῳ πάντων μέγιστον ὂν τῶν ἀγαθῶν δεδίασι δʼ ὡς εὖ εἰδότες ὅτι μέγιστον τῶν κακῶν ἐστι	plato
ἦ θαυμαστὸν νομίζεις εἰ καὶ τῷ θεῷ δοκεῖ ἐμὲ βέλτιον εἶναι ἤδη τελευτᾶν	xenophon
ἢ τοὐναντίον τούτου πᾶν εἷς μέν τις ὁ βελτίους οἷός τʼ ὢν ποιεῖν ἢ πάνυ ὀλίγοι οἱ ἱππικοί οἱ δὲ πολλοὶ ἐάνπερ συνῶσι καὶ χρῶνται ἵπποις διαφθείρουσιν	plato
ἐγὼ γάρ ὦ ἄνδρες Ἀθηναῖοι διʼ οὐδὲν ἀλλʼ ἢ διὰ σοφίαν τινὰ τοῦτο τὸ ὄνομα ἔσχηκα	plato
ὅτι ἀκούοντες χαίρουσιν ἐξεταζομένοις τοῖς οἰομένοις μὲν εἶναι σοφοῖς οὖσι δʼ οὔ	plato
τοῦ μὲν γὰρ βίου τὸ χαλεπώτατον ἀπέλιπε τῶν δὲ θανάτων τοῦ ῥᾴστου ἔτυχεν	xenophon
τάχʼ ἂν οὖν τις ταῦτα ἐννοήσας αὐθαδέστερον ἂν πρός με σχοίη καὶ ὀργισθεὶς αὐτοῖς τούτοις θεῖτο ἂν μετʼ ὀργῆς τὴν ψῆφον	plato
 καινά γε μὴν δαιμόνια πῶς ἂν ἐγὼ εἰσφέροιμι λέγων ὅτι θεοῦ μοι φωνὴ φαίνεται σημαίνουσα ὅ τι χρὴ ποιεῖν	xenophon
σὺ δὲ συγγενέσθαι μέν μοι καὶ διδάξαι ἔφυγες καὶ οὐκ ἠθέλησας δεῦρο δὲ εἰσάγεις οἷ νόμος ἐστὶν εἰσάγειν τοὺς κολάσεως δεομένους ἀλλʼ οὐ μαθήσεως	plato
 λέγεται δὲ καὶ Ἄνυτον παριόντα ἰδὼν εἰπεῖν	xenophon
 ἀλλʼ ἐγώ ὦ ἄνδρες τοῦτο μὲν πρῶτον θαυμάζω Μελήτου ὅτῳ ποτὲ γνοὺς λέγει ὡς ἐγὼ οὓς ἡ πόλις νομίζει θεοὺς οὐ νομίζω	xenophon
 οὐ γὰρ ἐπὶ τούτῳ κάθηται ὁ δικαστής ἐπὶ τῷ καταχαρίζεσθαι τὰ δίκαια ἀλλʼ ἐπὶ τῷ κρίνειν ταῦτα	plato
 τὰ δὲ ἔχει μὲν οὕτως ὡς ἐγώ φημι ὦ ἄνδρες πείθειν δὲ οὐ ῥᾴδιον	plato
ἴσως δʼ ἂν δυναίμην ἐκτεῖσαι ὑμῖν που μνᾶν ἀργυρίου	plato
ὥς γε μὴν οὐ ψεύδομαι κατὰ τοῦ θεοῦ καὶ τοῦτʼ ἔχω τεκμήριον	xenophon
ἀλλʼ ὅτι ἤδη ἑαυτῷ ἡγεῖτο αἱρετώτερον εἶναι τοῦ βίου θάνατον τοῦτο οὐ διεσαφήνισαν	xenophon
 Σωκράτης δὲ διὰ τὸ μεγαλύνειν ἑαυτὸν ἐν τῷ δικαστηρίῳ φθόνον ἐπαγόμενος μᾶλλον καταψηφίσασθαι ἑαυτοῦ ἐποίησε τοὺς δικαστάς	xenophon
δυοῖν γὰρ θάτερόν ἐστιν τὸ τεθνάναι	plato
ὥστε ἰσχυρῶς ἀγάμενος ἐμαυτὸν ταὐτὰ ηὕρισκον καὶ τοὺς ἐμοὶ συγγιγνομένους γιγνώσκοντας περὶ ἐμοῦ	xenophon
οὔκουν χρὴ οὔτε ἡμᾶς ἐθίζειν ὑμᾶς ἐπιορκεῖν οὔθʼ ὑμᾶς ἐθίζεσθαι	plato
 ἀλλʼ ἐγὼ διὰ παντὸς τοῦ βίου δημοσίᾳ τε εἴ πού τι ἔπραξα τοιοῦτος φανοῦμαι καὶ ἰδίᾳ ὁ αὐτὸς οὗτος οὐδενὶ πώποτε συγχωρήσας οὐδὲν παρὰ τὸ δίκαιον οὔτε ἄλλῳ οὔτε τούτων οὐδενὶ οὓς δὴ διαβάλλοντες ἐμέ φασιν ἐμοὺς μαθητὰς εἶναι	plato
Σωκράτης ἀδικεῖ καὶ περιεργάζεται ζητῶν τά τε ὑπὸ γῆς καὶ οὐράνια καὶ τὸν ἥττω λόγον κρείττω ποιῶν καὶ ἄλλους ταὐτὰ ταῦτα διδάσκων	plato
καὶ γὰρ ὁ νόμος κελεύει ἀποκρίνεσθαι	plato
ὅδε δὲ Ἀδείμαντος ὁ Ἀρίστωνος οὗ ἀδελφὸς οὑτοσὶ Πλάτων καὶ Αἰαντόδωρος οὗ Ἀπολλόδωρος ὅδε ἀδελφός	plato
καί μοι ὦ ἄνδρες Ἀθηναῖοι μὴ θορυβήσητε μηδʼ ἐὰν δόξω τι ὑμῖν μέγα λέγειν	plato
τοῦτον οὖν ἀνηρόμηνἐστὸν γὰρ αὐτῷ δύο ὑεῖ ὦ Καλλία ἦν δʼ ἐγώ εἰ μέν σου τὼ ὑεῖ πώλω ἢ μόσχω ἐγενέσθην εἴχομεν ἂν αὐτοῖν ἐπιστάτην λαβεῖν καὶ μισθώσασθαι ὃς ἔμελλεν αὐτὼ καλώ τε κἀγαθὼ ποιήσειν τὴν προσήκουσαν ἀρετήν ἦν δʼ ἂν οὗτος ἢ τῶν ἱππικῶν τις ἢ τῶν γεωργικῶν	plato
 ἐμοὶ δὲ τοῦτʼ ἔστιν ἐκ παιδὸς ἀρξάμενον φωνή τις γιγνομένη ἣ ὅταν γένηται ἀεὶ ἀποτρέπει με τοῦτο ὃ ἂν μέλλω πράττειν προτρέπει δὲ οὔποτε	plato
 ταῦτα καὶ νεωτέρῳ καὶ πρεσβυτέρῳ ὅτῳ ἂν ἐντυγχάνω ποιήσω καὶ ξένῳ καὶ ἀστῷ μᾶλλον δὲ τοῖς ἀστοῖς ὅσῳ μου ἐγγυτέρω ἐστὲ γένει	plato
 εἰπὼν δὲ ταῦτα μάλα ὁμολογουμένως δὴ τοῖς εἰρημένοις ἀπῄει καὶ ὄμμασι καὶ σχήματι καὶ βαδίσματι φαιδρός	xenophon
 καί μοι δεῦρο ὦ Μέλητε εἰπέ	plato
 ὅσοι δὲ φθόνῳ καὶ διαβολῇ χρώμενοι ὑμᾶς ἀνέπειθονοἱ δὲ καὶ αὐτοὶ πεπεισμένοι ἄλλους πείθοντεςοὗτοι πάντες ἀπορώτατοί εἰσιν	plato
εἰ δέ τίς φησι παρʼ ἐμοῦ πώποτέ τι μαθεῖν ἢ ἀκοῦσαι ἰδίᾳ ὅτι μὴ καὶ οἱ ἄλλοι πάντες εὖ ἴστε ὅτι οὐκ ἀληθῆ λέγει	plato
εἰ δέ τίς μου λέγοντος καὶ τὰ ἐμαυτοῦ πράττοντος ἐπιθυμοῖ ἀκούειν εἴτε νεώτερος εἴτε πρεσβύτερος οὐδενὶ πώποτε ἐφθόνησα οὐδὲ χρήματα μὲν λαμβάνων διαλέγομαι μὴ λαμβάνων δὲ οὔ ἀλλʼ ὁμοίως καὶ πλουσίῳ καὶ πένητι παρέχω ἐμαυτὸν ἐρωτᾶν καὶ ἐάν τις βούληται ἀποκρινόμενος ἀκούειν ὧν ἂν λέγω	plato
Πλάτων δὲ ὅδε ὦ ἄνδρες Ἀθηναῖοι καὶ Κρίτων καὶ Κριτόβουλος καὶ Ἀπολλόδωρος κελεύουσί με τριάκοντα μνῶν τιμήσασθαι αὐτοὶ δʼ ἐγγυᾶσθαι	plato
 ἀλλὰ μέντοι φάναι αὐτόν ἀνέθηκε μὲν καὶ Ὅμηρος ἔστιν οἷς τῶν ἐν καταλύσει τοῦ βίου προγιγνώσκειν τὰ μέλλοντα βούλομαι δὲ καὶ ἐγὼ χρησμῳδῆσαί τι	xenophon
τὸ δὲ κινδυνεύει ὦ ἄνδρες τῷ ὄντι ὁ θεὸς σοφὸς εἶναι καὶ ἐν τῷ χρησμῷ τούτῳ τοῦτο λέγειν ὅτι ἡ ἀνθρωπίνη σοφία ὀλίγου τινὸς ἀξία ἐστὶν καὶ οὐδενός	plato
τὸν δὲ δὴ βελτίους ποιοῦντα ἴθι εἰπὲ καὶ μήνυσον αὐτοῖς τίς ἐστιν	plato
ἀλλʼ οὐ γὰρ ἐπίσταμαι ὦ ἄνδρες Ἀθηναῖοι	plato
ἔπειτα μόγις πάνυ ἐπὶ ζήτησιν αὐτοῦ τοιαύτην τινὰ ἐτραπόμην	plato
ὡς ὤνησας ὅτι μόγις ἀπεκρίνω ὑπὸ τουτωνὶ ἀναγκαζόμενος	plato
οὐ γὰρ ἐμοὶ ἀλλὰ τοῖς καταγνοῦσι τοῦτο αἰσχρόν ἐστι	xenophon
πάντες ἄρα ὡς ἔοικεν Ἀθηναῖοι καλοὺς κἀγαθοὺς ποιοῦσι πλὴν ἐμοῦ ἐγὼ δὲ μόνος διαφθείρω	plato
 ἀκηκόατε ὦ ἄνδρες Ἀθηναῖοι πᾶσαν ὑμῖν τὴν ἀλήθειαν ἐγὼ εἶπον	plato
τότʼ ἐγὼ μόνος τῶν πρυτάνεων ἠναντιώθην ὑμῖν μηδὲν ποιεῖν παρὰ τοὺς νόμους καὶ ἐναντία ἐψηφισάμην	plato
οἴονται γάρ με ἑκάστοτε οἱ παρόντες ταῦτα αὐτὸν εἶναι σοφὸν ἃ ἂν ἄλλον ἐξελέγξω	plato
νῦν ἐγὼ πρῶτον ἐπὶ δικαστήριον ἀναβέβηκα ἔτη γεγονὼς ἑβδομήκοντα	plato
καὶ νῦν ἐγὼ μὲν ἄπειμι ὑφʼ ὑμῶν θανάτου δίκην ὀφλών οὗτοι δʼ ὑπὸ τῆς ἀληθείας ὠφληκότες μοχθηρίαν καὶ ἀδικίαν	plato
οὐ ταῦτα λέγεις ὅτι διδάσκων διαφθείρω	plato
καὶ ἑτοίμων ὄντων ἐνδεικνύναι με καὶ ἀπάγειν τῶν ῥητόρων καὶ ὑμῶν κελευόντων καὶ βοώντων μετὰ τοῦ νόμου καὶ τοῦ δικαίου ᾤμην μᾶλλόν με δεῖν διακινδυνεύειν ἢ μεθʼ ὑμῶν γενέσθαι μὴ δίκαια βουλευομένων φοβηθέντα δεσμὸν ἢ θάνατον	plato
ὥστε ὅπερ ἀρχόμενος ἐγὼ ἔλεγον θαυμάζοιμʼ ἂν εἰ οἷός τʼ εἴην ἐγὼ ὑμῶν ταύτην τὴν διαβολὴν ἐξελέσθαι ἐν οὕτως ὀλίγῳ χρόνῳ οὕτω πολλὴν γεγονυῖαν	plato
διὰ δὲ τὸ μηδένα ἔχειν σπουδαῖον ἐπιμελητὴν προσπεσεῖσθαί τινι αἰσχρᾷ ἐπιθυμίᾳ καὶ προβήσεσθαι μέντοι πόρρω μοχθηρίας	xenophon
ἀντὶ τούτου δὴ ἕλωμαι ὧν εὖ οἶδά τι κακῶν ὄντων τούτου τιμησάμενος	plato
νῦν δʼ ἐπειδὴ ἀνθρώπω ἐστόν τίνα αὐτοῖν ἐν νῷ ἔχεις ἐπιστάτην λαβεῖν	plato
ἀναλάβωμεν οὖν ἐξ ἀρχῆς τίς ἡ κατηγορία ἐστὶν ἐξ ἧς ἡ ἐμὴ διαβολὴ γέγονεν ᾗ δὴ καὶ πιστεύων Μέλητός με ἐγράψατο τὴν γραφὴν ταύτην	plato
 οὐκ ἐχρῆν μέντοι σκοπεῖν ὦ Σώκρατες καὶ ὅ τι ἀπολογήσῃ	xenophon
τὸ δὲ οὐκ ἔστιν ὦ ἄνδρες Ἀθηναῖοι τοιοῦτον ἀλλὰ τοιόνδε μᾶλλον	plato
ἆρʼ οὖν ἄν με οἴεσθε τοσάδε ἔτη διαγενέσθαι εἰ ἔπραττον τὰ δημόσια καὶ πράττων ἀξίως ἀνδρὸς ἀγαθοῦ ἐβοήθουν τοῖς δικαίοις καὶ ὥσπερ χρὴ τοῦτο περὶ πλείστου ἐποιούμην	plato
οὕτω γάρ φάναι τὸν Μέλητον ὦ Σώκρατες καὶ συμφέρει καὶ νομίζεται	xenophon
 ὡς δὲ τέλος εἶχεν ἡ δίκη εἰπεῖν αὐτόν	xenophon
 σαφῶς γὰρ ἄν εἰ πείθοιμι ὑμᾶς καὶ τῷ δεῖσθαι βιαζοίμην ὀμωμοκότας θεοὺς ἂν διδάσκοιμι μὴ ἡγεῖσθαι ὑμᾶς εἶναι καὶ ἀτεχνῶς ἀπολογούμενος κατηγοροίην ἂν ἐμαυτοῦ ὡς θεοὺς οὐ νομίζω	plato
συνεγενόμην γάρ ποτε βραχέα τῷ Ἀνύτου υἱῷ καὶ ἔδοξέ μοι οὐκ ἄρρωστος τὴν ψυχὴν εἶναι	xenophon
οὐ γὰρ δήπου σοῦ γε οὐδὲν τῶν ἄλλων περιττότερον πραγματευομένου ἔπειτα τοσαύτη φήμη τε καὶ λόγος γέγονεν εἰ μή τι ἔπραττες ἀλλοῖον ἢ οἱ πολλοί	plato
 καὶ ἐάντε νῦν ἐάντε αὖθις ζητήσητε ταῦτα οὕτως εὑρήσετε	plato
ἱκανὸν γάρ οἶμαι ἐγὼ παρέχομαι τὸν μάρτυρα ὡς ἀληθῆ λέγω τὴν πενίαν	plato
ἐμοὶ γὰρ δοκεῖ οὑτοσί ὦ ἄνδρες Ἀθηναῖοι πάνυ εἶναι ὑβριστὴς καὶ ἀκόλαστος καὶ ἀτεχνῶς τὴν γραφὴν ταύτην ὕβρει τινὶ καὶ ἀκολασίᾳ καὶ νεότητι γράψασθαι	plato
πολλὴ γὰρ ἄν τις εὐδαιμονία εἴη περὶ τοὺς νέους εἰ εἷς μὲν μόνος αὐτοὺς διαφθείρει οἱ δʼ ἄλλοι ὠφελοῦσιν	plato
ἐπεὶ θύοντά γέ με ἐν ταῖς κοιναῖς ἑορταῖς καὶ ἐπὶ τῶν δημοσίων βωμῶν καὶ οἱ ἄλλοι οἱ παρατυγχάνοντες ἑώρων καὶ αὐτὸς Μέλητος εἰ ἐβούλετο	xenophon
ἀλλʼ ἢ οὐ διαφθείρω ἢ εἰ διαφθείρω ἄκων ὥστε σύ γε κατʼ ἀμφότερα ψεύδῃ	plato
πολλὴ μεντἄν με φιλοψυχία ἔχοι ὦ ἄνδρες Ἀθηναῖοι εἰ οὕτως ἀλόγιστός εἰμι ὥστε μὴ δύνασθαι λογίζεσθαι ὅτι ὑμεῖς μὲν ὄντες πολῖταί μου οὐχ οἷοί τε ἐγένεσθε ἐνεγκεῖν τὰς ἐμὰς διατριβὰς καὶ τοὺς λόγους ἀλλʼ ὑμῖν βαρύτεραι γεγόνασιν καὶ ἐπιφθονώτεραι ὥστε ζητεῖτε αὐτῶν νυνὶ ἀπαλλαγῆναι	plato
εὖ γε νὴ τὴν Ἥραν λέγεις καὶ πολλὴν ἀφθονίαν τῶν ὠφελούντων	plato
ἀπεκρινάμην οὖν ἐμαυτῷ καὶ τῷ χρησμῷ ὅτι μοι λυσιτελοῖ ὥσπερ ἔχω ἔχειν	plato
ἀλλʼ ἀπορίᾳ μὲν ἑάλωκα οὐ μέντοι λόγων ἀλλὰ τόλμης καὶ ἀναισχυντίας καὶ τοῦ μὴ ἐθέλειν λέγειν πρὸς ὑμᾶς τοιαῦτα οἷʼ ἂν ὑμῖν μὲν ἥδιστα ἦν ἀκούειν θρηνοῦντός τέ μου καὶ ὀδυρομένου καὶ ἄλλα ποιοῦντος καὶ λέγοντος πολλὰ καὶ ἀνάξια ἐμοῦ ὡς ἐγώ φημι οἷα δὴ καὶ εἴθισθε ὑμεῖς τῶν ἄλλων ἀκούειν	plato
 τελευτῶν οὖν ἐπὶ τοὺς χειροτέχνας ᾖα	plato
φροντίζω πότερα θεόν σε εἴπω ἢ ἄνθρωπον	xenophon
οὐδὲ τὰ ἐμὰ νῦν ἀπὸ τοῦ αὐτομάτου γέγονεν ἀλλά μοι δῆλόν ἐστι τοῦτο ὅτι ἤδη τεθνάναι καὶ ἀπηλλάχθαι πραγμάτων βέλτιον ἦν μοι	plato
εἶτʼ οὐκ αἰσχύνῃ ὦ Σώκρατες τοιοῦτον ἐπιτήδευμα ἐπιτηδεύσας ἐξ οὗ κινδυνεύεις νυνὶ ἀποθανεῖν	plato
 βουλοίμην μὲν οὖν ἂν τοῦτο οὕτως γενέσθαι εἴ τι ἄμεινον καὶ ὑμῖν καὶ ἐμοί καὶ πλέον τί με ποιῆσαι ἀπολογούμενον	plato
καίτοι οἶδα σχεδὸν ὅτι αὐτοῖς τούτοις ἀπεχθάνομαι ὃ καὶ τεκμήριον ὅτι ἀληθῆ λέγω καὶ ὅτι αὕτη ἐστὶν ἡ διαβολὴ ἡ ἐμὴ καὶ τὰ αἴτια ταῦτά ἐστιν	plato
 τ τί ἄξιός εἰμι παθεῖν ἢ ἀποτεῖσαι ὅτι μαθὼν ἐν τῷ βίῳ οὐχ ἡσυχίαν ἦγον ἀλλʼ ἀμελήσας ὧνπερ οἱ πολλοί χρηματισμοῦ τε καὶ οἰκονομίας καὶ στρατηγιῶν καὶ δημηγοριῶν καὶ τῶν ἄλλων ἀρχῶν καὶ συνωμοσιῶν καὶ στάσεων τῶν ἐν τῇ πόλει γιγνομένων ἡγησάμενος ἐμαυτὸν ῷ ὄντι ἐπιεικέστερον εἶναι ἢ ὥστε εἰς ταῦτʼ ἰόντα σῴζεσθαι ἐνταῦθα μὲν οὐκ ᾖα οἷ ἐλθὼν μήτε ὑμῖν μήτε ἐμαυτῷ ἔμελλον μηδὲν ὄφελος εἶναι ἐπὶ δὲ τὸ ἰδίᾳ ἕκαστον ἰὼν εὐεργετεῖν τὴν μεγίστην εὐεργεσίαν ὡς ἐγώ φημι ἐνταῦθα ᾖα ἐπιχειρῶν ἕκαστον ὑμῶν πείθειν μὴ πρότερον μήτε τῶν ἑαυτοῦ μηδενὸς ἐπιμελεῖσθαι πρὶν ἑαυτοῦ ἐπιμεληθείη ὅπως ὡς βέλτιστος καὶ φρονιμώτατος ἔσοιτο μήτε τῶν τῆς πόλεως πρὶν αὐτῆς τῆς πόλεως τῶν τε ἄλλων οὕτω κατὰ τὸν αὐτὸν τρόπον ἐπιμελεῖσθαιτί οὖν εἰμι ἄξιος παθεῖν τοιοῦτος ὤν	plato
οἱ δὲ ἀδιάφθαρτοι πρεσβύτεροι ἤδη ἄνδρες οἱ τούτων προσήκοντες τίνα ἄλλον ἔχουσι λόγον βοηθοῦντες ἐμοὶ ἀλλʼ ἢ τὸν ὀρθόν τε καὶ δίκαιον ὅτι συνίσασι Μελήτῳ μὲν ψευδομένῳ ἐμοὶ δὲ ἀληθεύοντι	plato
 τίς τῆς τοιαύτης ἀρετῆς τῆς ἀνθρωπίνης τε καὶ πολιτικῆς ἐπιστήμων ἐστίν	plato
ἀλλὰ γὰρ ἤδη ὥρα ἀπιέναι ἐμοὶ μὲν ἀποθανουμένῳ ὑμῖν δὲ βιωσομένοις	plato
 τούς γε μὴν νέους πῶς ἂν διαφθείροιμι καρτερίαν καὶ εὐτέλειαν προσεθίζων	xenophon
τὸ γάρ τοι θάνατον δεδιέναι ὦ ἄνδρες οὐδὲν ἄλλο ἐστὶν ἢ δοκεῖν σοφὸν εἶναι μὴ ὄντα	plato
εἰ γὰρ οἴεσθε ἀποκτείνοντες ἀνθρώπους ἐπισχήσειν τοῦ ὀνειδίζειν τινὰ ὑμῖν ὅτι οὐκ ὀρθῶς ζῆτε οὐ καλῶς διανοεῖσθε	plato
 ἃ μὲν ἐγὼ ἔχοιμʼ ἂν ἀπολογεῖσθαι σχεδόν ἐστι ταῦτα καὶ ἄλλα ἴσως τοιαῦτα	plato
πότερον ἅπαντες ἢ οἱ μὲν αὐτῶν οἱ δʼ οὔ	plato
 ἐὰν γάρ με ἀποκτείνητε οὐ ῥᾳδίως ἄλλον τοιοῦτον εὑρήσετε ἀτεχνῶςεἰ καὶ γελοιότερον εἰπεῖνπροσκείμενον τῇ πόλει ὑπὸ τοῦ θεοῦ ὥσπερ ἵππῳ μεγάλῳ μὲν καὶ γενναίῳ ὑπὸ μεγέθους δὲ νωθεστέρῳ καὶ δεομένῳ ἐγείρεσθαι ὑπὸ μύωπός τινος οἷον δή μοι δοκεῖ ὁ θεὸς ἐμὲ τῇ πόλει προστεθηκέναι τοιοῦτόν τινα ὃς ὑμᾶς ἐγείρων καὶ πείθων καὶ ὀνειδίζων ἕνα ἕκαστον οὐδὲν παύομαι τὴν ἡμέραν ὅλην πανταχοῦ προσκαθίζων	plato
λέγω δὲ τοῦτο οὐ πρὸς πάντας ὑμᾶς ἀλλὰ πρὸς τοὺς ἐμοῦ καταψηφισαμένους θάνατον	plato
 καὶ νὴ τὸν κύνα ὦ ἄνδρες Ἀθηναῖοι δεῖ γὰρ πρὸς ὑμᾶς τἀληθῆ λέγεινἦ μὴν ἐγὼ ἔπαθόν τι τοιοῦτον	plato
οἱ δὲ ἀκροαταὶ βελτίους ποιοῦσιν ἢ οὔ	plato
 οὐκ ἔσθʼ ὅτι μᾶλλον ὦ ἄνδρες Ἀθηναῖοι πρέπει οὕτως ὡς τὸν τοιοῦτον ἄνδρα ἐν πρυτανείῳ σιτεῖσθαι πολύ γε μᾶλλον ἢ εἴ τις ὑμῶν ἵππῳ ἢ συνωρίδι ἢ ζεύγει νενίκηκεν Ὀλυμπίασιν	plato
 πάντως δὲ πάρεισιν αὐτῶν πολλοὶ ἐνταυθοῖ οὓς ἐγὼ ὁρῶ πρῶτον μὲν Κρίτων οὑτοσί ἐμὸς ἡλικιώτης καὶ δημότης Κριτοβούλου τοῦδε πατήρ ἔπειτα Λυσανίας ὁ Σφήττιος Αἰσχίνου τοῦδε πατήρ ἔτι δʼ Ἀντιφῶν ὁ Κηφισιεὺς οὑτοσί Ἐπιγένους πατήρ ἄλλοι τοίνυν οὗτοι ὧν οἱ ἀδελφοὶ ἐν ταύτῃ τῇ διατριβῇ γεγόνασιν Νικόστρατος Θεοζοτίδου ἀδελφὸς Θεοδότουκαὶ ὁ μὲν Θεόδοτος τετελεύτηκεν ὥστε οὐκ ἂν ἐκεῖνός γε αὐτοῦ καταδεηθείηκαὶ Παράλιος ὅδε ὁ Δημοδόκου οὗ ἦν Θεάγης ἀδελφός	plato
 καὶ τούτων ἐγὼ εἴτε τις χρηστὸς γίγνεται εἴτε μή οὐκ ἂν δικαίως τὴν αἰτίαν ὑπέχοιμι ὧν μήτε ὑπεσχόμην μηδενὶ μηδὲν πώποτε μάθημα μήτε ἐδίδαξα	plato
 πρὸς ταῦτα φαίην ἄν ὦ ἄνδρες Ἀθηναῖοι ἢ πείθεσθε Ἀνύτῳ ἢ μή καὶ ἢ ἀφίετέ με ἢ μή ὡς ἐμοῦ οὐκ ἂν ποιήσαντος ἄλλα οὐδʼ εἰ μέλλω πολλάκις τεθνάναι	plato
 παρὼν δέ τις Ἀπολλόδωρος ἐπιθυμητὴς μὲν ὢν ἰσχυρῶς αὐτοῦ ἄλλως δʼ εὐήθης εἶπεν ἄρα	xenophon
 ἀλλʼ ὅμως σύ με φῄς ὦ Μέλητε τοιαῦτα ἐπιτηδεύοντα τοὺς νέους διαφθείρειν	xenophon
τῷ ὄντι γὰρ κινδυνεύω ταύτην εἶναι σοφός	plato
 τίνα μὲν γὰρ ἐπίστασθε ἧττον ἐμοῦ δουλεύοντα ταῖς τοῦ σώματος ἐπιθυμίαις	xenophon
πάντως δήπου ἐάντε σὺ καὶ Ἄνυτος οὐ φῆτε ἐάντε φῆτε	plato
καὶ ἐγὼ τὸν Εὔηνον ἐμακάρισα εἰ ὡς ἀληθῶς ἔχοι ταύτην τὴν τέχνην καὶ οὕτως ἐμμελῶς διδάσκει	plato
 ταῦτʼ ἔστιν ὑμῖν ὦ ἄνδρες Ἀθηναῖοι τἀληθῆ καὶ ὑμᾶς οὔτε μέγα οὔτε μικρὸν ἀποκρυψάμενος ἐγὼ λέγω οὐδʼ ὑποστειλάμενος	plato
εἰ δὲ τότε ἐπελάθετο νῦν παρασχέσθωἐγὼ παραχωρῶκαὶ λεγέτω εἴ τι ἔχει τοιοῦτον	plato
σοφὸν δὲ πῶς οὐκ ἄν τις εἰκότως ἄνδρα φήσειεν εἶναι ὃς ἐξ ὅτουπερ ξυνιέναι τὰ λεγόμενα ἠρξάμην οὐπώποτε διέλειπον καὶ ζητῶν καὶ μανθάνων ὅ τι ἐδυνάμην ἀγαθόν	xenophon
οὐ γὰρ ἀνθρωπίνῳ ἔοικε τὸ ἐμὲ τῶν μὲν ἐμαυτοῦ πάντων ἠμεληκέναι καὶ ἀνέχεσθαι τῶν οἰκείων ἀμελουμένων τοσαῦτα ἤδη ἔτη τὸ δὲ ὑμέτερον πράττειν ἀεί ἰδίᾳ ἑκάστῳ προσιόντα ὥσπερ πατέρα ἢ ἀδελφὸν πρεσβύτερον πείθοντα ἐπιμελεῖσθαι ἀρετῆς	plato
 περὶ μὲν οὖν ὧν οἱ πρῶτοί μου κατήγοροι κατηγόρουν αὕτη ἔστω ἱκανὴ ἀπολογία πρὸς ὑμᾶς	plato
ᾧ καὶ δῆλον ὅτι τῷ ὄντι οὕτως ἐρρήθη ὑπὸ Σωκράτους	xenophon
 ὦ θαυμάσιε Μέλητε ἵνα τί ταῦτα λέγεις	plato
 ἀποκτείνειε μεντἂν ἴσως ἢ ἐξελάσειεν ἢ ἀτιμώσειεν	plato
εἰ δὲ μὴ αὐτοὶ ἤθελον τῶν οἰκείων τινὰς τῶν ἐκείνων πατέρας καὶ ἀδελφοὺς καὶ ἄλλους τοὺς προσήκοντας εἴπερ ὑπʼ ἐμοῦ τι κακὸν ἐπεπόνθεσαν αὐτῶν οἱ οἰκεῖοι νῦν μεμνῆσθαι καὶ τιμωρεῖσθαι	plato
ἐγὼ δὲ τούτῳ ἂν δίκαιον λόγον ἀντείποιμι ὅτι οὐ καλῶς λέγεις ὦ ἄνθρωπε εἰ οἴει δεῖν κίνδυνον ὑπολογίζεσθαι τοῦ ζῆν ἢ τεθνάναι ἄνδρα ὅτου τι καὶ σμικρὸν ὄφελός ἐστιν ἀλλʼ οὐκ ἐκεῖνο μόνον σκοπεῖν ὅταν πράττῃ πότερον δίκαια ἢ ἄδικα πράττει καὶ ἀνδρὸς ἀγαθοῦ ἔργα ἢ κακοῦ	plato
ἀλλὰ γὰρ οὔτε τούτων οὐδέν ἐστιν οὐδέ γʼ εἴ τινος ἀκηκόατε ὡς ἐγὼ παιδεύειν ἐπιχειρῶ ἀνθρώπους καὶ χρήματα πράττομαι οὐδὲ τοῦτο ἀληθές	plato
ἀτεχνῶς οὖν ξένως ἔχω τῆς ἐνθάδε λέξεως	plato
οἶμαι δὲ αὐτὸ χαλεπὸν εἶναι καὶ οὐ πάνυ με λανθάνει οἷόν ἐστιν	plato
 καὶ γὰρ οὐδὲν πλείων ὁ πᾶς χρόνος φαίνεται οὕτω δὴ εἶναι ἢ μία νύξ	plato
ἐμοὶ γάρ ὦ ἄνδρες δικασταίὑμᾶς γὰρ δικαστὰς καλῶν ὀρθῶς ἂν καλοίηνθαυμάσιόν τι γέγονεν	plato
 ἀγαθόν τι ὦ ἄνδρες Ἀθηναῖοι εἰ δεῖ γε κατὰ τὴν ἀξίαν τῇ ἀληθείᾳ τιμᾶσθαι	plato
Σωκράτη φησὶν ἀδικεῖν τούς τε νέους διαφθείροντα καὶ θεοὺς οὓς ἡ πόλις νομίζει οὐ νομίζοντα ἕτερα δὲ δαιμόνια καινά	plato
 ἀλλὰ τὸ ἐπὶ τούτῳ γε ἀπόκριναι	plato
 μετὰ ταῦτʼ οὖν ἤδη ἐφεξῆς ᾖα αἰσθανόμενος μὲν καὶ λυπούμενος καὶ δεδιὼς ὅτι ἀπηχθανόμην ὅμως δὲ ἀναγκαῖον ἐδόκει εἶναι τὸ τοῦ θεοῦ περὶ πλείστου ποιεῖσθαιἰτέον οὖν σκοποῦντι τὸν χρησμὸν τί λέγει ἐπὶ ἅπαντας τούς τι δοκοῦντας εἰδέναι	plato
φησὶ γὰρ δὴ τοὺς νέους ἀδικεῖν με διαφθείροντα	plato
νῦν δʼ οὐ ῥᾴδιον ἐν χρόνῳ ὀλίγῳ μεγάλας διαβολὰς ἀπολύεσθαι	plato
εἰ μὲν γὰρ τοῦτο λέγουσιν ὁμολογοίην ἂν ἔγωγε οὐ κατὰ τούτους εἶναι ῥήτωρ	plato
 ἐπεὶ καὶ ἄλλος ἀνήρ ἐστι Πάριος ἐνθάδε σοφὸς ὃν ἐγὼ ᾐσθόμην ἐπιδημοῦντα	plato
συνεπισκέψασθε δή ὦ ἄνδρες ᾗ μοι φαίνεται ταῦτα λέγειν	plato
ἐντεῦθεν ἐπʼ ἄλλον ᾖα τῶν ἐκείνου δοκούντων σοφωτέρων εἶναι καί μοι ταὐτὰ ταῦτα ἔδοξε καὶ ἐνταῦθα κἀκείνῳ καὶ ἄλλοις πολλοῖς ἀπηχθόμην	plato
Μέλητον μὲν οὖν ὡς ἐμοὶ δοκῶ καὶ νῦν ἀποπέφευγα καὶ οὐ μόνον ἀποπέφευγα ἀλλὰ παντὶ δῆλον τοῦτό γε ὅτι εἰ μὴ ἀνέβη Ἄνυτος καὶ Λύκων κατηγορήσοντες ἐμοῦ κἂν ὦφλε χιλίας δραχμάς οὐ μεταλαβὼν τὸ πέμπτον μέρος τῶν ψήφων	plato
 φαῦλοι γὰρ ἂν τῷ γε σῷ λόγῳ εἶεν τῶν ἡμιθέων ὅσοι ἐν Τροίᾳ τετελευτήκασιν οἵ τε ἄλλοι καὶ ὁ τῆς Θέτιδος υἱός ὃς τοσοῦτον τοῦ κινδύνου κατεφρόνησεν παρὰ τὸ αἰσχρόν τι ὑπομεῖναι ὥστε ἐπειδὴ εἶπεν ἡ μήτηρ αὐτῷ προθυμουμένῳ Ἕκτορα ἀποκτεῖναι θεὸς οὖσα οὑτωσί πως ὡς ἐγὼ οἶμαι	plato
 ἀλλὰ καὶ ὑμᾶς χρή ὦ ἄνδρες δικασταί εὐέλπιδας εἶναι πρὸς τὸν θάνατον καὶ ἕν τι τοῦτο διανοεῖσθαι ἀληθές ὅτι οὐκ ἔστιν ἀνδρὶ ἀγαθῷ κακὸν οὐδὲν οὔτε ζῶντι οὔτε τελευτήσαντι οὐδὲ ἀμελεῖται ὑπὸ θεῶν τὰ τούτου πράγματα	plato
 καὶ ἐάν τις ὑμῶν ἀμφισβητήσῃ καὶ φῇ ἐπιμελεῖσθαι οὐκ εὐθὺς ἀφήσω αὐτὸν οὐδʼ ἄπειμι ἀλλʼ ἐρήσομαι αὐτὸν καὶ ἐξετάσω καὶ ἐλέγξω καὶ ἐάν μοι μὴ δοκῇ κεκτῆσθαι ἀρετήν φάναι δέ ὀνειδιῶ ὅτι τὰ πλείστου ἄξια περὶ ἐλαχίστου ποιεῖται τὰ δὲ φαυλότερα περὶ πλείονος	plato
ἔστιν τις ἔφην ἐγώ ἢ οὔ	plato
δεῖ δὴ ὑμῖν τὴν ἐμὴν πλάνην ἐπιδεῖξαι ὥσπερ πόνους τινὰς πονοῦντος ἵνα μοι καὶ ἀνέλεγκτος ἡ μαντεία γένοιτο	plato
 ὡς δὲ οὐ μάτην ἐπόνουν οὐ δοκεῖ ὑμῖν καὶ τάδε τεκμήρια εἶναι τὸ πολλοὺς μὲν πολίτας τῶν ἀρετῆς ἐφιεμένων πολλοὺς δὲ ξένων ἐκ πάντων προαιρεῖσθαι ἐμοὶ ξυνεῖναι	xenophon
ἐάντʼ αὖ λέγω ὅτι καὶ τυγχάνει μέγιστον ἀγαθὸν ὂν ἀνθρώπῳ τοῦτο ἑκάστης ἡμέρας περὶ ἀρετῆς τοὺς λόγους ποιεῖσθαι καὶ τῶν ἄλλων περὶ ὧν ὑμεῖς ἐμοῦ ἀκούετε διαλεγομένου καὶ ἐμαυτὸν καὶ ἄλλους ἐξετάζοντος ὁ δὲ ἀνεξέταστος βίος οὐ βιωτὸς ἀνθρώπῳ ταῦτα δʼ ἔτι ἧττον πείσεσθέ μοι λέγοντι	plato
ταῦτα γὰρ κελεύει ὁ θεός εὖ ἴστε καὶ ἐγὼ οἴομαι οὐδέν πω ὑμῖν μεῖζον ἀγαθὸν γενέσθαι ἐν τῇ πόλει ἢ τὴν ἐμὴν τῷ θεῷ ὑπηρεσίαν	plato
οὐ γὰρ πάλαι ἴστε ὅτι ἐξ ὅτουπερ ἐγενόμην κατεψηφισμένος ἦν μου ὑπὸ τῆς φύσεως ὁ θάνατος	xenophon
ἐγὼ δέ γε ὦ ἄνδρες Ἀθηναῖοι ἀδικεῖν φημι Μέλητον ὅτι σπουδῇ χαριεντίζεται ῥᾳδίως εἰς ἀγῶνα καθιστὰς ἀνθρώπους περὶ πραγμάτων προσποιούμενος σπουδάζειν καὶ κήδεσθαι ὧν οὐδὲν τούτῳ πώποτε ἐμέλησεν	plato
μὰ Δίʼ ὦ ἄνδρες δικασταί ἐπεὶ τὸν μὲν ἥλιον λίθον φησὶν εἶναι τὴν δὲ σελήνην γῆν	plato
ἀλλʼ ἐγὼ οὐ τὰ πάντα εἰπεῖν τὰ ἐκ τῆς δίκης ἐσπούδασα ἀλλʼ ἤρκεσέ μοι δηλῶσαι ὅτι Σωκράτης τὸ μὲν μήτε περὶ θεοὺς ἀσεβῆσαι μήτε περὶ ἀνθρώπους ἄδικος φανῆναι περὶ παντὸς ἐποιεῖτο	xenophon
ἐρῶ δὲ ὑμῖν φορτικὰ μὲν καὶ δικανικά ἀληθῆ δέ	plato
ἢ δῆλον δὴ ὅτι κατὰ τὴν γραφὴν ἣν ἐγράψω θεοὺς διδάσκοντα μὴ νομίζειν οὓς ἡ πόλις νομίζει ἕτερα δὲ δαιμόνια καινά	plato
οὐδὲν δὲ δεινὸν μὴ ἐν ἐμοὶ στῇ	plato
 πρὸ οὖν τῶν κακῶν ὧν οἶδα ὅτι κακά ἐστιν ἃ μὴ οἶδα εἰ καὶ ἀγαθὰ ὄντα τυγχάνει οὐδέποτε φοβήσομαι οὐδὲ φεύξομαι	plato
 ἔγνων οὖν αὖ καὶ περὶ τῶν ποιητῶν ἐν ὀλίγῳ τοῦτο ὅτι οὐ σοφίᾳ ποιοῖεν ἃ ποιοῖεν ἀλλὰ φύσει τινὶ καὶ ἐνθουσιάζοντες ὥσπερ οἱ θεομάντεις καὶ οἱ χρησμῳδοί	plato
εἰ μὲν γὰρ ἦν μοι χρήματα ἐτιμησάμην ἂν χρημάτων ὅσα ἔμελλον ἐκτείσειν οὐδὲν γὰρ ἂν ἐβλάβην	plato
πολλοῦ γε δεῖ ὦ ἄνδρες Ἀθηναῖοι	plato
φέρε δή πότερον ἐμὲ εἰσάγεις δεῦρο ὡς διαφθείροντα τοὺς νέους καὶ πονηροτέρους ποιοῦντα ἑκόντα ἢ ἄκοντα	plato
οὐ γάρ ἐσθʼ αὕτη ἡ ἀπαλλαγὴ οὔτε πάνυ δυνατὴ οὔτε καλή ἀλλʼ ἐκείνη καὶ καλλίστη καὶ ῥᾴστη μὴ τοὺς ἄλλους κολούειν ἀλλʼ ἑαυτὸν παρασκευάζειν ὅπως ἔσται ὡς βέλτιστος	plato
καλὸς οὖν ἄν μοι ὁ βίος εἴη ἐξελθόντι τηλικῷδε ἀνθρώπῳ ἄλλην ἐξ ἄλλης πόλεως ἀμειβομένῳ καὶ ἐξελαυνομένῳ ζῆν	plato
οὐ γὰρ δοκῶ σοι ἀπολογεῖσθαι μελετῶν διαβεβιωκέναι	xenophon
τιμῶμαι οὖν τοσούτου ἐγγυηταὶ δὲ ὑμῖν ἔσονται τοῦ ἀργυρίου οὗτοι ἀξιόχρεῳ	plato
οὐχ ὁρᾷς τὰ Ἀθηναίων δικαστήρια ὡς πολλάκις μὲν οὐδὲν ἀδικοῦντας λόγῳ παραχθέντες ἀπέκτειναν πολλάκις δὲ ἀδικοῦντας ἢ ἐκ τοῦ λόγου οἰκτίσαντες ἢ ἐπιχαρίτως εἰπόντας ἀπέλυσαν	xenophon
 καὶ ταῦτα μὲν ἦν ἔτι δημοκρατουμένης τῆς πόλεως	plato
ἀποκρινέσθω ὦ ἄνδρες καὶ μὴ ἄλλα καὶ ἄλλα θορυβείτω	plato
 τὸ δʼ ἐν τῇ πολιορκίᾳ τοὺς μὲν ἄλλους οἰκτίρειν ἑαυτούς ἐμὲ δὲ μηδὲν ἀπορώτερον διάγειν ἢ ὅτε τὰ μάλιστα ἡ πόλις ηὐδαιμόνει	xenophon
πρὸς ἐμαυτὸν δʼ οὖν ἀπιὼν ἐλογιζόμην ὅτι τούτου μὲν τοῦ ἀνθρώπου ἐγὼ σοφώτερός εἰμι	plato
 καὶ εἴτε δὴ μηδεμία αἴσθησίς ἐστιν ἀλλʼ οἷον ὕπνος ἐπειδάν τις καθεύδων μηδʼ ὄναρ μηδὲν ὁρᾷ θαυμάσιον κέρδος ἂν εἴη ὁ θάνατοςἐγὼ γὰρ ἂν οἶμαι εἴ τινα ἐκλεξάμενον δέοι ταύτην τὴν νύκτα ἐν ᾗ οὕτω κατέδαρθεν ὥστε μηδὲ ὄναρ ἰδεῖν καὶ τὰς ἄλλας νύκτας τε καὶ ἡμέρας τὰς τοῦ βίου τοῦ ἑαυτοῦ ἀντιπαραθέντα ταύτῃ τῇ νυκτὶ δέοι σκεψάμενον εἰπεῖν πόσας ἄμεινον καὶ ἥδιον ἡμέρας καὶ νύκτας ταύτης τῆς νυκτὸς βεβίωκεν ἐν τῷ ἑαυτοῦ βίῳ οἶμαι ἂν μὴ ὅτι ἰδιώτην τινά ἀλλὰ τὸν μέγαν βασιλέα εὐαριθμήτους ἂν εὑρεῖν αὐτὸν ταύτας πρὸς τὰς ἄλλας ἡμέρας καὶ νύκταςεἰ οὖν τοιοῦτον ὁ θάνατός ἐστιν κέρδος ἔγωγε λέγω	plato
εἰ δέ τίς μέ φησιν ἄλλα λέγειν ἢ ταῦτα οὐδὲν λέγει	plato
οἱ μὲν μάλιστα εὐδοκιμοῦντες ἔδοξάν μοι ὀλίγου δεῖν τοῦ πλείστου ἐνδεεῖς εἶναι ζητοῦντι κατὰ τὸν θεόν ἄλλοι δὲ δοκοῦντες φαυλότεροι ἐπιεικέστεροι εἶναι ἄνδρες πρὸς τὸ φρονίμως ἔχειν	plato
 ταῦτα δʼ εἰπὼν οὐκ ἐψεύσατο ἀλλʼ ὁ νεανίσκος ἡσθεὶς οἴνῳ οὔτε νυκτὸς οὔτε ἡμέρας ἐπαύετο πίνων καὶ τέλος οὔτε τῇ ἑαυτοῦ πόλει οὔτε τοῖς φίλοις οὔτε αὑτῷ ἄξιος οὐδενὸς ἐγένετο	xenophon
ἀλλὰ τούτου πᾶν τοὐναντίον εὑρήσετε ὦ ἄνδρες πάντας ἐμοὶ βοηθεῖν ἑτοίμους τῷ διαφθείροντι τῷ κακὰ ἐργαζομένῳ τοὺς οἰκείους αὐτῶν ὥς φασι Μέλητος καὶ Ἄνυτος	plato
ὥστε με ἐμαυτὸν ἀνερωτᾶν ὑπὲρ τοῦ χρησμοῦ πότερα δεξαίμην ἂν οὕτως ὥσπερ ἔχω ἔχειν μήτε τι σοφὸς ὢν τὴν ἐκείνων σοφίαν μήτε ἀμαθὴς τὴν ἀμαθίαν ἢ ἀμφότερα ἃ ἐκεῖνοι ἔχουσιν ἔχειν	plato
τῆς γὰρ ἐμῆς εἰ δή τίς ἐστιν σοφία καὶ οἵα μάρτυρα ὑμῖν παρέξομαι τὸν θεὸν τὸν ἐν Δελφοῖς	plato
κινδυνεύει γάρ μοι τὸ συμβεβηκὸς τοῦτο ἀγαθὸν γεγονέναι καὶ οὐκ ἔσθʼ ὅπως ἡμεῖς ὀρθῶς ὑπολαμβάνομεν ὅσοι οἰόμεθα κακὸν εἶναι τὸ τεθνάναι	plato
 Ἑρμογένης μέντοι ὁ Ἱππονίκου ἑταῖρός τε ἦν αὐτῷ καὶ ἐξήγγειλε περὶ αὐτοῦ τοιαῦτα ὥστε πρέπουσαν φαίνεσθαι τὴν μεγαληγορίαν αὐτοῦ τῇ διανοίᾳ	xenophon
 νυνὶ δὲ συμβέβηκέ μοι ἅπερ ὁρᾶτε καὶ αὐτοί ταυτὶ ἅ γε δὴ οἰηθείη ἄν τις καὶ νομίζεται ἔσχατα κακῶν εἶναι	plato
σὺ δέ ὦ φίλτατε Ἀπολλόδωρε μᾶλλον ἐβούλου με ὁρᾶν δικαίως ἢ ἀδίκως ἀποθνῄσκοντα	xenophon
ἐγὼ δʼ ὦ ἄνδρες τούτῳ καὶ ἐνταῦθα ἴσως διαφέρω τῶν πολλῶν ἀνθρώπων καὶ εἰ δή τῳ σοφώτερός του φαίην εἶναι τούτῳ ἄν ὅτι οὐκ εἰδὼς ἱκανῶς περὶ τῶν ἐν Ἅιδου οὕτω καὶ οἴομαι οὐκ εἰδέναι	plato
ὥστε θαυμαστὸν ἔμοιγε δοκεῖ εἶναι ὅπως ποτὲ ἐφάνη ὑμῖν τοῦ θανάτου ἔργον ἄξιον ἐμοὶ εἰργασμένον	xenophon
καὶ γάρ εἰμι ἤδη ἐνταῦθα ἐν ᾧ μάλιστα ἄνθρωποι χρησμῳδοῦσιν ὅταν μέλλωσιν ἀποθανεῖσθαι	plato
ἴσως γὰρ ἄν μοι τούτου τιμήσαιτε	plato
ὡς ἔπος γὰρ εἰπεῖν ὀλίγου αὐτῶν ἅπαντες οἱ παρόντες ἂν βέλτιον ἔλεγον περὶ ὧν αὐτοὶ ἐπεποιήκεσαν	plato
ἐμὲ γὰρ ἐκείνη ἡ ἀρχὴ οὐκ ἐξέπληξεν οὕτως ἰσχυρὰ οὖσα ὥστε ἄδικόν τι ἐργάσασθαι ἀλλʼ ἐπειδὴ ἐκ τῆς θόλου ἐξήλθομεν οἱ μὲν τέτταρες ᾤχοντο εἰς Σαλαμῖνα καὶ ἤγαγον Λέοντα ἐγὼ δὲ ᾠχόμην ἀπιὼν οἴκαδε	plato
 τὸ δὲ δὴ μετὰ τοῦτο ἐπιθυμῶ ὑμῖν χρησμῳδῆσαι ὦ καταψηφισάμενοί μου	plato
 ἐντεῦθεν οὖν οἱ ὑπʼ αὐτῶν ἐξεταζόμενοι ἐμοὶ ὀργίζονται οὐχ αὑτοῖς καὶ λέγουσιν ὡς Σωκράτης τίς ἐστι μιαρώτατος καὶ διαφθείρει τοὺς νέους	plato
καὶ εἰ μέν τι ἀπὸ τούτων ἀπέλαυον καὶ μισθὸν λαμβάνων ταῦτα παρεκελευόμην εἶχον ἄν τινα λόγον	plato
καίτοι ἀληθές γε ὡς ἔπος εἰπεῖν οὐδὲν εἰρήκασιν	plato
καὶ γὰρ τῶν φίλων πολλοῖς δὴ ἐξαγγείλας τὰ τοῦ θεοῦ συμβουλεύματα οὐδεπώποτε ψευσάμενος ἐφάνην	xenophon
 ταῦτα ἐγώ σοι οὐ πείθομαι ὦ Μέλητε οἶμαι δὲ οὐδὲ ἄλλον ἀνθρώπων οὐδένα	plato
ἃ δὴ πολλοὺς καὶ ἄλλους καὶ ἀγαθοὺς ἄνδρας ᾕρηκεν οἶμαι δὲ καὶ αἱρήσει	plato
ὃ δὲ καὶ ἐν τοῖς ἔμπροσθεν ἔλεγον ὅτι πολλή μοι ἀπέχθεια γέγονεν καὶ πρὸς πολλούς εὖ ἴστε ὅτι ἀληθές ἐστιν	plato
ἐπειδὴ δὲ ὀλιγαρχία ἐγένετο οἱ τριάκοντα αὖ μεταπεμψάμενοί με πέμπτον αὐτὸν εἰς τὴν θόλον προσέταξαν ἀγαγεῖν ἐκ Σαλαμῖνος Λέοντα τὸν Σαλαμίνιον ἵνα ἀποθάνοι οἷα δὴ καὶ ἄλλοις ἐκεῖνοι πολλοῖς πολλὰ προσέταττον βουλόμενοι ὡς πλείστους ἀναπλῆσαι αἰτιῶν	plato
 ἀλλʼ ὦ Μέλητε οὐκ ἔστιν ὅπως σὺ ταῦτα οὐχὶ ἀποπειρώμενος ἡμῶν ἐγράψω τὴν γραφὴν ταύτην ἢ ἀπορῶν ὅτι ἐγκαλοῖς ἐμοὶ ἀληθὲς ἀδίκημα	plato
Εὔηνος ἔφη ὦ Σώκρατες Πάριος πέντε μνῶν	plato
ἢ γὰρ οἷον μηδὲν εἶναι μηδὲ αἴσθησιν μηδεμίαν μηδενὸς ἔχειν τὸν τεθνεῶτα ἢ κατὰ τὰ λεγόμενα μεταβολή τις τυγχάνει οὖσα καὶ μετοίκησις τῇ ψυχῇ τοῦ τόπου τοῦ ἐνθένδε εἰς ἄλλον τόπον	plato
ὁ μὲν γὰρ ὑμᾶς ποιεῖ εὐδαίμονας δοκεῖν εἶναι ἐγὼ δὲ εἶναι καὶ ὁ μὲν τροφῆς οὐδὲν δεῖται ἐγὼ δὲ δέομαι	plato
ὅμως τοῦτο μὲν ἴτω ὅπῃ τῷ θεῷ φίλον τῷ δὲ νόμῳ πειστέον καὶ ἀπολογητέον	plato
διὰ τοῦτο καὶ ἐμὲ οὐδαμοῦ ἀπέτρεψεν τὸ σημεῖον καὶ ἔγωγε τοῖς καταψηφισαμένοις μου καὶ τοῖς κατηγόροις οὐ πάνυ χαλεπαίνω	plato
ὡς δὲ ᾔσθετο ἄρα τοὺς παρεπομένους δακρύοντας τί τοῦτο	xenophon
 ὡς δʼ αὖ ταῦτʼ ἀκούσαντες οἱ δικασταὶ ἔτι μᾶλλον εἰκότως ἐθορύβουν αὖθις εἰπεῖν τὸν Σωκράτην	xenophon
ἐννοήσωμεν δὲ καὶ τῇδε ὡς πολλὴ ἐλπίς ἐστιν ἀγαθὸν αὐτὸ εἶναι	plato
 ἐπεὶ δὲ ταῦτα ἀκούοντες οἱ δικασταὶ ἐθορύβουν οἱ μὲν ἀπιστοῦντες τοῖς λεγομένοις οἱ δὲ καὶ φθονοῦντες εἰ καὶ παρὰ θεῶν μειζόνων ἢ αὐτοὶ τυγχάνοι πάλιν εἰπεῖν τὸν Σωκράτην	xenophon
 ἀπολογητέον δή ὦ ἄνδρες Ἀθηναῖοι καὶ ἐπιχειρητέον ὑμῶν ἐξελέσθαι τὴν διαβολὴν ἣν ὑμεῖς ἐν πολλῷ χρόνῳ ἔσχετε ταύτην ἐν οὕτως ὀλίγῳ χρόνῳ	plato
ταῦτα ὦ ἄνδρες Ἀθηναῖοι καὶ ἀληθῆ ἐστιν καὶ εὐέλεγκτα	plato
καὶ ἴσως ἂν διὰ ταῦτα ἀπέθανον εἰ μὴ ἡ ἀρχὴ διὰ ταχέων κατελύθη	plato
 ὅτι μὲν ὑμεῖς ὦ ἄνδρες Ἀθηναῖοι πεπόνθατε ὑπὸ τῶν ἐμῶν κατηγόρων οὐκ οἶδα	plato
 λέγε οὖν ἡμῖν τί ἐστιν ἵνα μὴ ἡμεῖς περὶ σοῦ αὐτοσχεδιάζωμεν	plato
εἰ μὴ σὺ βούλει ἀποκρίνεσθαι ἐγὼ σοὶ λέγω καὶ τοῖς ἄλλοις τουτοισί	plato
ὅμως δὲ δὴ λέγε ἡμῖν πῶς με φῂς διαφθείρειν ὦ Μέλητε τοὺς νεωτέρους	plato
καὶ μέντοι καὶ πάνυ ὦ ἄνδρες Ἀθηναῖοι τοῦτο ὑμῶν δέομαι καὶ παρίεμαι	plato
οἵδε τοὺς νέους παιδεύειν οἷοί τέ εἰσι καὶ βελτίους ποιοῦσιν	plato
 καὶ γὰρ τοῦτο αὐτὸ τὸ τοῦ Ὁμήρου οὐδʼ ἐγὼ ἀπὸ δρυὸς οὐδʼ ἀπὸ πέτρης πέφυκα ἀλλʼ ἐξ ἀνθρώπων ὥστε καὶ οἰκεῖοί μοί εἰσι καὶ ὑεῖς γε ὦ ἄνδρες Ἀθηναῖοι τρεῖς εἷς μὲν μειράκιον ἤδη δύο δὲ παιδία	plato
ἀνεῖλεν οὖν ἡ Πυθία μηδένα σοφώτερον εἶναι	plato
ταῦτα γὰρ ἑωρᾶτε καὶ αὐτοὶ ἐν τῇ Ἀριστοφάνους κωμῳδίᾳ Σωκράτη τινὰ ἐκεῖ περιφερόμενον φάσκοντά τε ἀεροβατεῖν καὶ ἄλλην πολλὴν φλυαρίαν φλυαροῦντα ὧν ἐγὼ οὐδὲν οὔτε μέγα οὔτε μικρὸν πέρι ἐπαΐω	plato
μάλιστα δὲ αὐτῶν ἓν ἐθαύμασα τῶν πολλῶν ὧν ἐψεύσαντο τοῦτο ἐν ᾧ ἔλεγον ὡς χρῆν ὑμᾶς εὐλαβεῖσθαι μὴ ὑπʼ ἐμοῦ ἐξαπατηθῆτε ὡς δεινοῦ ὄντος λέγειν	plato
τοὺς ὑεῖς μου ἐπειδὰν ἡβήσωσι τιμωρήσασθε ὦ ἄνδρες ταὐτὰ ταῦτα λυποῦντες ἅπερ ἐγὼ ὑμᾶς ἐλύπουν ἐὰν ὑμῖν δοκῶσιν ἢ χρημάτων ἢ ἄλλου του πρότερον ἐπιμελεῖσθαι ἢ ἀρετῆς καὶ ἐὰν δοκῶσί τι εἶναι μηδὲν ὄντες ὀνειδίζετε αὐτοῖς ὥσπερ ἐγὼ ὑμῖν ὅτι οὐκ ἐπιμελοῦνται ὧν δεῖ καὶ οἴονταί τι εἶναι ὄντες οὐδενὸς ἄξιοι	plato
 εἰ οὖν ὑμῶν οἱ δοκοῦντες διαφέρειν εἴτε σοφίᾳ εἴτε ἀνδρείᾳ εἴτε ἄλλῃ ᾑτινιοῦν ἀρετῇ τοιοῦτοι ἔσονται αἰσχρὸν ἂν εἴη	plato
πόθεν αἱ διαβολαί σοι αὗται γεγόνασιν	plato
εὖ γὰρ ἴστε ἐάν με ἀποκτείνητε τοιοῦτον ὄντα οἷον ἐγὼ λέγω οὐκ ἐμὲ μείζω βλάψετε ἢ ὑμᾶς αὐτούς	plato
 καὶ δὴ καὶ οἱ νέοι ταῦτα παρʼ ἐμοῦ μανθάνουσιν ἃ ἔξεστιν ἐνίοτε εἰ πάνυ πολλοῦ δραχμῆς ἐκ τῆς ὀρχήστρας πριαμένοις Σωκράτους καταγελᾶν ἐὰν προσποιῆται ἑαυτοῦ εἶναι ἄλλως τε καὶ οὕτως ἄτοπα ὄντα	plato
τούτου δὲ αἴτιόν ἐστιν ὃ ὑμεῖς ἐμοῦ πολλάκις ἀκηκόατε πολλαχοῦ λέγοντος ὅτι μοι θεῖόν τι καὶ δαιμόνιον γίγνεται φωνή ὃ δὴ καὶ ἐν τῇ γραφῇ ἐπικωμῳδῶν Μέλητος ἐγράψατο	plato
ἀκούσατε δή μοι τὰ συμβεβηκότα ἵνα εἰδῆτε ὅτι οὐδʼ ἂν ἑνὶ ὑπεικάθοιμι παρὰ τὸ δίκαιον δείσας θάνατον μὴ ὑπείκων δὲ ἀλλὰ κἂν ἀπολοίμην	plato
ἀλλὰ διὰ τί δή ποτε μετʼ ἐμοῦ χαίρουσί τινες πολὺν χρόνον διατρίβοντες	plato
 μάρτυρας δὲ αὖ ὑμῶν τοὺς πολλοὺς παρέχομαι καὶ ἀξιῶ ὑμᾶς ἀλλήλους διδάσκειν τε καὶ φράζειν ὅσοι ἐμοῦ πώποτε ἀκηκόατε διαλεγομένουπολλοὶ δὲ ὑμῶν οἱ τοιοῦτοί εἰσιν φράζετε οὖν ἀλλήλοις εἰ πώποτε ἢ μικρὸν ἢ μέγα ἤκουσέ τις ὑμῶν ἐμοῦ περὶ τῶν τοιούτων διαλεγομένου καὶ ἐκ τούτου γνώσεσθε ὅτι τοιαῦτʼ ἐστὶ καὶ τἆλλα περὶ ἐμοῦ ἃ οἱ πολλοὶ λέγουσιν	plato
καὶ τούτων πέρι ὁ ἀδελφὸς ὑμῖν αὐτοῦ οὑτοσὶ μαρτυρήσει ἐπειδὴ ἐκεῖνος τετελεύτηκεν	plato
 εἰ οὖν δεῖ με κατὰ τὸ δίκαιον τῆς ἀξίας τιμᾶσθαι τούτου τιμῶμαι ἐν πρυτανείῳ σιτήσεως	plato
ἀπῇα οὖν καὶ ἐντεῦθεν τῷ αὐτῷ οἰόμενος περιγεγονέναι ᾧπερ καὶ τῶν πολιτικῶν	plato
ἂν δὲ αἰσθάνωμαι χείρων γιγνόμενος καὶ καταμέμφωμαι ἐμαυτόν πῶς ἄν εἰπεῖν ἐγὼ ἔτι ἂν ἡδέως βιοτεύοιμι	xenophon
 ἐπὶ πόσῳ δʼ ἄν τις ὦ ἄνδρες δικασταί δέξαιτο ἐξετάσαι τὸν ἐπὶ Τροίαν ἀγαγόντα τὴν πολλὴν στρατιὰν ἢ Ὀδυσσέα ἢ Σίσυφον ἢ ἄλλους μυρίους ἄν τις εἴποι καὶ ἄνδρας καὶ γυναῖκας οἷς ἐκεῖ διαλέγεσθαι καὶ συνεῖναι καὶ ἐξετάζειν ἀμήχανον ἂν εἴη εὐδαιμονίας	plato
 ἀλλʼ οὔτε τότε ᾠήθην δεῖν ἕνεκα τοῦ κινδύνου πρᾶξαι οὐδὲν ἀνελεύθερον οὔτε νῦν μοι μεταμέλει οὕτως ἀπολογησαμένῳ ἀλλὰ πολὺ μᾶλλον αἱροῦμαι ὧδε ἀπολογησάμενος τεθνάναι ἢ ἐκείνως ζῆν	plato
ὅπερ γὰρ ἥδιστόν ἐστιν ᾔδειν ὁσίως μοι καὶ δικαίως ἅπαντα τὸν βίον βεβιωμένον	xenophon
 ὑμῖν γὰρ ὡς φίλοις οὖσιν ἐπιδεῖξαι ἐθέλω τὸ νυνί μοι συμβεβηκὸς τί ποτε νοεῖ	plato
καὶ ἔτυχεν ἡμῶν ἡ φυλὴ Ἀντιοχὶς πρυτανεύουσα ὅτε ὑμεῖς τοὺς δέκα στρατηγοὺς τοὺς οὐκ ἀνελομένους τοὺς ἐκ τῆς ναυμαχίας ἐβουλεύσασθε ἁθρόους κρίνειν παρανόμως ὡς ἐν τῷ ὑστέρῳ χρόνῳ πᾶσιν ὑμῖν ἔδοξεν	plato
ὅμως δὲ ὑμεῖς μηδὲ ταῦτʼ εἰκῇ πιστεύσητε τῷ θεῷ ἀλλὰ καθʼ ἓν ἕκαστον ἐπισκοπεῖτε ὧν εἶπεν ὁ θεός	xenophon
τά τε γὰρ ἄλλα εὐδαιμονέστεροί εἰσιν οἱ ἐκεῖ τῶν ἐνθάδε καὶ ἤδη τὸν λοιπὸν χρόνον ἀθάνατοί εἰσιν εἴπερ γε τὰ λεγόμενα ἀληθῆ	plato
καὶ ἐπειδάν μοι μὴ δοκῇ τῷ θεῷ βοηθῶν ἐνδείκνυμαι ὅτι οὐκ ἔστι σοφός	plato
τὸν δὲ λέγεται καταψήσαντα αὐτοῦ τὴν κεφαλὴν εἰπεῖν	xenophon
βροντὰς δὲ ἀμφιλέξει τις ἢ μὴ φωνεῖν ἢ μὴ μέγιστον οἰωνιστήριον εἶναι	xenophon
ἔοικα γοῦν τούτου γε σμικρῷ τινι αὐτῷ τούτῳ σοφώτερος εἶναι ὅτι ἃ μὴ οἶδα οὐδὲ οἴομαι εἰδέναι	plato
καὶ ἐγὼ ἅμα οὐκ εἴθισμαι ἐμαυτὸν ἀξιοῦν κακοῦ οὐδενός	plato
ὁμοίως γὰρ ἂν ἄτοπον εἴη ὥσπερ ἂν εἴ τις ἵππων μὲν παῖδας ἡγοῖτο ἢ καὶ ὄνων τοὺς ἡμιόνους ἵππους δὲ καὶ ὄνους μὴ ἡγοῖτο εἶναι	plato
 τοῖς δὲ ἀποψηφισαμένοις ἡδέως ἂν διαλεχθείην ὑπὲρ τοῦ γεγονότος τουτουῒ πράγματος ἐν ᾧ οἱ ἄρχοντες ἀσχολίαν ἄγουσι καὶ οὔπω ἔρχομαι οἷ ἐλθόντα με δεῖ τεθνάναι	plato
οἵουσπερ ἐγὼ πολλάκις ἑώρακά τινας ὅταν κρίνωνται δοκοῦντας μέν τι εἶναι θαυμάσια δὲ ἐργαζομένους ὡς δεινόν τι οἰομένους πείσεσθαι εἰ ἀποθανοῦνται ὥσπερ ἀθανάτων ἐσομένων ἂν ὑμεῖς αὐτοὺς μὴ ἀποκτείνητε	plato
 ἐάντε γὰρ λέγω ὅτι τῷ θεῷ ἀπειθεῖν τοῦτʼ ἐστὶν καὶ διὰ τοῦτʼ ἀδύνατον ἡσυχίαν ἄγειν οὐ πείσεσθέ μοι ὡς εἰρωνευομένῳ	plato
τί δὴ λέγοντες διέβαλλον οἱ διαβάλλοντες	plato
οὐ γὰρ δὴ ἔγωγε αὐτὴν ἐπίσταμαι ἀλλʼ ὅστις φησὶ ψεύδεταί τε καὶ ἐπὶ διαβολῇ τῇ ἐμῇ λέγει	plato
ἡ γὰρ εἰωθυῖά μοι μαντικὴ ἡ τοῦ δαιμονίου ἐν μὲν τῷ πρόσθεν χρόνῳ παντὶ πάνυ πυκνὴ ἀεὶ ἦν καὶ πάνυ ἐπὶ σμικροῖς ἐναντιουμένη εἴ τι μέλλοιμι μὴ ὀρθῶς πράξειν	plato
 τὸ γὰρ μὴ αἰσχυνθῆναι ὅτι αὐτίκα ὑπʼ ἐμοῦ ἐξελεγχθήσονται ἔργῳ ἐπειδὰν μηδʼ ὁπωστιοῦν φαίνωμαι δεινὸς λέγειν τοῦτό μοι ἔδοξεν αὐτῶν ἀναισχυντότατον εἶναι εἰ μὴ ἄρα δεινὸν καλοῦσιν οὗτοι λέγειν τὸν τἀληθῆ λέγοντα	plato
οὐκ οἶσθα ὅτι μέχρι μὲν τοῦδε οὐδενὶ ἀνθρώπων ὑφείμην ἂν βέλτιον ἐμοῦ βεβιωκέναι	xenophon
 ὀρθῶς δὲ οἱ θεοὶ τότε μου ἠναντιοῦντο φάναι αὐτόν τῇ τοῦ λόγου ἐπισκέψει ὅτε ἐδόκει ἡμῖν ζητητέα εἶναι ἐκ παντὸς τρόπου τὰ ἀποφευκτικά	xenophon
 ἐπεὶ καὶ τοῦτό γέ μοι δοκεῖ καλὸν εἶναι εἴ τις οἷός τʼ εἴη παιδεύειν ἀνθρώπους ὥσπερ Γοργίας τε ὁ Λεοντῖνος καὶ Πρόδικος ὁ Κεῖος καὶ Ἱππίας ὁ Ἠλεῖος	plato
 πρῶτον μὲν οὖν δίκαιός εἰμι ἀπολογήσασθαι ὦ ἄνδρες Ἀθηναῖοι πρὸς τὰ πρῶτά μου ψευδῆ κατηγορημένα καὶ τοὺς πρώτους κατηγόρους ἔπειτα δὲ πρὸς τὰ ὕστερον καὶ τοὺς ὑστέρους	plato
 οὔτε γὰρ ἐν δίκῃ οὔτʼ ἐν πολέμῳ οὔτʼ ἐμὲ οὔτʼ ἄλλον οὐδένα δεῖ τοῦτο μηχανᾶσθαι ὅπως ἀποφεύξεται πᾶν ποιῶν θάνατον	plato
ἀλλὰ μείζω μέν ὦ ἄνδρες εἶπεν ὁ θεὸς ἐν χρησμοῖς περὶ Λυκούργου τοῦ Λακεδαιμονίοις νομοθετήσαντος ἢ περὶ ἐμοῦ	xenophon
ἴθι δή νυν εἰπὲ τούτοις τίς αὐτοὺς βελτίους ποιεῖ	plato
καὶ γὰρ οὗτοι λέγουσι μὲν πολλὰ καὶ καλά ἴσασιν δὲ οὐδὲν ὧν λέγουσι	plato
ἀναλαμβάνων οὖν αὐτῶν τὰ ποιήματα ἅ μοι ἐδόκει μάλιστα πεπραγματεῦσθαι αὐτοῖς διηρώτων ἂν αὐτοὺς τί λέγοιεν ἵνʼ ἅμα τι καὶ μανθάνοιμι παρʼ αὐτῶν	plato
ἀλλʼ ὦ ἄνδρες τοὺς μὲν διδάσκοντας τοὺς μάρτυρας ὡς χρὴ ἐπιορκοῦντας καταψευδομαρτυρεῖν ἐμοῦ καὶ τοὺς πειθομένους τούτοις ἀνάγκη ἐστὶ πολλὴν ἑαυτοῖς συνειδέναι ἀσέβειαν καὶ ἀδικίαν	xenophon
 σκέψασθε δὴ ὧν ἕνεκα ταῦτα λέγω	plato
ἔσθʼ ὅστις ἵππους μὲν οὐ νομίζει ἱππικὰ δὲ πράγματα	plato
πέπεισμαι ἐγὼ ἑκὼν εἶναι μηδένα ἀδικεῖν ἀνθρώπων ἀλλὰ ὑμᾶς τοῦτο οὐ πείθω	plato
καίτοι ἐν ἄλλοις λόγοις πολλαχοῦ δή με ἐπέσχε λέγοντα μεταξύ	plato
 ἀλλὰ γάρ ὦ ἄνδρες Ἀθηναῖοι ὡς μὲν ἐγὼ οὐκ ἀδικῶ κατὰ τὴν Μελήτου γραφήν οὐ πολλῆς μοι δοκεῖ εἶναι ἀπολογίας ἀλλὰ ἱκανὰ καὶ ταῦτα	plato
 οὐκοῦν εἰπεῖν τὸν Σωκράτην θαυμαστὸν καὶ τοῦτό σοι δοκεῖ εἶναι τὸ ἐν μὲν ταῖς ἄλλαις πράξεσι μὴ μόνον ἰσομοιρίας τυγχάνειν τοὺς κρατίστους ἀλλὰ καὶ προτετιμῆσθαι ἐμὲ δέ ὅτι περὶ τοῦ μεγίστου ἀγαθοῦ ἀνθρώποις περὶ παιδείας βέλτιστος εἶναι ὑπό τινων προκρίνομαι τούτου ἕνεκα θανάτου ὑπὸ σοῦ διώκεσθαι	xenophon
 πλείους ἔσονται ὑμᾶς οἱ ἐλέγχοντες οὓς νῦν ἐγὼ κατεῖχον ὑμεῖς δὲ οὐκ ᾐσθάνεσθε	plato
τὸν μὲν γὰρ διαφθείροντα ἐξευρών ὡς φῄς ἐμέ εἰσάγεις τουτοισὶ καὶ κατηγορεῖς	plato
ταῦτα λέγω ὡς τὸ παράπαν οὐ νομίζεις θεούς	plato
τούτου δὲ τοῦ ἐγκλήματος ἓν ἕκαστον ἐξετάσωμεν	plato
 οὐκ αὐθαδιζόμενος ὦ ἄνδρες Ἀθηναῖοι οὐδʼ ὑμᾶς ἀτιμάζων ἀλλʼ εἰ μὲν θαρραλέως ἐγὼ ἔχω πρὸς θάνατον ἢ μή ἄλλος λόγος πρὸς δʼ οὖν δόξαν καὶ ἐμοὶ καὶ ὑμῖν καὶ ὅλῃ τῇ πόλει οὔ μοι δοκεῖ καλὸν εἶναι ἐμὲ τούτων οὐδὲν ποιεῖν καὶ τηλικόνδε ὄντα καὶ τοῦτο τοὔνομα ἔχοντα εἴτʼ οὖν ἀληθὲς εἴτʼ οὖν ψεῦδος ἀλλʼ οὖν δεδογμένον γέ ἐστί τῳ Σωκράτη διαφέρειν τῶν πολλῶν ἀνθρώπων	plato
ἐγὼ γὰρ δὴ οὔτε μέγα οὔτε σμικρὸν σύνοιδα ἐμαυτῷ σοφὸς ὤν	plato
ἐμαυτῷ γὰρ συνῄδη οὐδὲν ἐπισταμένῳ ὡς ἔπος εἰπεῖν τούτους δέ γʼ ᾔδη ὅτι εὑρήσοιμι πολλὰ καὶ καλὰ ἐπισταμένους	plato
 ἅτε οὖν οἶμαι φιλότιμοι ὄντες καὶ σφοδροὶ καὶ πολλοί καὶ συντεταμένως καὶ πιθανῶς λέγοντες περὶ ἐμοῦ ἐμπεπλήκασιν ὑμῶν τὰ ὦτα καὶ πάλαι καὶ σφοδρῶς διαβάλλοντες	plato
ἐμὲ δὲ θεῷ μὲν οὐκ εἴκασεν ἀνθρώπων δὲ πολλῷ προέκρινεν ὑπερφέρειν	xenophon
ἄλλοι δὲ ἄρα αὐτὰς οἴσουσι ῥᾳδίως	plato
ἐκείνου δὲ τί φήσομεν αἴτιον εἶναι τοῦ πάντας εἰδέναι ὅτι ἐγὼ ἥκιστʼ ἂν ἔχοιμι χρήματα ἀντιδιδόναι ὅμως πολλοὺς ἐπιθυμεῖν ἐμοί τι δωρεῖσθαι	xenophon
τὸ δὲ τοὺς ἄλλους μὲν τὰς εὐπαθείας ἐκ τῆς ἀγορᾶς πολυτελεῖς πορίζεσθαι ἐμὲ δὲ ἐκ τῆς ψυχῆς ἄνευ δαπάνης ἡδίους ἐκείνων μηχανᾶσθαι	xenophon
ἀλλʼ ὦ πρὸς Διός οὑτωσί σοι δοκῶ	plato
ἔτι γὰρ καὶ νῦν πολὺ καλλίους ὕμνους παρέχεται Ὀδυσσέως τοῦ ἀδίκως ἀποκτείναντος αὐτόν	xenophon
καὶ πολὺν μὲν χρόνον ἠπόρουν τί ποτε λέγει	plato
Ἄνυτος μὲν δὴ διὰ τὴν τοῦ υἱοῦ πονηρὰν παιδείαν καὶ διὰ τὴν αὑτοῦ ἀγνωμοσύνην ἔτι καὶ τετελευτηκὼς τυγχάνει κακοδοξίας	xenophon
καὶ οὐχ ὡς ἀτιμάζων λέγω τὴν τοιαύτην ἐπιστήμην εἴ τις περὶ τῶν τοιούτων σοφός ἐστινμή πως ἐγὼ ὑπὸ Μελήτου τοσαύτας δίκας φεύγοιμι ἀλλὰ γὰρ ἐμοὶ τούτων ὦ ἄνδρες Ἀθηναῖοι οὐδὲν μέτεστιν	plato
δοκεῖν γὰρ εἰδέναι ἐστὶν ἃ οὐκ οἶδεν	plato
ταῦτʼ οὖν ἐγὼ μὲν ἔτι καὶ νῦν περιιὼν ζητῶ καὶ ἐρευνῶ κατὰ τὸν θεὸν καὶ τῶν ἀστῶν καὶ ξένων ἄν τινα οἴωμαι σοφὸν εἶναι	plato
ἐπεὶ γὰρ ἔγνω τοῦ ἔτι ζῆν τὸ τεθνάναι αὐτῷ κρεῖττον εἶναι ὥσπερ οὐδὲ πρὸς τἆλλα τἀγαθὰ προσάντης ἦν οὐδὲ πρὸς τὸν θάνατον ἐμαλακίσατο ἀλλʼ ἱλαρῶς καὶ προσεδέχετο αὐτὸν καὶ ἐπετελέσατο	xenophon
καὶ ταῦτά γε ἀγαθὸν τοιοῦτον ὅτι ἂν πρέποι ἐμοί	plato
οὐ γὰρ ἔστιν ὅστις ἀνθρώπων σωθήσεται οὔτε ὑμῖν οὔτε ἄλλῳ πλήθει οὐδενὶ γνησίως ἐναντιούμενος καὶ διακωλύων πολλὰ ἄδικα καὶ παράνομα ἐν τῇ πόλει γίγνεσθαι ἀλλʼ ἀναγκαῖόν ἐστι τὸν τῷ ὄντι μαχούμενον ὑπὲρ τοῦ δικαίου καὶ εἰ μέλλει ὀλίγον χρόνον σωθήσεσθαι ἰδιωτεύειν ἀλλὰ μὴ δημοσιεύειν	plato
λέγεται γὰρ εἰς τὸν ναὸν εἰσιόντα προσειπεῖν αὐτόν	xenophon
πρὸς δὲ Μέλητον τὸν ἀγαθὸν καὶ φιλόπολιν ὥς φησι καὶ τοὺς ὑστέρους μετὰ ταῦτα πειράσομαι ἀπολογήσασθαι	plato
 ἐπεί ὡς ἐγᾦμαι εἰ ἦν ὑμῖν νόμος ὥσπερ καὶ ἄλλοις ἀνθρώποις περὶ θανάτου μὴ μίαν ἡμέραν μόνον κρίνειν ἀλλὰ πολλάς ἐπείσθητε ἄν	plato
κἄπειτα οἶμαι εὑρίσκουσι πολλὴν ἀφθονίαν οἰομένων μὲν εἰδέναι τι ἀνθρώπων εἰδότων δὲ ὀλίγα ἢ οὐδέν	plato
 ὴ αὐτὸν οἴει φροντίσαι θανάτου καὶ κινδύνου	plato
εἰ μὲν οὖν ταῦτα λέγων διαφθείρω τοὺς νέους ταῦτʼ ἂν εἴη βλαβερά	plato
κινδυνεύει μὲν γὰρ ἡμῶν οὐδέτερος οὐδὲν καλὸν κἀγαθὸν εἰδέναι ἀλλʼ οὗτος μὲν οἴεταί τι εἰδέναι οὐκ εἰδώς ἐγὼ δέ ὥσπερ οὖν οὐκ οἶδα οὐδὲ οἴομαι	plato
ἂν γὰρ νῦν κατακριθῇ μου δῆλον ὅτι ἐξέσται μοι τῇ τελευτῇ χρῆσθαι ἣ ῥᾴστη μὲν ὑπὸ τῶν τούτου ἐπιμεληθέντων κέκριται ἀπραγμονεστάτη δὲ τοῖς φίλοις πλεῖστον δὲ πόθον ἐμποιοῦσα τῶν τελευτώντων	xenophon
νῦν δὲ οὐ γὰρ ἔστιν εἰ μὴ ἄρα ὅσον ἂν ἐγὼ δυναίμην ἐκτεῖσαι τοσούτου βούλεσθέ μοι τιμῆσαι	plato
ἐὰν διὰ τῶν αὐτῶν λόγων ἀκούητέ μου ἀπολογουμένου διʼ ὧνπερ εἴωθα λέγειν καὶ ἐν ἀγορᾷ ἐπὶ τῶν τραπεζῶν ἵνα ὑμῶν πολλοὶ ἀκηκόασι καὶ ἄλλοθι μήτε θαυμάζειν μήτε θορυβεῖν τούτου ἕνεκα	plato
ὥστε φημὶ αὐτὸν ἐπὶ τῇ δουλοπρεπεῖ διατριβῇ ἣν ὁ πατὴρ αὐτῷ παρεσκεύακεν οὐ διαμενεῖν	xenophon
 ὥσπερ οὖν ἄν εἰ τῷ ὄντι ξένος ἐτύγχανον ὤν συνεγιγνώσκετε δήπου ἄν μοι εἰ ἐν ἐκείνῃ τῇ φωνῇ τε καὶ τῷ τρόπῳ ἔλεγον ἐν οἷσπερ ἐτεθράμμην καὶ δὴ καὶ νῦν τοῦτο ὑμῶν δέομαι δίκαιον ὥς γέ μοι δοκῶ τὸν μὲν τρόπον τῆς λέξεως ἐᾶνἴσως μὲν γὰρ χείρων ἴσως δὲ βελτίων ἂν εἴηαὐτὸ δὲ τοῦτο σκοπεῖν καὶ τούτῳ τὸν νοῦν προσέχειν εἰ δίκαια λέγω ἢ μή	plato
εὖ μέντοι ἴστε πᾶσαν ὑμῖν τὴν ἀλήθειαν ἐρῶ	plato
 καί μοι μὴ ἄχθεσθε λέγοντι τἀληθῆ	plato
ἀλλʼ ἐκεῖνοι δεινότεροι ὦ ἄνδρες οἳ ὑμῶν τοὺς πολλοὺς ἐκ παίδων παραλαμβάνοντες ἔπειθόν τε καὶ κατηγόρουν ἐμοῦ μᾶλλον οὐδὲν ἀληθές ὡς ἔστιν τις Σωκράτης σοφὸς ἀνήρ τά τε μετέωρα φροντιστὴς καὶ τὰ ὑπὸ γῆς πάντα ἀνεζητηκὼς καὶ τὸν ἥττω λόγον κρείττω ποιῶν	plato
 οἱ μὲν βελτίους ποιοῦντες αὐτοὺς πάντες ἄνθρωποι εἶναι εἷς δέ τις ὁ διαφθείρων	plato
νῦν δέ ὡς ἔοικεν εἰ τριάκοντα μόναι μετέπεσον τῶν ψήφων ἀπεπεφεύγη ἄν	plato
 ἐκ ταυτησὶ δὴ τῆς ἐξετάσεως ὦ ἄνδρες Ἀθηναῖοι πολλαὶ μὲν ἀπέχθειαί μοι γεγόνασι καὶ οἷαι χαλεπώταται καὶ βαρύταται ὥστε πολλὰς διαβολὰς ἀπʼ αὐτῶν γεγονέναι ὄνομα δὲ τοῦτο λέγεσθαι σοφὸς εἶναι	plato
 ὑμεῖς δέ ὅπερ κατʼ ἀρχὰς ὑμᾶς παρῃτησάμην μέμνησθέ μοι μὴ θορυβεῖν ἐὰν ἐν τῷ εἰωθότι τρόπῳ τοὺς λόγους ποιῶμαι	plato
 ἀλλὰ γάρ ὦ Μέλητε ἱκανῶς ἐπιδείκνυσαι ὅτι οὐδεπώποτε ἐφρόντισας τῶν νέων καὶ σαφῶς ἀποφαίνεις τὴν σαυτοῦ ἀμέλειαν ὅτι οὐδέν σοι μεμέληκεν περὶ ὧν ἐμὲ εἰσάγεις	plato
 καὶ ἄλλους πολλοὺς ἐγὼ ἔχω ὑμῖν εἰπεῖν ὧν τινα ἐχρῆν μάλιστα μὲν ἐν τῷ ἑαυτοῦ λόγῳ παρασχέσθαι Μέλητον μάρτυρα	plato
ὥσπερ οὖν κατηγόρων τὴν ἀντωμοσίαν δεῖ ἀναγνῶναι αὐτῶν	plato
ἐγὼ δʼ οὖν καὶ αὐτὸς ὑπʼ αὐτῶν ὀλίγου ἐμαυτοῦ ἐπελαθόμην οὕτω πιθανῶς ἔλεγον	plato
καίτοι οὐκ αἰσχρόν σοι δοκεῖ εἶναι καὶ ἱκανὸν τεκμήριον οὗ δὴ ἐγὼ λέγω ὅτι σοι οὐδὲν μεμέληκεν	plato
οὐ γὰρ ἐμὸν ἐρῶ τὸν λόγον ὃν ἂν λέγω ἀλλʼ εἰς ἀξιόχρεων ὑμῖν τὸν λέγοντα ἀνοίσω	plato
εἰ δέ τις τῶν ἀρετῆς ἐφιεμένων ὠφελιμωτέρῳ τινὶ Σωκράτους συνεγένετο ἐκεῖνον ἐγὼ τὸν ἄνδρα ἀξιομακαριστότατον νομίζω	xenophon
 ὁρᾷς ὦ Μέλητε ὅτι σιγᾷς καὶ οὐκ ἔχεις εἰπεῖν	plato
 καὶ ἴστε δὴ οἷος ἦν Χαιρεφῶν ὡς σφοδρὸς ἐφʼ ὅτι ὁρμήσειεν	plato
ἄγε δὴ ἀκούσατε καὶ ἄλλα ἵνα ἔτι μᾶλλον οἱ βουλόμενοι ὑμῶν ἀπιστῶσι τῷ ἐμὲ τετιμῆσθαι ὑπὸ δαιμόνων	xenophon
πρῶτον μὲν γὰρ κελευόμενος ὑποτιμᾶσθαι οὔτε αὐτὸς ὑπετιμήσατο οὔτε τοὺς φίλους εἴασεν ἀλλὰ καὶ ἔλεγεν ὅτι τὸ ὑποτιμᾶσθαι ὁμολογοῦντος εἴη ἀδικεῖν	xenophon
ἐμοὶ δὲ τοῦτο ὡς ἐγώ φημι προστέτακται ὑπὸ τοῦ θεοῦ πράττειν καὶ ἐκ μαντείων καὶ ἐξ ἐνυπνίων καὶ παντὶ τρόπῳ ᾧπέρ τίς ποτε καὶ ἄλλη θεία μοῖρα ἀνθρώπῳ καὶ ὁτιοῦν προσέταξε πράττειν	plato
 εἰ γάρ τις ἀφικόμενος εἰς Ἅιδου ἀπαλλαγεὶς τουτωνὶ τῶν φασκόντων δικαστῶν εἶναι εὑρήσει τοὺς ὡς ἀληθῶς δικαστάς οἵπερ καὶ λέγονται ἐκεῖ δικάζειν Μίνως τε καὶ Ῥαδάμανθυς καὶ Αἰακὸς καὶ Τριπτόλεμος καὶ ἄλλοι ὅσοι τῶν ἡμιθέων δίκαιοι ἐγένοντο ἐν τῷ ἑαυτῶν βίῳ ἆρα φαύλη ἂν εἴη ἡ ἀποδημία	plato
 ἴσως οὖν ὑμῖν καὶ ταυτὶ λέγων παραπλησίως δοκῶ λέγειν ὥσπερ περὶ τοῦ οἴκτου καὶ τῆς ἀντιβολήσεως ἀπαυθαδιζόμενος	plato
αἰσχύνομαι οὖν ὑμῖν εἰπεῖν ὦ ἄνδρες τἀληθῆ	plato
ὡς δὲ τοῦτο οὕτως ἔχει πειράσομαι καὶ ὑμῖν ἐπιδεῖξαι	plato
καὶ δή ποτε καὶ εἰς Δελφοὺς ἐλθὼν ἐτόλμησε τοῦτο μαντεύσασθαικαί ὅπερ λέγω μὴ θορυβεῖτε ὦ ἄνδρεςἤρετο γὰρ δὴ εἴ τις ἐμοῦ εἴη σοφώτερος	plato
εὖ γὰρ ἴστε ὦ ἄνδρες Ἀθηναῖοι εἰ ἐγὼ πάλαι ἐπεχείρησα πράττειν τὰ πολιτικὰ πράγματα πάλαι ἂν ἀπολώλη καὶ οὔτʼ ἂν ὑμᾶς ὠφελήκη οὐδὲν οὔτʼ ἂν ἐμαυτόν	plato
ἔστιν ὅστις ἀνθρώπων ὦ Μέλητε ἀνθρώπεια μὲν νομίζει πράγματʼ εἶναι ἀνθρώπους δὲ οὐ νομίζει	plato
 μετὰ γὰρ τοὺς πολιτικοὺς ᾖα ἐπὶ τοὺς ποιητὰς τούς τε τῶν τραγῳδιῶν καὶ τοὺς τῶν διθυράμβων καὶ τοὺς ἄλλους ὡς ἐνταῦθα ἐπʼ αὐτοφώρῳ καταληψόμενος ἐμαυτὸν ἀμαθέστερον ἐκείνων ὄντα	plato
καὶ οὕτω καταφρονεῖς τῶνδε καὶ οἴει αὐτοὺς ἀπείρους γραμμάτων εἶναι ὥστε οὐκ εἰδέναι ὅτι τὰ Ἀναξαγόρου βιβλία τοῦ Κλαζομενίου γέμει τούτων τῶν λόγων	plato
τοῦτʼ ἔστιν ὅ μοι ἐναντιοῦται τὰ πολιτικὰ πράττειν καὶ παγκάλως γέ μοι δοκεῖ ἐναντιοῦσθαι	plato
ἢ αὖ Ὀρφεῖ συγγενέσθαι καὶ Μουσαίῳ καὶ Ἡσιόδῳ καὶ Ὁμήρῳ ἐπὶ πόσῳ ἄν τις δέξαιτʼ ἂν ὑμῶν	plato
φημὶ γάρ ὦ ἄνδρες οἳ ἐμὲ ἀπεκτόνατε τιμωρίαν ὑμῖν ἥξειν εὐθὺς μετὰ τὸν ἐμὸν θάνατον πολὺ χαλεπωτέραν νὴ Δία ἢ οἵαν ἐμὲ ἀπεκτόνατε	plato
οἱ γὰρ ἀκούοντες ἡγοῦνται τοὺς ταῦτα ζητοῦντας οὐδὲ θεοὺς νομίζειν	plato
πάντως οὐ δήπου τούτου γε ἕνεκα οἱ ἐκεῖ ἀποκτείνουσι	plato
 ἀλλʼ ὦ ἄνδρες Ἀθηναῖοι ταὐτόν μοι ἔδοξαν ἔχειν ἁμάρτημα ὅπερ καὶ οἱ ποιηταὶ καὶ οἱ ἀγαθοὶ δημιουργοίδιὰ τὸ τὴν τέχνην καλῶς ἐξεργάζεσθαι ἕκαστος ἠξίου καὶ τἆλλα τὰ μέγιστα σοφώτατος εἶναικαὶ αὐτῶν αὕτη ἡ πλημμέλεια ἐκείνην τὴν σοφίαν ἀποκρύπτειν	plato
οὐκοῦν εἴπερ δαίμονας ἡγοῦμαι ὡς σὺ φῄς εἰ μὲν θεοί τινές εἰσιν οἱ δαίμονες τοῦτʼ ἂν εἴη ὃ ἐγώ φημί σε αἰνίττεσθαι καὶ χαριεντίζεσθαι θεοὺς οὐχ ἡγούμενον φάναι με θεοὺς αὖ ἡγεῖσθαι πάλιν ἐπειδήπερ γε δαίμονας ἡγοῦμαι	plato
 ἀλλὰ μέντοι καὶ τὸ προειδέναι γε τὸν θεὸν τὸ μέλλον καὶ τὸ προσημαίνειν ᾧ βούλεται καὶ τοῦτο ὥσπερ ἐγώ φημι οὕτω πάντες καὶ λέγουσι καὶ νομίζουσιν	xenophon
καὶ ἴσως μὲν δόξω τισὶν ὑμῶν παίζειν	plato
 νῦν δὲ εἰ ἔτι προβήσεται ἡ ἡλικία οἶδʼ ὅτι ἀνάγκη ἔσται τὰ τοῦ γήρως ἐπιτελεῖσθαι καὶ ὁρᾶν τε χεῖρον καὶ ἀκούειν ἧττον καὶ δυσμαθέστερον εἶναι καὶ ὧν ἔμαθον ἐπιλησμονέστερον	xenophon
ἐμοὶ δὲ οὔτε ἐξιόντι ἕωθεν οἴκοθεν ἠναντιώθη τὸ τοῦ θεοῦ σημεῖον οὔτε ἡνίκα ἀνέβαινον ἐνταυθοῖ ἐπὶ τὸ δικαστήριον οὔτε ἐν τῷ λόγῳ οὐδαμοῦ μέλλοντί τι ἐρεῖν	plato
πρὸς δὲ τούτοις οἱ νέοι μοι ἐπακολουθοῦντεςοἷς μάλιστα σχολή ἐστιν οἱ τῶν πλουσιωτάτωναὐτόματοι χαίρουσιν ἀκούοντες ἐξεταζομένων τῶν ἀνθρώπων καὶ αὐτοὶ πολλάκις ἐμὲ μιμοῦνται εἶτα ἐπιχειροῦσιν ἄλλους ἐξετάζειν	plato
ἐμοὶ μὲν οὖν δοκεῖ θεοφιλοῦς μοίρας τετυχηκέναι	xenophon
μὴ οὖν ἀξιοῦτέ με ὦ ἄνδρες Ἀθηναῖοι τοιαῦτα δεῖν πρὸς ὑμᾶς πράττειν ἃ μήτε ἡγοῦμαι καλὰ εἶναι μήτε δίκαια μήτε ὅσια ἄλλως τε μέντοι νὴ Δία πάντως καὶ ἀσεβείας φεύγοντα ὑπὸ Μελήτου τουτουΐ	plato
 λέγω δὲ καὶ τόδε πρὸς τοὺς αὐτοὺς τούτους	plato
μέλλω γὰρ ὑμᾶς διδάξειν ὅθεν μοι ἡ διαβολὴ γέγονεν	plato
πρὸς αὐτῶν τοίνυν ὦ Μέλητε τούτων τῶν θεῶν ὧν νῦν ὁ λόγος ἐστίν εἰπὲ ἔτι σαφέστερον καὶ ἐμοὶ καὶ τοῖς ἀνδράσιν τουτοισί	plato
καίτοι οὐ ταύτῃ τῇ διανοίᾳ κατεψηφίζοντό μου καὶ κατηγόρουν ἀλλʼ οἰόμενοι βλάπτειν	plato
δῆλον γὰρ ὅτι ἐὰν μάθω παύσομαι ὅ γε ἄκων ποιῶ	plato
 εἰ δʼ αὖ οἷον ἀποδημῆσαί ἐστιν ὁ θάνατος ἐνθένδε εἰς ἄλλον τόπον καὶ ἀληθῆ ἐστιν τὰ λεγόμενα ὡς ἄρα ἐκεῖ εἰσι πάντες οἱ τεθνεῶτες τί μεῖζον ἀγαθὸν τούτου εἴη ἄν ὦ ἄνδρες δικασταί	plato
καὶ ἐπειδάν τις αὐτοὺς ἐρωτᾷ ὅτι ποιῶν καὶ ὅτι διδάσκων ἔχουσι μὲν οὐδὲν εἰπεῖν ἀλλʼ ἀγνοοῦσιν ἵνα δὲ μὴ δοκῶσιν ἀπορεῖν τὰ κατὰ πάντων τῶν φιλοσοφούντων πρόχειρα ταῦτα λέγουσιν ὅτι τὰ μετέωρα καὶ τὰ ὑπὸ γῆς καὶ θεοὺς μὴ νομίζειν καὶ τὸν ἥττω λόγον κρείττω ποιεῖν	plato
 ἐγὼ γάρ ὦ ἄνδρες Ἀθηναῖοι ἄλλην μὲν ἀρχὴν οὐδεμίαν πώποτε ἦρξα ἐν τῇ πόλει ἐβούλευσα δέ	plato
ἀλλὰ ταὐτόν μοί ἐστιν ὅπερ νυνδὴ ἔλεγον	plato
 ἀλλʼ οὐδὲ μέντοι ὅτι ἀδίκως ἀποθνῄσκω διὰ τοῦτο μεῖον φρονητέον	xenophon
 οὐδὲν γὰρ ἄλλο πράττων ἐγὼ περιέρχομαι ἢ πείθων ὑμῶν καὶ νεωτέρους καὶ πρεσβυτέρους μήτε σωμάτων ἐπιμελεῖσθαι μήτε χρημάτων πρότερον μηδὲ οὕτω σφόδρα ὡς τῆς ψυχῆς ὅπως ὡς ἀρίστη ἔσται λέγων ὅτι οὐκ ἐκ χρημάτων ἀρετὴ γίγνεται ἀλλʼ ἐξ ἀρετῆς χρήματα καὶ τὰ ἄλλα ἀγαθὰ τοῖς ἀνθρώποις ἅπαντα καὶ ἰδίᾳ καὶ δημοσίᾳ	plato
οὐ γὰρ δὴ καὶ στρατηγοὺς αἱρεῖσθε καὶ πρὸ πατέρων καὶ πρὸ ἀδελφῶν καὶ ναὶ μὰ Δία γε ὑμεῖς πρὸ ὑμῶν αὐτῶν οὓς ἂν ἡγῆσθε περὶ τῶν πολεμικῶν φρονιμωτάτους εἶναι	xenophon
ὁμολογῶ φάναι τὸν Σωκράτην περί γε παιδείας	xenophon
 καὶ νῦν ἐγὼ μὲν ἅτε βραδὺς ὢν καὶ πρεσβύτης ὑπὸ τοῦ βραδυτέρου ἑάλων οἱ δʼ ἐμοὶ κατήγοροι ἅτε δεινοὶ καὶ ὀξεῖς ὄντες ὑπὸ τοῦ θάττονος τῆς κακίας	plato
οὐχ οὕτως ἔχει ὦ Μέλητε καὶ περὶ ἵππων καὶ τῶν ἄλλων ἁπάντων ζῴων	plato
οὕτω γὰρ ἔχει ὦ ἄνδρες Ἀθηναῖοι τῇ ἀληθείᾳ	plato
 ἐγὼ γὰρ οὐ δύναμαι μαθεῖν πότερον λέγεις διδάσκειν με νομίζειν εἶναί τινας θεούςκαὶ αὐτὸς ἄρα νομίζω εἶναι θεοὺς καὶ οὐκ εἰμὶ τὸ παράπαν ἄθεος οὐδὲ ταύτῃ ἀδικῶ οὐ μέντοι οὕσπερ γε ἡ πόλις ἀλλὰ ἑτέρους καὶ τοῦτʼ ἔστιν ὅ μοι ἐγκαλεῖς ὅτι ἑτέρους ἢ παντάπασί με φῂς οὔτε αὐτὸν νομίζειν θεοὺς τούς τε ἄλλους ταῦτα διδάσκειν	plato
σὺ δὲ εἰπὲ εἴ τινα οἶσθα ὑπʼ ἐμοῦ γεγενημένον ἢ ἐξ εὐσεβοῦς ἀνόσιον ἢ ἐκ σώφρονος ὑβριστὴν ἢ ἐξ εὐδιαίτου πολυδάπανον ἢ ἐκ μετριοπότου οἰνόφλυγα ἢ ἐκ φιλοπόνου μαλακὸν ἢ ἄλλης πονηρᾶς ἡδονῆς ἡττημένον	xenophon
ὅπως δὲ σύ τινα πείθοις ἂν καὶ σμικρὸν νοῦν ἔχοντα ἀνθρώπων ὡς οὐ τοῦ αὐτοῦ ἔστιν καὶ δαιμόνια καὶ θεῖα ἡγεῖσθαι καὶ αὖ τοῦ αὐτοῦ μήτε δαίμονας μήτε θεοὺς μήτε ἥρωας οὐδεμία μηχανή ἐστιν	plato
καὶ ἄλλαι μηχαναὶ πολλαί εἰσιν ἐν ἑκάστοις τοῖς κινδύνοις ὥστε διαφεύγειν θάνατον ἐάν τις τολμᾷ πᾶν ποιεῖν καὶ λέγειν	plato
ἐγὼ μὲν γὰρ πολλάκις ἐθέλω τεθνάναι εἰ ταῦτʼ ἔστιν ἀληθῆ	plato
καὶ χαλεπώτεροι ἔσονται ὅσῳ νεώτεροί εἰσιν καὶ ὑμεῖς μᾶλλον ἀγανακτήσετε	plato
ἐγὼ δὲ δὴ τίνος ὑμῖν ἀντιτιμήσομαι ὦ ἄνδρες Ἀθηναῖοι	plato
ὁρᾶτε γὰρ δὴ τὴν ἡλικίαν ὅτι πόρρω ἤδη ἐστὶ τοῦ βίου θανάτου δὲ ἐγγύς	plato
 Σωκράτους δὲ ἄξιόν μοι δοκεῖ εἶναι μεμνῆσθαι καὶ ὡς ἐπειδὴ ἐκλήθη εἰς τὴν δίκην ἐβουλεύσατο περί τε τῆς ἀπολογίας καὶ τῆς τελευτῆς τοῦ βίου	xenophon
τίνα δὲ ἀνθρώπων ἐλευθεριώτερον ὃς παρʼ οὐδενὸς οὔτε δῶρα οὔτε μισθὸν δέχομαι	xenophon
ἀλλὰ μέντοι εἰ μὲν ἀγαθῶν ἐπιρρεόντων προαπόλλυμαι δῆλον ὅτι ἐμοὶ καὶ τοῖς ἐμοῖς εὔνοις λυπητέον	xenophon
τὸν δὲ τὸ μὲν πρῶτον ἀποκρίνασθαι	xenophon
 ἴσως δέ τοι φάναι αὐτόν καὶ ὁ θεὸς διʼ εὐμένειαν προξενεῖ μοι οὐ μόνον τὸ ἐν καιρῷ τῆς ἡλικίας καταλῦσαι τὸν βίον ἀλλὰ καὶ τὸ ᾗ ῥᾷστα	xenophon
οὐχ οἱ μὲν πονηροὶ κακόν τι ἐργάζονται τοὺς ἀεὶ ἐγγυτάτω αὑτῶν ὄντας οἱ δʼ ἀγαθοὶ ἀγαθόν τι	plato
ὁπότεροι δὲ ἡμῶν ἔρχονται ἐπὶ ἄμεινον πρᾶγμα ἄδηλον παντὶ πλὴν ἢ τῷ θεῷ	plato
ἀλλά μοι ὦ ἄνδρες παραμείνατε τοσοῦτον χρόνον	plato
ἦ καὶ περὶ ἵππους οὕτω σοι δοκεῖ ἔχειν	plato
ἔτι δὲ ἡμῖν εἰπέ ὦ πρὸς Διὸς Μέλητε πότερόν ἐστιν οἰκεῖν ἄμεινον ἐν πολίταις χρηστοῖς ἢ πονηροῖς	plato
οὗ ἄν τις ἑαυτὸν τάξῃ ἡγησάμενος βέλτιστον εἶναι ἢ ὑπʼ ἄρχοντος ταχθῇ ἐνταῦθα δεῖ ὡς ἐμοὶ δοκεῖ μένοντα κινδυνεύειν μηδὲν ὑπολογιζόμενον μήτε θάνατον μήτε ἄλλο μηδὲν πρὸ τοῦ αἰσχροῦ	plato
περὶ δὲ ὑγιείας τοῖς ἰατροῖς μᾶλλον οἱ ἄνθρωποι πείθονται ἢ τοῖς γονεῦσι	xenophon
ἄλλο τι ἢ περὶ πλείστου ποιῇ ὅπως ὡς βέλτιστοι οἱ νεώτεροι ἔσονται	plato
θαυμαστὰ λέγεις τὸν δʼ αὖ ἀποκρίνασθαι	xenophon
οὐδὲ γὰρ ἂν ἄλλος ἀνθρώπων οὐδείς	plato
μέλλω γὰρ οὖν ἄττα ὑμῖν ἐρεῖν καὶ ἄλλα ἐφʼ οἷς ἴσως βοήσεσθε	plato
τί οὖν πρέπει ἀνδρὶ πένητι εὐεργέτῃ δεομένῳ ἄγειν σχολὴν ἐπὶ τῇ ὑμετέρᾳ παρακελεύσει	plato
 ἴσως ἂν οὖν δόξειεν ἄτοπον εἶναι ὅτι δὴ ἐγὼ ἰδίᾳ μὲν ταῦτα συμβουλεύω περιιὼν καὶ πολυπραγμονῶ δημοσίᾳ δὲ οὐ τολμῶ ἀναβαίνων εἰς τὸ πλῆθος τὸ ὑμέτερον συμβουλεύειν τῇ πόλει	plato
καὶ ὀμώμοκεν οὐ χαριεῖσθαι οἷς ἂν δοκῇ αὐτῷ ἀλλὰ δικάσειν κατὰ τοὺς νόμους	plato
εἰ δὲ δαιμόνια νομίζω καὶ δαίμονας δήπου πολλὴ ἀνάγκη νομίζειν μέ ἐστιν	plato
διασκοπῶν οὖν τοῦτονὀνόματι γὰρ οὐδὲν δέομαι λέγειν ἦν δέ τις τῶν πολιτικῶν πρὸς ὃν ἐγὼ σκοπῶν τοιοῦτόν τι ἔπαθον ὦ ἄνδρες Ἀθηναῖοι καὶ διαλεγόμενος αὐτῷἔδοξέ μοι οὗτος ὁ ἀνὴρ δοκεῖν μὲν εἶναι σοφὸς ἄλλοις τε πολλοῖς ἀνθρώποις καὶ μάλιστα ἑαυτῷ εἶναι δʼ οὔ	plato
 καὶ ἐὰν ταῦτα ποιῆτε δίκαια πεπονθὼς ἐγὼ ἔσομαι ὑφʼ ὑμῶν αὐτός τε καὶ οἱ ὑεῖς	plato
τοιοῦτόν τί μοι ἐφάνησαν πάθος καὶ οἱ ποιηταὶ πεπονθότες καὶ ἅμα ᾐσθόμην αὐτῶν διὰ τὴν ποίησιν οἰομένων καὶ τἆλλα σοφωτάτων εἶναι ἀνθρώπων ἃ οὐκ ἦσαν	plato
 δεινόν τἂν εἴη καὶ ὡς ἀληθῶς τότʼ ἄν με δικαίως εἰσάγοι τις εἰς δικαστήριον ὅτι οὐ νομίζω θεοὺς εἶναι ἀπειθῶν τῇ μαντείᾳ καὶ δεδιὼς θάνατον καὶ οἰόμενος σοφὸς εἶναι οὐκ ὤν	plato
 ταῦτα γάρ ὦ ἄνδρες Ἀθηναῖοι οὔτε ὑμᾶς χρὴ ποιεῖν τοὺς δοκοῦντας καὶ ὁπῃοῦν τι εἶναι οὔτʼ ἂν ἡμεῖς ποιῶμεν ὑμᾶς ἐπιτρέπειν ἀλλὰ τοῦτο αὐτὸ ἐνδείκνυσθαι ὅτι πολὺ μᾶλλον καταψηφιεῖσθε τοῦ τὰ ἐλεινὰ ταῦτα δράματα εἰσάγοντος καὶ καταγέλαστον τὴν πόλιν ποιοῦντος ἢ τοῦ ἡσυχίαν ἄγοντος	plato
ὑπολάβοι ἂν οὖν τις ὑμῶν ἴσως	plato
Χαιρεφῶντος γάρ ποτε ἐπερωτῶντος ἐν Δελφοῖς περὶ ἐμοῦ πολλῶν παρόντων ἀνεῖλεν ὁ Ἀπόλλων μηδένα εἶναι ἀνθρώπων ἐμοῦ μήτε ἐλευθεριώτερον μήτε δικαιότερον μήτε σωφρονέστερον	xenophon
 καὶ τούτων ὑμῖν ἔσονται πολλοὶ μάρτυρες	plato
 ὃ δὲ πάντων ἀλογώτατον ὅτι οὐδὲ τὰ ὀνόματα οἷόν τε αὐτῶν εἰδέναι καὶ εἰπεῖν πλὴν εἴ τις κωμῳδοποιὸς τυγχάνει ὤν	plato
τούτων γὰρ ἕκαστος ὦ ἄνδρες οἷός τʼ ἐστὶν ἰὼν εἰς ἑκάστην τῶν πόλεων τοὺς νέουςοἷς ἔξεστι τῶν ἑαυτῶν πολιτῶν προῖκα συνεῖναι ᾧ ἂν βούλωνταιτούτους πείθουσι τὰς ἐκείνων συνουσίας ἀπολιπόντας σφίσιν συνεῖναι χρήματα διδόντας καὶ χάριν προσειδέναι	plato
μὴ θορυβεῖτε ὦ ἄνδρες Ἀθηναῖοι ἀλλʼ ἐμμείνατέ μοι οἷς ἐδεήθην ὑμῶν μὴ θορυβεῖν ἐφʼ οἷς ἂν λέγω ἀλλʼ ἀκούειν	plato
ἴσως με οἴεσθε ὦ ἄνδρες Ἀθηναῖοι ἀπορίᾳ λόγων ἑαλωκέναι τοιούτων οἷς ἂν ὑμᾶς ἔπεισα εἰ ᾤμην δεῖν ἅπαντα ποιεῖν καὶ λέγειν ὥστε ἀποφυγεῖν τὴν δίκην	plato
ὅτι δὲ οὕτως ἐγίγνωσκε καταδηλότερον ἐγένετο ἐπειδὴ καὶ ἡ δίκη κατεψηφίσθη	xenophon
νῦν γὰρ τοῦτο εἴργασθε οἰόμενοι μὲν ἀπαλλάξεσθαι τοῦ διδόναι ἔλεγχον τοῦ βίου τὸ δὲ ὑμῖν πολὺ ἐναντίον ἀποβήσεται ὡς ἐγώ φημι	plato
 οὐ πολλοῦ γʼ ἕνεκα χρόνου ὦ ἄνδρες Ἀθηναῖοι ὄνομα ἕξετε καὶ αἰτίαν ὑπὸ τῶν βουλομένων τὴν πόλιν λοιδορεῖν ὡς Σωκράτη ἀπεκτόνατε ἄνδρα σοφόνφήσουσι γὰρ δὴ σοφὸν εἶναι εἰ καὶ μή εἰμι οἱ βουλόμενοι ὑμῖν ὀνειδίζειν εἰ γοῦν περιεμείνατε ὀλίγον χρόνον ἀπὸ τοῦ αὐτομάτου ἂν ὑμῖν τοῦτο ἐγένετο	plato
εἰ γὰρ τοῦτο διεπραξάμην δῆλον ὅτι ἡτοιμασάμην ἂν ἀντὶ τοῦ ἤδη λῆξαι τοῦ βίου ἢ νόσοις ἀλγυνόμενος τελευτῆσαι ἢ γήρᾳ εἰς ὃ πάντα τὰ χαλεπὰ συρρεῖ καὶ μάλα ἔρημα τῶν εὐφροσυνῶν	xenophon
 ἔοικεν γὰρ ὥσπερ αἴνιγμα συντιθέντι διαπειρωμένῳ ἆρα γνώσεται Σωκράτης ὁ σοφὸς δὴ ἐμοῦ χαριεντιζομένου καὶ ἐναντίʼ ἐμαυτῷ λέγοντος ἢ ἐξαπατήσω αὐτὸν καὶ τοὺς ἄλλους τοὺς ἀκούοντας	plato
νῦν δὲ οὐδαμοῦ περὶ ταύτην τὴν πρᾶξιν οὔτʼ ἐν ἔργῳ οὐδενὶ οὔτʼ ἐν λόγῳ ἠναντίωταί μοι	plato
οἶδʼ ὅτι καὶ ἐμοὶ μαρτυρήσεται ὑπό τε τοῦ ἐπιόντος καὶ ὑπὸ τοῦ παρεληλυθότος χρόνου ὅτι ἠδίκησα μὲν οὐδένα πώποτε οὐδὲ πονηρότερον ἐποίησα εὐηργέτουν δὲ τοὺς ἐμοὶ διαλεγομένους προῖκα διδάσκων ὅ τι ἐδυνάμην ἀγαθόν	xenophon
 ἐρρήθη μὲν δῆλον ὅτι τούτων πλείω ὑπό τε αὐτοῦ καὶ τῶν συναγορευόντων φίλων αὐτῷ	xenophon
τὸ δʼ ἐμὲ μὲν μηδʼ ὑφʼ ἑνὸς ἀπαιτεῖσθαι εὐεργεσίας ἐμοὶ δὲ πολλοὺς ὁμολογεῖν χάριτας ὀφείλειν	xenophon
 καὶ φαίνεται τοῦτον λέγειν τὸν Σωκράτη προσκεχρῆσθαι δὲ τῷ ἐμῷ ὀνόματι ἐμὲ παράδειγμα ποιούμενος ὥσπερ ἂν εἰ εἴποι ὅτι οὗτος ὑμῶν ὦ ἄνθρωποι σοφώτατός ἐστιν ὅστις ὥσπερ Σωκράτης ἔγνωκεν ὅτι οὐδενὸς ἄξιός ἐστι τῇ ἀληθείᾳ πρὸς σοφίαν	plato
νῦν οὖν ὦ ἄνδρες Ἀθηναῖοι πολλοῦ δέω ἐγὼ ὑπὲρ ἐμαυτοῦ ἀπολογεῖσθαι ὥς τις ἂν οἴοιτο ἀλλὰ ὑπὲρ ὑμῶν μή τι ἐξαμάρτητε περὶ τὴν τοῦ θεοῦ δόσιν ὑμῖν ἐμοῦ καταψηφισάμενοι	plato
ἐγὼ δὲ διδάσκαλος μὲν οὐδενὸς πώποτʼ ἐγενόμην	plato
 τάχα δʼ ἄν τις ὑμῶν ἀγανακτήσειεν ἀναμνησθεὶς ἑαυτοῦ εἰ ὁ μὲν καὶ ἐλάττω τουτουῒ τοῦ ἀγῶνος ἀγῶνα ἀγωνιζόμενος ἐδεήθη τε καὶ ἱκέτευσε τοὺς δικαστὰς μετὰ πολλῶν δακρύων παιδία τε αὑτοῦ ἀναβιβασάμενος ἵνα ὅτι μάλιστα ἐλεηθείη καὶ ἄλλους τῶν οἰκείων καὶ φίλων πολλούς ἐγὼ δὲ οὐδὲν ἄρα τούτων ποιήσω καὶ ταῦτα κινδυνεύων ὡς ἂν δόξαιμι τὸν ἔσχατον κίνδυνον	plato
καὶ τοῦτʼ ἔστιν ὃ ἐμὲ αἱρεῖ ἐάνπερ αἱρῇ οὐ Μέλητος οὐδὲ Ἄνυτος ἀλλʼ ἡ τῶν πολλῶν διαβολή τε καὶ φθόνος	plato
καὶ γὰρ οἱ φθόγγοις οἰωνῶν καὶ οἱ φήμαις ἀνθρώπων χρώμενοι φωναῖς δήπου τεκμαίρονται	xenophon
 ἀλλʼ οὐ τοῦτο ἐρωτῶ ὦ βέλτιστε ἀλλὰ τίς ἄνθρωπος ὅστις πρῶτον καὶ αὐτὸ τοῦτο οἶδε τοὺς νόμους	plato
 ἐγὼ γοῦν καὶ αὐτὸς ἐκαλλυνόμην τε καὶ ἡβρυνόμην ἂν εἰ ἠπιστάμην ταῦτα	plato
 ἀλλʼ οἱ μὲν οἰωνούς τε καὶ φήμας καὶ συμβόλους τε καὶ μάντεις ὀνομάζουσι τοὺς προσημαίνοντας εἶναι ἐγὼ δὲ τοῦτο δαιμόνιον καλῶ καὶ οἶμαι οὕτως ὀνομάζων καὶ ἀληθέστερα καὶ ὁσιώτερα λέγειν τῶν τοῖς ὄρνισιν ἀνατιθέντων τὴν τῶν θεῶν δύναμιν	xenophon
οὐδὲ γὰρ ἀναβιβάσασθαι οἷόν τʼ ἐστὶν αὐτῶν ἐνταυθοῖ οὐδʼ ἐλέγξαι οὐδένα ἀλλʼ ἀνάγκη ἀτεχνῶς ὥσπερ σκιαμαχεῖν ἀπολογούμενόν τε καὶ ἐλέγχειν μηδενὸς ἀποκρινομένου	plato
 πολλοῦ γε δεῖ ὦ ἄνδρες Ἀθηναῖοι	plato
 ἔπειτα τῶν ἑταίρων ἐκκλέψαι βουλομένων αὐτὸν οὐκ ἐφείπετο ἀλλὰ καὶ ἐπισκῶψαι ἐδόκει ἐρόμενος εἴ που εἰδεῖέν τι χωρίον ἔξω τῆς Ἀττικῆς ἔνθα οὐ προσβατὸν θανάτῳ	xenophon
ἐφʼ οἷς γε μὴν ἔργοις κεῖται θάνατος ἡ ζημία ἱεροσυλίᾳ τοιχωρυχίᾳ ἀνδραποδίσει πόλεως προδοσίᾳ οὐδʼ αὐτοὶ οἱ ἀντίδικοι τούτων πρᾶξαί τι κατʼ ἐμοῦ φασιν	xenophon
 τὸ μὲν μὴ ἀγανακτεῖν ὦ ἄνδρες Ἀθηναῖοι ἐπὶ τούτῳ τῷ γεγονότι ὅτι μου κατεψηφίσασθε ἄλλα τέ μοι πολλὰ συμβάλλεται καὶ οὐκ ἀνέλπιστόν μοι γέγονεν τὸ γεγονὸς τοῦτο ἀλλὰ πολὺ μᾶλλον θαυμάζω ἑκατέρων τῶν ψήφων τὸν γεγονότα ἀριθμόν	plato
τί δὴ οὖν οὐδὲν τούτων ποιήσω	plato
τίς ἦν δʼ ἐγώ καὶ ποδαπός καὶ πόσου διδάσκει	plato
ταῦτα γὰρ ἐγὼ ἀκούσας ἐνεθυμούμην οὑτωσί	plato
οἶμαι γάρ σε ἐσκέφθαι διὰ τὴν τῶν ὑέων κτῆσιν	plato
 τὸ μὲν δὴ ἔγκλημα τοιοῦτόν ἐστιν	plato
οὗτος γὰρ ἐμοὶ φαίνεται τὰ ἐναντία λέγειν αὐτὸς ἑαυτῷ ἐν τῇ γραφῇ ὥσπερ ἂν εἰ εἴποι	plato
ἡ δὲ Πυθοῖ ἐν τῷ τρίποδι ἱέρεια οὐ καὶ αὐτὴ φωνῇ τὰ παρὰ τοῦ θεοῦ διαγγέλλει	xenophon
 ὅτι δʼ ἐγὼ τυγχάνω ὢν τοιοῦτος οἷος ὑπὸ τοῦ θεοῦ τῇ πόλει δεδόσθαι ἐνθένδε ἂν κατανοήσαιτε	plato
ταῦτα μέν που ἴσως οὕτως καὶ ἔδει σχεῖν καὶ οἶμαι αὐτὰ μετρίως ἔχειν	plato
οὐδὲ γὰρ ἔγωγε ἀντὶ Διὸς καὶ Ἥρας καὶ τῶν σὺν τούτοις θεῶν οὔτε θύων τισὶ καινοῖς δαίμοσιν οὔτε ὀμνὺς οὔτε νομίζων ἄλλους θεοὺς ἀναπέφηνα	xenophon
κἂν μὲν τούτους ἀπελαύνω οὗτοί με αὐτοὶ ἐξελῶσι πείθοντες τοὺς πρεσβυτέρους	plato
 αὐτοὶ μὲν γὰρ οἱ διεφθαρμένοι τάχʼ ἂν λόγον ἔχοιεν βοηθοῦντες	plato
 τότε μέντοι ἐγὼ οὐ λόγῳ ἀλλʼ ἔργῳ αὖ ἐνεδειξάμην ὅτι ἐμοὶ θανάτου μὲν μέλει εἰ μὴ ἀγροικότερον ἦν εἰπεῖν οὐδʼ ὁτιοῦν τοῦ δὲ μηδὲν ἄδικον μηδʼ ἀνόσιον ἐργάζεσθαι τούτου δὲ τὸ πᾶν μέλει	plato
 ἀλλὰ χρημάτων καὶ δεδέσθαι ἕως ἂν ἐκτείσω	plato
 ἐπεὶ ἔμοιγε καὶ αὐτῷ θαυμαστὴ ἂν εἴη ἡ διατριβὴ αὐτόθι ὁπότε ἐντύχοιμι Παλαμήδει καὶ Αἴαντι τῷ Τελαμῶνος καὶ εἴ τις ἄλλος τῶν παλαιῶν διὰ κρίσιν ἄδικον τέθνηκεν ἀντιπαραβάλλοντι τὰ ἐμαυτοῦ πάθη πρὸς τὰ ἐκείνωνὡς ἐγὼ οἶμαι οὐκ ἂν ἀηδὲς εἴηκαὶ δὴ τὸ μέγιστον τοὺς ἐκεῖ ἐξετάζοντα καὶ ἐρευνῶντα ὥσπερ τοὺς ἐνταῦθα διάγειν τίς αὐτῶν σοφός ἐστιν καὶ τίς οἴεται μέν ἔστιν δʼ οὔ	plato
αὖθις γὰρ δή ὥσπερ ἑτέρων τούτων ὄντων κατηγόρων λάβωμεν αὖ τὴν τούτων ἀντωμοσίαν	plato
ἀλλʼ ὅμως οὐδένα αὐτῶν δεῦρο ἀναβιβασάμενος δεήσομαι ὑμῶν ἀποψηφίσασθαι	plato
οἳ ἐμοὶ δοκοῦσιν αἰσχύνην τῇ πόλει περιάπτειν ὥστʼ ἄν τινα καὶ τῶν ξένων ὑπολαβεῖν ὅτι οἱ διαφέροντες Ἀθηναίων εἰς ἀρετήν οὓς αὐτοὶ ἑαυτῶν ἔν τε ταῖς ἀρχαῖς καὶ ταῖς ἄλλαις τιμαῖς προκρίνουσιν οὗτοι γυναικῶν οὐδὲν διαφέρουσιν	plato
καὶ ἐν ταῖς ἐκκλησίαις γε πάντες δήπου οἱ Ἀθηναῖοι τοῖς φρονιμώτατα λέγουσι πείθονται μᾶλλον ἢ τοῖς προσήκουσιν	xenophon
δικαστοῦ μὲν γὰρ αὕτη ἀρετή ῥήτορος δὲ τἀληθῆ λέγειν	plato
ἔτυχον γὰρ προσελθὼν ἀνδρὶ ὃς τετέλεκε χρήματα σοφισταῖς πλείω ἢ σύμπαντες οἱ ἄλλοι Καλλίᾳ τῷ Ἱππονίκου	plato
 ἐκ τούτων καὶ Μέλητός μοι ἐπέθετο καὶ Ἄνυτος καὶ Λύκων Μέλητος μὲν ὑπὲρ τῶν ποιητῶν ἀχθόμενος Ἄνυτος δὲ ὑπὲρ τῶν δημιουργῶν καὶ τῶν πολιτικῶν Λύκων δὲ ὑπὲρ τῶν ῥητόρων	plato
νομίζω τε γάρ ὦ ἄνδρες Ἀθηναῖοι ὡς οὐδεὶς τῶν ἐμῶν κατηγόρων καὶ ὑμῖν ἐπιτρέπω καὶ τῷ θεῷ κρῖναι περὶ ἐμοῦ ὅπῃ μέλλει ἐμοί τε ἄριστα εἶναι καὶ ὑμῖν	plato
ἀλλὰ ταῦτα οὗτος μὲν ἴσως οἴεται καὶ ἄλλος τίς που μεγάλα κακά ἐγὼ δʼ οὐκ οἴομαι ἀλλὰ πολὺ μᾶλλον ποιεῖν ἃ οὑτοσὶ νῦν ποιεῖ ἄνδρα ἀδίκως ἐπιχειρεῖν ἀποκτεινύναι	plato
ἐμὲ μὲν γὰρ οὐδὲν ἂν βλάψειεν οὔτε Μέλητος οὔτε Ἄνυτοςοὐδὲ γὰρ ἂν δύναιτοοὐ γὰρ οἴομαι θεμιτὸν εἶναι ἀμείνονι ἀνδρὶ ὑπὸ χείρονος βλάπτεσθαι	plato
 δικαιότερον δὲ τίνα ἂν εἰκότως νομίσαιτε τοῦ πρὸς τὰ παρόντα συνηρμοσμένου ὡς τῶν ἀλλοτρίων μηδενὸς προσδεῖσθαι	xenophon
 ἀξιώσατε οὖν καὶ ὑμεῖς ὥσπερ ἐγὼ λέγω διττούς μου τοὺς κατηγόρους γεγονέναι ἑτέρους μὲν τοὺς ἄρτι κατηγορήσαντας ἑτέρους δὲ τοὺς πάλαι οὓς ἐγὼ λέγω καὶ οἰήθητε δεῖν πρὸς ἐκείνους πρῶτόν με ἀπολογήσασθαι	plato
ἦ μὴ πάθω τοῦτο οὗ Μέλητός μοι τιμᾶται ὅ φημι οὐκ εἰδέναι οὔτʼ εἰ ἀγαθὸν οὔτʼ εἰ κακόν ἐστιν	plato
 τοὺς δὲ δαίμονας οὐχὶ ἤτοι θεούς γε ἡγούμεθα ἢ θεῶν παῖδας	plato
ἀλλʼ ὦ Σώκρατες τὸ σὸν τί ἐστι πρᾶγμα	plato
οὐ γὰρ ἔστι μοι χρήματα ὁπόθεν ἐκτείσω	plato
εἴ γε μὴν ὅσα εἴρηκα περὶ ἐμαυτοῦ μηδεὶς δύναιτʼ ἂν ἐξελέγξαι με ὡς ψεύδομαι πῶς οὐκ ἂν ἤδη δικαίως καὶ ὑπὸ θεῶν καὶ ὑπʼ ἀνθρώπων ἐπαινοίμην	xenophon
ταῦτα μὲν οὖν ὑμῖν τοῖς καταψηφισαμένοις μαντευσάμενος ἀπαλλάττομαι	plato
καὶ τούτου μὲν οὐκ ἐψεύσθην ἀλλʼ ἠπίσταντο ἃ ἐγὼ οὐκ ἠπιστάμην καί μου ταύτῃ σοφώτεροι ἦσαν	plato
ἀλλʼ ὁ μὲν ἀνὴρ ὅδε κυδρός ὡς μέγα τι καὶ καλὸν διαπεπραγμένος εἰ ἀπέκτονέ με ὅτι αὐτὸν τῶν μεγίστων ὑπὸ τῆς πόλεως ὁρῶν ἀξιούμενον οὐκ ἔφην χρῆναι τὸν υἱὸν περὶ βύρσας παιδεύειν	xenophon
δῆλον γὰρ ὅτι οἶσθα μέλον γέ σοι	plato
 καίτοι ἐπιστάμεθα μὲν δήπου τίνες εἰσὶ νέων διαφθοραί	xenophon
οὐδὲ ἥλιον οὐδὲ σελήνην ἄρα νομίζω θεοὺς εἶναι ὥσπερ οἱ ἄλλοι ἄνθρωποι	plato
 τὸ δὲ μὴ ἀποθανεῖν οὐκ ᾤετο λιπαρητέον εἶναι ἀλλὰ καὶ καιρὸν ἤδη ἐνόμιζεν ἑαυτῷ τελευτᾶν	xenophon
 εἰ γὰρ δὴ ἔγωγε τῶν νέων τοὺς μὲν διαφθείρω τοὺς δὲ διέφθαρκα χρῆν δήπου εἴτε τινὲς αὐτῶν πρεσβύτεροι γενόμενοι ἔγνωσαν ὅτι νέοις οὖσιν αὐτοῖς ἐγὼ κακὸν πώποτέ τι συνεβούλευσα νυνὶ αὐτοὺς ἀναβαίνοντας ἐμοῦ κατηγορεῖν καὶ τιμωρεῖσθαι	plato
 τοιοῦτος οὖν ἄλλος οὐ ῥᾳδίως ὑμῖν γενήσεται ὦ ἄνδρες ἀλλʼ ἐὰν ἐμοὶ πείθησθε φείσεσθέ μου	plato
ἀδικεῖ Σωκράτης θεοὺς οὐ νομίζων ἀλλὰ θεοὺς νομίζων	plato
ὦ παῖ εἰ τιμωρήσεις Πατρόκλῳ τῷ ἑταίρῳ τὸν φόνον καὶ Ἕκτορα ἀποκτενεῖς αὐτὸς ἀποθανῇαὐτίκα γάρ τοι φησί μεθʼ Ἕκτορα πότμος ἑτοῖμος ὁ δὲ τοῦτο ἀκούσας τοῦ μὲν θανάτου καὶ τοῦ κινδύνου ὠλιγώρησε πολὺ δὲ μᾶλλον δείσας τὸ ζῆν κακὸς ὢν καὶ τοῖς φίλοις μὴ τιμωρεῖν αὐτίκα φησί τεθναίην δίκην ἐπιθεὶς τῷ ἀδικοῦντι ἵνα μὴ ἐνθάδε μένω καταγέλαστος παρὰ νηυσὶ κορωνίσιν ἄχθος ἀρούρης	plato
 ἐγὼ μὲν δὴ κατανοῶν τοῦ ἀνδρὸς τήν τε σοφίαν καὶ τὴν γενναιότητα οὔτε μὴ μεμνῆσθαι δύναμαι αὐτοῦ οὔτε μεμνημένος μὴ οὐκ ἐπαινεῖν	xenophon
 οὗτος ἐμός τε ἑταῖρος ἦν ἐκ νέου καὶ ὑμῶν τῷ πλήθει ἑταῖρός τε καὶ συνέφυγε τὴν φυγὴν ταύτην καὶ μεθʼ ὑμῶν κατῆλθε	plato
τί οὖν ποτε λέγει φάσκων ἐμὲ σοφώτατον εἶναι	plato
 ἦλθον ἐπί τινα τῶν δοκούντων σοφῶν εἶναι ὡς ἐνταῦθα εἴπερ που ἐλέγξων τὸ μαντεῖον καὶ ἀποφανῶν τῷ χρησμῷ ὅτι οὑτοσὶ ἐμοῦ σοφώτερός ἐστι σὺ δʼ ἐμὲ ἔφησθα	plato
ἐκεῖνος γὰρ ἔφη ὁρῶν αὐτὸν περὶ πάντων μᾶλλον διαλεγόμενον ἢ περὶ τῆς δίκης εἰπεῖν	xenophon
σιγῶν δὲ καὶ ἡσυχίαν ἄγων ὦ Σώκρατες οὐχ οἷός τʼ ἔσῃ ἡμῖν ἐξελθὼν ζῆν	plato
 εἰ δή τις ὑμῶν οὕτως ἔχειοὐκ ἀξιῶ μὲν γὰρ ἔγωγε εἰ δʼ οὖνἐπιεικῆ ἄν μοι δοκῶ πρὸς τοῦτον λέγειν λέγων ὅτι ἐμοί ὦ ἄριστε εἰσὶν μέν πού τινες καὶ οἰκεῖοι	plato
τουτὶ δή ἐστι πάντων χαλεπώτατον πεῖσαί τινας ὑμῶν	plato
 μὰ Δίʼ εἰπεῖν αὐτόν ὦ Ἑρμόγενες ἐγὼ ταῦτα οὐδὲ προθυμήσομαι ἀλλʼ ὅσων νομίζω τετυχηκέναι καλῶν καὶ παρὰ θεῶν καὶ παρʼ ἀνθρώπων καὶ ἣν ἐγὼ δόξαν ἔχω περὶ ἐμαυτοῦ ταύτην ἀναφαίνων εἰ βαρυνῶ τοὺς δικαστάς αἱρήσομαι τελευτᾶν μᾶλλον ἢ ἀνελευθέρως τὸ ζῆν ἔτι προσαιτῶν κερδᾶναι τὸν πολὺ χείρω βίον ἀντὶ θανάτου	xenophon
καὶ γάρ ὡς ἐγὼ οἶμαι ὀνήσεσθε ἀκούοντες	plato
ταυτί μοι δοκεῖ δίκαια λέγειν ὁ λέγων κἀγὼ ὑμῖν πειράσομαι ἀποδεῖξαι τί ποτʼ ἐστὶν τοῦτο ὃ ἐμοὶ πεποίηκεν τό τε ὄνομα καὶ τὴν διαβολήν	plato
 μεγάλα δʼ ἔγωγε ὑμῖν τεκμήρια παρέξομαι τούτων οὐ λόγους ἀλλʼ ὃ ὑμεῖς τιμᾶτε ἔργα	plato
ἀλλὰ τοῦτο ἔγωγε ὦ Σώκρατες χαλεπώτατα φέρω ὅτι ὁρῶ σε ἀδίκως ἀποθνῄσκοντα	xenophon
 οὗτοι δὲ τάχʼ ἄν οὓς ἄρτι ἔλεγον μείζω τινὰ ἢ κατʼ ἄνθρωπον σοφίαν σοφοὶ εἶεν ἢ οὐκ ἔχω τί λέγω	plato
 τοσοῦτον σὺ ἐμοῦ σοφώτερος εἶ τηλικούτου ὄντος τηλικόσδε ὤν ὥστε σὺ μὲν ἔγνωκας ὅτι οἱ μὲν κακοὶ κακόν τι ἐργάζονται ἀεὶ τοὺς μάλιστα πλησίον ἑαυτῶν οἱ δὲ ἀγαθοὶ ἀγαθόν ἐγὼ δὲ δὴ εἰς τοσοῦτον ἀμαθίας ἥκω ὥστε καὶ τοῦτʼ ἀγνοῶ ὅτι ἐάν τινα μοχθηρὸν ποιήσω τῶν συνόντων κινδυνεύσω κακόν τι λαβεῖν ὑπʼ αὐτοῦ ὥστε τοῦτο τὸ τοσοῦτον κακὸν ἑκὼν ποιῶ ὡς φῂς σύ	plato
τὸ δὲ ἀδικεῖν καὶ ἀπειθεῖν τῷ βελτίονι καὶ θεῷ καὶ ἀνθρώπῳ ὅτι κακὸν καὶ αἰσχρόν ἐστιν οἶδα	plato
οὐ μέντοι μὰ Δία οὐδʼ ὁπωστιοῦν	plato
ἀλλὰ μὴ οὐ τοῦτʼ ᾖ χαλεπόν ὦ ἄνδρες θάνατον ἐκφυγεῖν ἀλλὰ πολὺ χαλεπώτερον πονηρίαν	plato
ἥνπερ νομίζω μελέτην εἶναι καλλίστην ἀπολογίας	xenophon
γεγράφασι μὲν οὖν περὶ τούτου καὶ ἄλλοι καὶ πάντες ἔτυχον τῆς μεγαληγορίας αὐτοῦ	xenophon
 ἐντεῦθεν οὖν τούτῳ τε ἀπηχθόμην καὶ πολλοῖς τῶν παρόντων	plato
