ἀλλα γαρ ὠ ἀνδρες Ἀθηναιοι τουτο μεν ἠδη δηλον οὑγω ἐλεγον ὁτι Μελητῳ τουτων οὐτε μεγα οὐτε μικρον πωποτε ἐμελησεν	plato
οὐδε γαρ ἀν δηπου πρεποι ὠ ἀνδρες τῃδε τῃ ἡλικιᾳ ὡσπερ μειρακιῳ πλαττοντι λογους εἰς ὑμας εἰσιεναι	plato
ἐαν δε μη ἀπελαυνω οἱ τουτων πατερες δε και οἰκειοι διʼ αὐτους τουτους	plato
τιθημι γαρ σε ὁμολογουντα ἐπειδη οὐκ ἀποκρινῃ	plato
οὐδεν γαρ κωλυει διαμυθολογησαι προς ἀλληλους ἑως ἐξεστιν	plato
ἐμοι δε τι προσηκει νυν μειον φρονειν ἠ πριν κατακριθηναι μηδεν ἐλεγχθεντι ὡς πεποιηκα τι ὡν ἐγραψαντο με	xenophon
τι ποτε λεγει ὁ θεος και τι ποτε αἰνιττεται	plato
ὡς μοχθηρος οὑτος ἐφη ὁς οὐκ ἐοικεν εἰδεναι ὁτι ὁποτερος ἡμων και συμφορωτερα και καλλιω εἰς τον ἀει χρονον διαπεπρακται οὑτος ἐστι και ὁ νικων	xenophon
παραμυθειται δʼ ἐτι με και Παλαμηδης ὁ παραπλησιως ἐμοι τελευτησας	xenophon
και γαρ ὑμεις ἐκεινων προτερον ἠκουσατε κατηγορουντων και πολυ μαλλον ἠ τωνδε των ὑστερον	plato
εἰ δε ἀκων διαφθειρω των τοιουτων και ἀκουσιων ἁμαρτηματων οὐ δευρο νομος εἰσαγειν ἐστιν ἀλλα ἰδιᾳ λαβοντα διδασκειν και νουθετειν	plato
οὑτοι ὠ ἀνδρες Ἀθηναιοι οἱ ταυτην την φημην κατασκεδασαντες οἱ δεινοι εἰσιν μου κατηγοροι	plato
πανυ μεν οὐν σφοδρα ταυτα λεγω	plato
ἐπειτα εἰσιν οὑτοι οἱ κατηγοροι πολλοι και πολυν χρονον ἠδη κατηγορηκοτες ἐτι δε και ἐν ταυτῃ τῃ ἡλικιᾳ λεγοντες προς ὑμας ἐν ᾑ ἀν μαλιστα ἐπιστευσατε παιδες ὀντες ἐνιοι ὑμων και μειρακια ἀτεχνως ἐρημην κατηγορουντες ἀπολογουμενου οὐδενος	plato
ἐστιν οὐν ὁστις βουλεται ὑπο των συνοντων βλαπτεσθαι μαλλον ἠ ὠφελεισθαι	plato
νυν δε ὁρατε δη και αὐτοι ὁτι οἱ κατηγοροι τἀλλα παντα ἀναισχυντως οὑτω κατηγορουντες τουτο γε οὐχ οἱοι τε ἐγενοντο ἀπαναισχυντησαι παρασχομενοι μαρτυρα ὡς ἐγω ποτε τινα ἠ ἐπραξαμην μισθον ἠ ᾐτησα	plato
εἰ δε χαλεπων προσδοκωμενων καταλυω τον βιον ἐγω μεν οἰμαι ὡς εὐπραγουντος ἐμου πασιν ὑμιν εὐθυμητεον εἰναι	xenophon
οὐ γαρ ἐσθʼ ὁπως οὐκ ἠναντιωθη ἀν μοι το εἰωθος σημειον εἰ μη τι ἐμελλον ἐγω ἀγαθον πραξειν	plato
οὐ γαρ ᾠομην ἐγωγε οὑτω παρʼ ὀλιγον ἐσεσθαι ἀλλα παρα πολυ	plato
συ δε ἡμιν ἀποκριναι ὠ Μελητε	plato
οὑτως δε γνοντα αὐτον ἐφη ἐπειδη κατηγορησαν αὐτου οἱ ἀντιδικοι ὡς οὑς μεν ἡ πολις νομιζει θεους οὐ νομιζοι ἑτερα δε καινα δαιμονια εἰσφεροι και τους νεους διαφθειροι παρελθοντα εἰπειν	xenophon
εὐ γαρ οἰδʼ ὁτι ὁποι ἀν ἐλθω λεγοντος ἐμου ἀκροασονται οἱ νεοι ὡσπερ ἐνθαδε	plato
τα γαρ ἀληθη οἰομαι οὐκ ἀν ἐθελοιεν λεγειν ὁτι καταδηλοι γιγνονται προσποιουμενοι μεν εἰδεναι εἰδοτες δε οὐδεν	plato
και ὑπο ταυτης της ἀσχολιας οὐτε τι των της πολεως πραξαι μοι σχολη γεγονεν ἀξιον λογου οὐτε των οἰκειων ἀλλʼ ἐν πενιᾳ μυριᾳ εἰμι δια την του θεου λατρειαν	plato
ὁταν γαρ ἀσχημον μεν μηδεν μηδε δυσχερες ἐν ταις γνωμαις των παροντων καταλειπηται τις ὑγιες δε το σωμα ἐχων και την ψυχην δυναμενην φιλοφρονεισθαι ἀπομαραινηται πως οὐκ ἀναγκη τουτον ποθεινον εἰναι	xenophon
ἀλλʼ ἀρα ὠ Μελητε μη οἱ ἐν τῃ ἐκκλησιᾳ οἱ ἐκκλησιασται διαφθειρουσι τους νεωτερους	plato
ὡστε οὐδʼ εἰ με νυν ὑμεις ἀφιετε Ἀνυτῳ ἀπιστησαντες ὁς ἐφη ἠ την ἀρχην οὐ δειν ἐμε δευρο εἰσελθειν ἠ ἐπειδη εἰσηλθον οὐχ οἱον τʼ εἰναι το μη ἀποκτειναι με λεγων προς ὑμας ὡς εἰ διαφευξοιμην ἠδη ἀν ὑμων οἱ ὑεις ἐπιτηδευοντες ἁ Σωκρατης διδασκει παντες πανταπασι διαφθαρησονται εἰ μοι προς ταυτα εἰποιτε	plato
ἐμου γαρ πολλοι κατηγοροι γεγονασι προς ὑμας και παλαι πολλα ἠδη ἐτη και οὐδεν ἀληθες λεγοντες οὑς ἐγω μαλλον φοβουμαι ἠ τους ἀμφι Ἀνυτον καιπερ ὀντας και τουτους δεινους	plato
ἐγω οὐν δεινα ἀν εἰην εἰργασμενος ὠ ἀνδρες Ἀθηναιοι εἰ ὁτε μεν με οἱ ἀρχοντες ἐταττον οὑς ὑμεις εἱλεσθε ἀρχειν μου και ἐν Ποτειδαιᾳ και ἐν Ἀμφιπολει και ἐπι Δηλιῳ τοτε μεν οὑ ἐκεινοι ἐταττον ἐμενον ὡσπερ και ἀλλος τις και ἐκινδυνευον ἀποθανειν του δε θεου ταττοντος ὡς ἐγω ᾠηθην τε και ὑπελαβον φιλοσοφουντα με δειν ζην και ἐξεταζοντα ἐμαυτον και τους ἀλλους ἐνταυθα δε φοβηθεις ἠ θανατον ἡ ἀλλʼ ὁτιουν πραγμα λιποιμι την ταξιν	plato
κἀπειτα ἐπειρωμην αὐτῳ δεικνυναι ὁτι οἰοιτο μεν εἰναι σοφος εἰη δʼ οὐ	plato
ἀλλʼ εἰπε ὠγαθε τις αὐτους ἀμεινους ποιει	plato
ὡστε ἀφρονεστερα αὐτου φαινεται εἰναι ἡ μεγαληγορια	xenophon
και γαρ ἐν ταις μαχαις πολλακις δηλον γιγνεται ὁτι το γε ἀποθανειν ἀν τις ἐκφυγοι και ὁπλα ἀφεις και ἐφʼ ἱκετειαν τραπομενος των διωκοντων	plato
πεπεισμενος δη ἐγω μηδενα ἀδικειν πολλου δεω ἐμαυτον γε ἀδικησειν και κατʼ ἐμαυτου ἐρειν αὐτος ὡς ἀξιος εἰμι του κακου και τιμησεσθαι τοιουτου τινος ἐμαυτῳ	plato
ἀπιστος γʼ εἰ ὠ Μελητε και ταυτα μεντοι ὡς ἐμοι δοκεις σαυτῳ	plato
ἠ αὐλητας μεν οὐ νομιζει εἰναι αὐλητικα δε πραγματα	plato
οὑτοι μεν οὐν ὡσπερ ἐγω λεγω ἠ τι ἠ οὐδεν ἀληθες εἰρηκασιν ὑμεις δε μου ἀκουσεσθε πασαν την ἀληθειανοὐ μεντοι μα Δια ὠ ἀνδρες Ἀθηναιοι κεκαλλιεπημενους γε λογους ὡσπερ οἱ τουτων ῥημασι τε και ὀνομασιν οὐδε κεκοσμημενους ἀλλʼ ἀκουσεσθε εἰκῃ λεγομενα τοις ἐπιτυχουσιν ὀνομασινπιστευω γαρ δικαια εἰναι ἁ λεγωκαι μηδεις ὑμων προσδοκησατω ἀλλως	plato
ἀλλα ναι μα Διʼ ἐφη ὁ Μελητος ἐκεινους οἰδα οὑς συ πεπεικας σοι πειθεσθαι μαλλον ἠ τοις γειναμενοις	xenophon
οὐκουν δαιμονια μεν φῃς με και νομιζειν και διδασκειν εἰτʼ οὐν καινα εἰτε παλαια ἀλλʼ οὐν δαιμονια γε νομιζω κατα τον σον λογον και ταυτα και διωμοσω ἐν τῃ ἀντιγραφῃ	plato
και ἐγω τε τῳ τιμηματι ἐμμενω και οὑτοι	plato
ὠ Σωκρατες νυν μεν Ἀνυτῳ οὐ πεισομεθα ἀλλʼ ἀφιεμεν σε ἐπι τουτῳ μεντοι ἐφʼ ᾡτε μηκετι ἐν ταυτῃ τῃ ζητησει διατριβειν μηδε φιλοσοφειν	plato
τιμαται δʼ οὐν μοι ὁ ἀνηρ θανατου	plato
και τι με δει ζην ἐν δεσμωτηριῳ δουλευοντα τῃ ἀει καθισταμενῃ ἀρχῃ τοις ἑνδεκα	plato
ὑμεις δʼ ἰσως ταχʼ ἀν ἀχθομενοι ὡσπερ οἱ νυσταζοντες ἐγειρομενοι κρουσαντες ἀν με πειθομενοι Ἀνυτῳ ῥᾳδιως ἀν ἀποκτειναιτε εἰτα τον λοιπον βιον καθευδοντες διατελοιτε ἀν εἰ μη τινα ἀλλον ὁ θεος ὑμιν ἐπιπεμψειεν κηδομενος ὑμων	plato
ἐσθʼ ὁστις δαιμονια μεν νομιζει πραγματʼ εἰναι δαιμονας δε οὐ νομιζει	plato
καιτοι πως οὐκ ἀμαθια ἐστιν αὑτη ἡ ἐπονειδιστος ἡ του οἰεσθαι εἰδεναι ἁ οὐκ οἰδεν	plato
ἐαν δε ἁλῳς ἐτι τουτο πραττων ἀποθανῃ εἰ οὐν με ὁπερ εἰπον ἐπι τουτοις ἀφιοιτε εἰποιμʼ ἀν ὑμιν ὁτι ἐγω ὑμας ὠ ἀνδρες Ἀθηναιοι ἀσπαζομαι μεν και φιλω πεισομαι δε μαλλον τῳ θεῳ ἠ ὑμιν και ἑωσπερ ἀν ἐμπνεω και οἱος τε ὠ οὐ μη παυσωμαι φιλοσοφων και ὑμιν παρακελευομενος τε και ἐνδεικνυμενος ὁτῳ ἀν ἀει ἐντυγχανω ὑμων λεγων οἱαπερ εἰωθα ὁτι ὠ ἀριστε ἀνδρων Ἀθηναιος ὠν πολεως της μεγιστης και εὐδοκιμωτατης εἰς σοφιαν και ἰσχυν χρηματων μεν οὐκ αἰσχυνῃ ἐπιμελουμενος ὁπως σοι ἐσται ὡς πλειστα και δοξης και τιμης φρονησεως δε και ἀληθειας και της ψυχης ὁπως ὡς βελτιστη ἐσται οὐκ ἐπιμελῃ οὐδε φροντιζεις	plato
Ἀναξαγορου οἰει κατηγορειν ὠ φιλε Μελητε	plato
ἐπεδειξατο δε της ψυχης την ῥωμην	xenophon
εἰ δʼ αὐ οἱ δαιμονες θεων παιδες εἰσιν νοθοι τινες ἠ ἐκ νυμφων ἠ ἐκ τινων ἀλλων ὡν δη και λεγονται τις ἀν ἀνθρωπων θεων μεν παιδας ἡγοιτο εἰναι θεους δε μη	plato
χωρις δε της δοξης ὠ ἀνδρες οὐδε δικαιον μοι δοκει εἰναι δεισθαι του δικαστου οὐδε δεομενον ἀποφευγειν ἀλλα διδασκειν και πειθειν	plato
ἀλλα ναι μα Δια φαναι αὐτον και δις ἠδη ἐπιχειρησαντος μου σκοπειν περι της ἀπολογιας ἐναντιουται μοι το δαιμονιον	xenophon
οἰδε μεν γαρ οὐδεις τον θανατον οὐδʼ εἰ τυγχανει τῳ ἀνθρωπῳ παντων μεγιστον ὀν των ἀγαθων δεδιασι δʼ ὡς εὐ εἰδοτες ὁτι μεγιστον των κακων ἐστι	plato
ἠ θαυμαστον νομιζεις εἰ και τῳ θεῳ δοκει ἐμε βελτιον εἰναι ἠδη τελευταν	xenophon
ἠ τοὐναντιον τουτου παν εἱς μεν τις ὁ βελτιους οἱος τʼ ὠν ποιειν ἠ πανυ ὀλιγοι οἱ ἱππικοι οἱ δε πολλοι ἐανπερ συνωσι και χρωνται ἱπποις διαφθειρουσιν	plato
ἐγω γαρ ὠ ἀνδρες Ἀθηναιοι διʼ οὐδεν ἀλλʼ ἠ δια σοφιαν τινα τουτο το ὀνομα ἐσχηκα	plato
ὁτι ἀκουοντες χαιρουσιν ἐξεταζομενοις τοις οἰομενοις μεν εἰναι σοφοις οὐσι δʼ οὐ	plato
του μεν γαρ βιου το χαλεπωτατον ἀπελιπε των δε θανατων του ῥᾳστου ἐτυχεν	xenophon
ταχʼ ἀν οὐν τις ταυτα ἐννοησας αὐθαδεστερον ἀν προς με σχοιη και ὀργισθεις αὐτοις τουτοις θειτο ἀν μετʼ ὀργης την ψηφον	plato
καινα γε μην δαιμονια πως ἀν ἐγω εἰσφεροιμι λεγων ὁτι θεου μοι φωνη φαινεται σημαινουσα ὁ τι χρη ποιειν	xenophon
συ δε συγγενεσθαι μεν μοι και διδαξαι ἐφυγες και οὐκ ἠθελησας δευρο δε εἰσαγεις οἱ νομος ἐστιν εἰσαγειν τους κολασεως δεομενους ἀλλʼ οὐ μαθησεως	plato
λεγεται δε και Ἀνυτον παριοντα ἰδων εἰπειν	xenophon
ἀλλʼ ἐγω ὠ ἀνδρες τουτο μεν πρωτον θαυμαζω Μελητου ὁτῳ ποτε γνους λεγει ὡς ἐγω οὑς ἡ πολις νομιζει θεους οὐ νομιζω	xenophon
οὐ γαρ ἐπι τουτῳ καθηται ὁ δικαστης ἐπι τῳ καταχαριζεσθαι τα δικαια ἀλλʼ ἐπι τῳ κρινειν ταυτα	plato
τα δε ἐχει μεν οὑτως ὡς ἐγω φημι ὠ ἀνδρες πειθειν δε οὐ ῥᾳδιον	plato
ἰσως δʼ ἀν δυναιμην ἐκτεισαι ὑμιν που μναν ἀργυριου	plato
ὡς γε μην οὐ ψευδομαι κατα του θεου και τουτʼ ἐχω τεκμηριον	xenophon
ἀλλʼ ὁτι ἠδη ἑαυτῳ ἡγειτο αἱρετωτερον εἰναι του βιου θανατον τουτο οὐ διεσαφηνισαν	xenophon
Σωκρατης δε δια το μεγαλυνειν ἑαυτον ἐν τῳ δικαστηριῳ φθονον ἐπαγομενος μαλλον καταψηφισασθαι ἑαυτου ἐποιησε τους δικαστας	xenophon
δυοιν γαρ θατερον ἐστιν το τεθναναι	plato
ὡστε ἰσχυρως ἀγαμενος ἐμαυτον ταὐτα ηὑρισκον και τους ἐμοι συγγιγνομενους γιγνωσκοντας περι ἐμου	xenophon
οὐκουν χρη οὐτε ἡμας ἐθιζειν ὑμας ἐπιορκειν οὐθʼ ὑμας ἐθιζεσθαι	plato
ἀλλʼ ἐγω δια παντος του βιου δημοσιᾳ τε εἰ που τι ἐπραξα τοιουτος φανουμαι και ἰδιᾳ ὁ αὐτος οὑτος οὐδενι πωποτε συγχωρησας οὐδεν παρα το δικαιον οὐτε ἀλλῳ οὐτε τουτων οὐδενι οὑς δη διαβαλλοντες ἐμε φασιν ἐμους μαθητας εἰναι	plato
Σωκρατης ἀδικει και περιεργαζεται ζητων τα τε ὑπο γης και οὐρανια και τον ἡττω λογον κρειττω ποιων και ἀλλους ταὐτα ταυτα διδασκων	plato
και γαρ ὁ νομος κελευει ἀποκρινεσθαι	plato
ὁδε δε Ἀδειμαντος ὁ Ἀριστωνος οὑ ἀδελφος οὑτοσι Πλατων και Αἰαντοδωρος οὑ Ἀπολλοδωρος ὁδε ἀδελφος	plato
και μοι ὠ ἀνδρες Ἀθηναιοι μη θορυβησητε μηδʼ ἐαν δοξω τι ὑμιν μεγα λεγειν	plato
τουτον οὐν ἀνηρομηνἐστον γαρ αὐτῳ δυο ὑει ὠ Καλλια ἠν δʼ ἐγω εἰ μεν σου τω ὑει πωλω ἠ μοσχω ἐγενεσθην εἰχομεν ἀν αὐτοιν ἐπιστατην λαβειν και μισθωσασθαι ὁς ἐμελλεν αὐτω καλω τε κἀγαθω ποιησειν την προσηκουσαν ἀρετην ἠν δʼ ἀν οὑτος ἠ των ἱππικων τις ἠ των γεωργικων	plato
ἐμοι δε τουτʼ ἐστιν ἐκ παιδος ἀρξαμενον φωνη τις γιγνομενη ἡ ὁταν γενηται ἀει ἀποτρεπει με τουτο ὁ ἀν μελλω πραττειν προτρεπει δε οὐποτε	plato
ταυτα και νεωτερῳ και πρεσβυτερῳ ὁτῳ ἀν ἐντυγχανω ποιησω και ξενῳ και ἀστῳ μαλλον δε τοις ἀστοις ὁσῳ μου ἐγγυτερω ἐστε γενει	plato
εἰπων δε ταυτα μαλα ὁμολογουμενως δη τοις εἰρημενοις ἀπῃει και ὀμμασι και σχηματι και βαδισματι φαιδρος	xenophon
και μοι δευρο ὠ Μελητε εἰπε	plato
ὁσοι δε φθονῳ και διαβολῃ χρωμενοι ὑμας ἀνεπειθονοἱ δε και αὐτοι πεπεισμενοι ἀλλους πειθοντεςοὑτοι παντες ἀπορωτατοι εἰσιν	plato
εἰ δε τις φησι παρʼ ἐμου πωποτε τι μαθειν ἠ ἀκουσαι ἰδιᾳ ὁτι μη και οἱ ἀλλοι παντες εὐ ἰστε ὁτι οὐκ ἀληθη λεγει	plato
εἰ δε τις μου λεγοντος και τα ἐμαυτου πραττοντος ἐπιθυμοι ἀκουειν εἰτε νεωτερος εἰτε πρεσβυτερος οὐδενι πωποτε ἐφθονησα οὐδε χρηματα μεν λαμβανων διαλεγομαι μη λαμβανων δε οὐ ἀλλʼ ὁμοιως και πλουσιῳ και πενητι παρεχω ἐμαυτον ἐρωταν και ἐαν τις βουληται ἀποκρινομενος ἀκουειν ὡν ἀν λεγω	plato
Πλατων δε ὁδε ὠ ἀνδρες Ἀθηναιοι και Κριτων και Κριτοβουλος και Ἀπολλοδωρος κελευουσι με τριακοντα μνων τιμησασθαι αὐτοι δʼ ἐγγυασθαι	plato
ἀλλα μεντοι φαναι αὐτον ἀνεθηκε μεν και Ὁμηρος ἐστιν οἱς των ἐν καταλυσει του βιου προγιγνωσκειν τα μελλοντα βουλομαι δε και ἐγω χρησμῳδησαι τι	xenophon
το δε κινδυνευει ὠ ἀνδρες τῳ ὀντι ὁ θεος σοφος εἰναι και ἐν τῳ χρησμῳ τουτῳ τουτο λεγειν ὁτι ἡ ἀνθρωπινη σοφια ὀλιγου τινος ἀξια ἐστιν και οὐδενος	plato
τον δε δη βελτιους ποιουντα ἰθι εἰπε και μηνυσον αὐτοις τις ἐστιν	plato
ἀλλʼ οὐ γαρ ἐπισταμαι ὠ ἀνδρες Ἀθηναιοι	plato
ἐπειτα μογις πανυ ἐπι ζητησιν αὐτου τοιαυτην τινα ἐτραπομην	plato
ὡς ὠνησας ὁτι μογις ἀπεκρινω ὑπο τουτωνι ἀναγκαζομενος	plato
οὐ γαρ ἐμοι ἀλλα τοις καταγνουσι τουτο αἰσχρον ἐστι	xenophon
παντες ἀρα ὡς ἐοικεν Ἀθηναιοι καλους κἀγαθους ποιουσι πλην ἐμου ἐγω δε μονος διαφθειρω	plato
ἀκηκοατε ὠ ἀνδρες Ἀθηναιοι πασαν ὑμιν την ἀληθειαν ἐγω εἰπον	plato
τοτʼ ἐγω μονος των πρυτανεων ἠναντιωθην ὑμιν μηδεν ποιειν παρα τους νομους και ἐναντια ἐψηφισαμην	plato
οἰονται γαρ με ἑκαστοτε οἱ παροντες ταυτα αὐτον εἰναι σοφον ἁ ἀν ἀλλον ἐξελεγξω	plato
νυν ἐγω πρωτον ἐπι δικαστηριον ἀναβεβηκα ἐτη γεγονως ἑβδομηκοντα	plato
και νυν ἐγω μεν ἀπειμι ὑφʼ ὑμων θανατου δικην ὀφλων οὑτοι δʼ ὑπο της ἀληθειας ὠφληκοτες μοχθηριαν και ἀδικιαν	plato
οὐ ταυτα λεγεις ὁτι διδασκων διαφθειρω	plato
και ἑτοιμων ὀντων ἐνδεικνυναι με και ἀπαγειν των ῥητορων και ὑμων κελευοντων και βοωντων μετα του νομου και του δικαιου ᾠμην μαλλον με δειν διακινδυνευειν ἠ μεθʼ ὑμων γενεσθαι μη δικαια βουλευομενων φοβηθεντα δεσμον ἠ θανατον	plato
ὡστε ὁπερ ἀρχομενος ἐγω ἐλεγον θαυμαζοιμʼ ἀν εἰ οἱος τʼ εἰην ἐγω ὑμων ταυτην την διαβολην ἐξελεσθαι ἐν οὑτως ὀλιγῳ χρονῳ οὑτω πολλην γεγονυιαν	plato
δια δε το μηδενα ἐχειν σπουδαιον ἐπιμελητην προσπεσεισθαι τινι αἰσχρᾳ ἐπιθυμιᾳ και προβησεσθαι μεντοι πορρω μοχθηριας	xenophon
ἀντι τουτου δη ἑλωμαι ὡν εὐ οἰδα τι κακων ὀντων τουτου τιμησαμενος	plato
νυν δʼ ἐπειδη ἀνθρωπω ἐστον τινα αὐτοιν ἐν νῳ ἐχεις ἐπιστατην λαβειν	plato
ἀναλαβωμεν οὐν ἐξ ἀρχης τις ἡ κατηγορια ἐστιν ἐξ ἡς ἡ ἐμη διαβολη γεγονεν ᾑ δη και πιστευων Μελητος με ἐγραψατο την γραφην ταυτην	plato
οὐκ ἐχρην μεντοι σκοπειν ὠ Σωκρατες και ὁ τι ἀπολογησῃ	xenophon
το δε οὐκ ἐστιν ὠ ἀνδρες Ἀθηναιοι τοιουτον ἀλλα τοιονδε μαλλον	plato
ἀρʼ οὐν ἀν με οἰεσθε τοσαδε ἐτη διαγενεσθαι εἰ ἐπραττον τα δημοσια και πραττων ἀξιως ἀνδρος ἀγαθου ἐβοηθουν τοις δικαιοις και ὡσπερ χρη τουτο περι πλειστου ἐποιουμην	plato
οὑτω γαρ φαναι τον Μελητον ὠ Σωκρατες και συμφερει και νομιζεται	xenophon
ὡς δε τελος εἰχεν ἡ δικη εἰπειν αὐτον	xenophon
σαφως γαρ ἀν εἰ πειθοιμι ὑμας και τῳ δεισθαι βιαζοιμην ὀμωμοκοτας θεους ἀν διδασκοιμι μη ἡγεισθαι ὑμας εἰναι και ἀτεχνως ἀπολογουμενος κατηγοροιην ἀν ἐμαυτου ὡς θεους οὐ νομιζω	plato
συνεγενομην γαρ ποτε βραχεα τῳ Ἀνυτου υἱῳ και ἐδοξε μοι οὐκ ἀρρωστος την ψυχην εἰναι	xenophon
οὐ γαρ δηπου σου γε οὐδεν των ἀλλων περιττοτερον πραγματευομενου ἐπειτα τοσαυτη φημη τε και λογος γεγονεν εἰ μη τι ἐπραττες ἀλλοιον ἠ οἱ πολλοι	plato
και ἐαντε νυν ἐαντε αὐθις ζητησητε ταυτα οὑτως εὑρησετε	plato
ἱκανον γαρ οἰμαι ἐγω παρεχομαι τον μαρτυρα ὡς ἀληθη λεγω την πενιαν	plato
ἐμοι γαρ δοκει οὑτοσι ὠ ἀνδρες Ἀθηναιοι πανυ εἰναι ὑβριστης και ἀκολαστος και ἀτεχνως την γραφην ταυτην ὑβρει τινι και ἀκολασιᾳ και νεοτητι γραψασθαι	plato
πολλη γαρ ἀν τις εὐδαιμονια εἰη περι τους νεους εἰ εἱς μεν μονος αὐτους διαφθειρει οἱ δʼ ἀλλοι ὠφελουσιν	plato
ἐπει θυοντα γε με ἐν ταις κοιναις ἑορταις και ἐπι των δημοσιων βωμων και οἱ ἀλλοι οἱ παρατυγχανοντες ἑωρων και αὐτος Μελητος εἰ ἐβουλετο	xenophon
ἀλλʼ ἠ οὐ διαφθειρω ἠ εἰ διαφθειρω ἀκων ὡστε συ γε κατʼ ἀμφοτερα ψευδῃ	plato
πολλη μεντἀν με φιλοψυχια ἐχοι ὠ ἀνδρες Ἀθηναιοι εἰ οὑτως ἀλογιστος εἰμι ὡστε μη δυνασθαι λογιζεσθαι ὁτι ὑμεις μεν ὀντες πολιται μου οὐχ οἱοι τε ἐγενεσθε ἐνεγκειν τας ἐμας διατριβας και τους λογους ἀλλʼ ὑμιν βαρυτεραι γεγονασιν και ἐπιφθονωτεραι ὡστε ζητειτε αὐτων νυνι ἀπαλλαγηναι	plato
εὐ γε νη την Ἡραν λεγεις και πολλην ἀφθονιαν των ὠφελουντων	plato
ἀπεκριναμην οὐν ἐμαυτῳ και τῳ χρησμῳ ὁτι μοι λυσιτελοι ὡσπερ ἐχω ἐχειν	plato
ἀλλʼ ἀποριᾳ μεν ἑαλωκα οὐ μεντοι λογων ἀλλα τολμης και ἀναισχυντιας και του μη ἐθελειν λεγειν προς ὑμας τοιαυτα οἱʼ ἀν ὑμιν μεν ἡδιστα ἠν ἀκουειν θρηνουντος τε μου και ὀδυρομενου και ἀλλα ποιουντος και λεγοντος πολλα και ἀναξια ἐμου ὡς ἐγω φημι οἱα δη και εἰθισθε ὑμεις των ἀλλων ἀκουειν	plato
τελευτων οὐν ἐπι τους χειροτεχνας ᾐα	plato
φροντιζω ποτερα θεον σε εἰπω ἠ ἀνθρωπον	xenophon
οὐδε τα ἐμα νυν ἀπο του αὐτοματου γεγονεν ἀλλα μοι δηλον ἐστι τουτο ὁτι ἠδη τεθναναι και ἀπηλλαχθαι πραγματων βελτιον ἠν μοι	plato
εἰτʼ οὐκ αἰσχυνῃ ὠ Σωκρατες τοιουτον ἐπιτηδευμα ἐπιτηδευσας ἐξ οὑ κινδυνευεις νυνι ἀποθανειν	plato
βουλοιμην μεν οὐν ἀν τουτο οὑτως γενεσθαι εἰ τι ἀμεινον και ὑμιν και ἐμοι και πλεον τι με ποιησαι ἀπολογουμενον	plato
καιτοι οἰδα σχεδον ὁτι αὐτοις τουτοις ἀπεχθανομαι ὁ και τεκμηριον ὁτι ἀληθη λεγω και ὁτι αὑτη ἐστιν ἡ διαβολη ἡ ἐμη και τα αἰτια ταυτα ἐστιν	plato
τ τι ἀξιος εἰμι παθειν ἠ ἀποτεισαι ὁτι μαθων ἐν τῳ βιῳ οὐχ ἡσυχιαν ἠγον ἀλλʼ ἀμελησας ὡνπερ οἱ πολλοι χρηματισμου τε και οἰκονομιας και στρατηγιων και δημηγοριων και των ἀλλων ἀρχων και συνωμοσιων και στασεων των ἐν τῃ πολει γιγνομενων ἡγησαμενος ἐμαυτον ῳ ὀντι ἐπιεικεστερον εἰναι ἠ ὡστε εἰς ταυτʼ ἰοντα σῳζεσθαι ἐνταυθα μεν οὐκ ᾐα οἱ ἐλθων μητε ὑμιν μητε ἐμαυτῳ ἐμελλον μηδεν ὀφελος εἰναι ἐπι δε το ἰδιᾳ ἑκαστον ἰων εὐεργετειν την μεγιστην εὐεργεσιαν ὡς ἐγω φημι ἐνταυθα ᾐα ἐπιχειρων ἑκαστον ὑμων πειθειν μη προτερον μητε των ἑαυτου μηδενος ἐπιμελεισθαι πριν ἑαυτου ἐπιμεληθειη ὁπως ὡς βελτιστος και φρονιμωτατος ἐσοιτο μητε των της πολεως πριν αὐτης της πολεως των τε ἀλλων οὑτω κατα τον αὐτον τροπον ἐπιμελεισθαιτι οὐν εἰμι ἀξιος παθειν τοιουτος ὠν	plato
οἱ δε ἀδιαφθαρτοι πρεσβυτεροι ἠδη ἀνδρες οἱ τουτων προσηκοντες τινα ἀλλον ἐχουσι λογον βοηθουντες ἐμοι ἀλλʼ ἠ τον ὀρθον τε και δικαιον ὁτι συνισασι Μελητῳ μεν ψευδομενῳ ἐμοι δε ἀληθευοντι	plato
τις της τοιαυτης ἀρετης της ἀνθρωπινης τε και πολιτικης ἐπιστημων ἐστιν	plato
ἀλλα γαρ ἠδη ὡρα ἀπιεναι ἐμοι μεν ἀποθανουμενῳ ὑμιν δε βιωσομενοις	plato
τους γε μην νεους πως ἀν διαφθειροιμι καρτεριαν και εὐτελειαν προσεθιζων	xenophon
το γαρ τοι θανατον δεδιεναι ὠ ἀνδρες οὐδεν ἀλλο ἐστιν ἠ δοκειν σοφον εἰναι μη ὀντα	plato
εἰ γαρ οἰεσθε ἀποκτεινοντες ἀνθρωπους ἐπισχησειν του ὀνειδιζειν τινα ὑμιν ὁτι οὐκ ὀρθως ζητε οὐ καλως διανοεισθε	plato
ἁ μεν ἐγω ἐχοιμʼ ἀν ἀπολογεισθαι σχεδον ἐστι ταυτα και ἀλλα ἰσως τοιαυτα	plato
ποτερον ἁπαντες ἠ οἱ μεν αὐτων οἱ δʼ οὐ	plato
ἐαν γαρ με ἀποκτεινητε οὐ ῥᾳδιως ἀλλον τοιουτον εὑρησετε ἀτεχνωςεἰ και γελοιοτερον εἰπεινπροσκειμενον τῃ πολει ὑπο του θεου ὡσπερ ἱππῳ μεγαλῳ μεν και γενναιῳ ὑπο μεγεθους δε νωθεστερῳ και δεομενῳ ἐγειρεσθαι ὑπο μυωπος τινος οἱον δη μοι δοκει ὁ θεος ἐμε τῃ πολει προστεθηκεναι τοιουτον τινα ὁς ὑμας ἐγειρων και πειθων και ὀνειδιζων ἑνα ἑκαστον οὐδεν παυομαι την ἡμεραν ὁλην πανταχου προσκαθιζων	plato
λεγω δε τουτο οὐ προς παντας ὑμας ἀλλα προς τους ἐμου καταψηφισαμενους θανατον	plato
και νη τον κυνα ὠ ἀνδρες Ἀθηναιοι δει γαρ προς ὑμας τἀληθη λεγεινἠ μην ἐγω ἐπαθον τι τοιουτον	plato
οἱ δε ἀκροαται βελτιους ποιουσιν ἠ οὐ	plato
οὐκ ἐσθʼ ὁτι μαλλον ὠ ἀνδρες Ἀθηναιοι πρεπει οὑτως ὡς τον τοιουτον ἀνδρα ἐν πρυτανειῳ σιτεισθαι πολυ γε μαλλον ἠ εἰ τις ὑμων ἱππῳ ἠ συνωριδι ἠ ζευγει νενικηκεν Ὀλυμπιασιν	plato
παντως δε παρεισιν αὐτων πολλοι ἐνταυθοι οὑς ἐγω ὁρω πρωτον μεν Κριτων οὑτοσι ἐμος ἡλικιωτης και δημοτης Κριτοβουλου τουδε πατηρ ἐπειτα Λυσανιας ὁ Σφηττιος Αἰσχινου τουδε πατηρ ἐτι δʼ Ἀντιφων ὁ Κηφισιευς οὑτοσι Ἐπιγενους πατηρ ἀλλοι τοινυν οὑτοι ὡν οἱ ἀδελφοι ἐν ταυτῃ τῃ διατριβῃ γεγονασιν Νικοστρατος Θεοζοτιδου ἀδελφος Θεοδοτουκαι ὁ μεν Θεοδοτος τετελευτηκεν ὡστε οὐκ ἀν ἐκεινος γε αὐτου καταδεηθειηκαι Παραλιος ὁδε ὁ Δημοδοκου οὑ ἠν Θεαγης ἀδελφος	plato
και τουτων ἐγω εἰτε τις χρηστος γιγνεται εἰτε μη οὐκ ἀν δικαιως την αἰτιαν ὑπεχοιμι ὡν μητε ὑπεσχομην μηδενι μηδεν πωποτε μαθημα μητε ἐδιδαξα	plato
προς ταυτα φαιην ἀν ὠ ἀνδρες Ἀθηναιοι ἠ πειθεσθε Ἀνυτῳ ἠ μη και ἠ ἀφιετε με ἠ μη ὡς ἐμου οὐκ ἀν ποιησαντος ἀλλα οὐδʼ εἰ μελλω πολλακις τεθναναι	plato
παρων δε τις Ἀπολλοδωρος ἐπιθυμητης μεν ὠν ἰσχυρως αὐτου ἀλλως δʼ εὐηθης εἰπεν ἀρα	xenophon
ἀλλʼ ὁμως συ με φῃς ὠ Μελητε τοιαυτα ἐπιτηδευοντα τους νεους διαφθειρειν	xenophon
τῳ ὀντι γαρ κινδυνευω ταυτην εἰναι σοφος	plato
τινα μεν γαρ ἐπιστασθε ἡττον ἐμου δουλευοντα ταις του σωματος ἐπιθυμιαις	xenophon
παντως δηπου ἐαντε συ και Ἀνυτος οὐ φητε ἐαντε φητε	plato
και ἐγω τον Εὐηνον ἐμακαρισα εἰ ὡς ἀληθως ἐχοι ταυτην την τεχνην και οὑτως ἐμμελως διδασκει	plato
ταυτʼ ἐστιν ὑμιν ὠ ἀνδρες Ἀθηναιοι τἀληθη και ὑμας οὐτε μεγα οὐτε μικρον ἀποκρυψαμενος ἐγω λεγω οὐδʼ ὑποστειλαμενος	plato
εἰ δε τοτε ἐπελαθετο νυν παρασχεσθωἐγω παραχωρωκαι λεγετω εἰ τι ἐχει τοιουτον	plato
σοφον δε πως οὐκ ἀν τις εἰκοτως ἀνδρα φησειεν εἰναι ὁς ἐξ ὁτουπερ ξυνιεναι τα λεγομενα ἠρξαμην οὐπωποτε διελειπον και ζητων και μανθανων ὁ τι ἐδυναμην ἀγαθον	xenophon
οὐ γαρ ἀνθρωπινῳ ἐοικε το ἐμε των μεν ἐμαυτου παντων ἠμεληκεναι και ἀνεχεσθαι των οἰκειων ἀμελουμενων τοσαυτα ἠδη ἐτη το δε ὑμετερον πραττειν ἀει ἰδιᾳ ἑκαστῳ προσιοντα ὡσπερ πατερα ἠ ἀδελφον πρεσβυτερον πειθοντα ἐπιμελεισθαι ἀρετης	plato
περι μεν οὐν ὡν οἱ πρωτοι μου κατηγοροι κατηγορουν αὑτη ἐστω ἱκανη ἀπολογια προς ὑμας	plato
ᾡ και δηλον ὁτι τῳ ὀντι οὑτως ἐρρηθη ὑπο Σωκρατους	xenophon
ὠ θαυμασιε Μελητε ἱνα τι ταυτα λεγεις	plato
ἀποκτεινειε μεντἀν ἰσως ἠ ἐξελασειεν ἠ ἀτιμωσειεν	plato
εἰ δε μη αὐτοι ἠθελον των οἰκειων τινας των ἐκεινων πατερας και ἀδελφους και ἀλλους τους προσηκοντας εἰπερ ὑπʼ ἐμου τι κακον ἐπεπονθεσαν αὐτων οἱ οἰκειοι νυν μεμνησθαι και τιμωρεισθαι	plato
ἐγω δε τουτῳ ἀν δικαιον λογον ἀντειποιμι ὁτι οὐ καλως λεγεις ὠ ἀνθρωπε εἰ οἰει δειν κινδυνον ὑπολογιζεσθαι του ζην ἠ τεθναναι ἀνδρα ὁτου τι και σμικρον ὀφελος ἐστιν ἀλλʼ οὐκ ἐκεινο μονον σκοπειν ὁταν πραττῃ ποτερον δικαια ἠ ἀδικα πραττει και ἀνδρος ἀγαθου ἐργα ἠ κακου	plato
ἀλλα γαρ οὐτε τουτων οὐδεν ἐστιν οὐδε γʼ εἰ τινος ἀκηκοατε ὡς ἐγω παιδευειν ἐπιχειρω ἀνθρωπους και χρηματα πραττομαι οὐδε τουτο ἀληθες	plato
ἀτεχνως οὐν ξενως ἐχω της ἐνθαδε λεξεως	plato
οἰμαι δε αὐτο χαλεπον εἰναι και οὐ πανυ με λανθανει οἱον ἐστιν	plato
και γαρ οὐδεν πλειων ὁ πας χρονος φαινεται οὑτω δη εἰναι ἠ μια νυξ	plato
ἐμοι γαρ ὠ ἀνδρες δικασταιὑμας γαρ δικαστας καλων ὀρθως ἀν καλοιηνθαυμασιον τι γεγονεν	plato
ἀγαθον τι ὠ ἀνδρες Ἀθηναιοι εἰ δει γε κατα την ἀξιαν τῃ ἀληθειᾳ τιμασθαι	plato
Σωκρατη φησιν ἀδικειν τους τε νεους διαφθειροντα και θεους οὑς ἡ πολις νομιζει οὐ νομιζοντα ἑτερα δε δαιμονια καινα	plato
ἀλλα το ἐπι τουτῳ γε ἀποκριναι	plato
μετα ταυτʼ οὐν ἠδη ἐφεξης ᾐα αἰσθανομενος μεν και λυπουμενος και δεδιως ὁτι ἀπηχθανομην ὁμως δε ἀναγκαιον ἐδοκει εἰναι το του θεου περι πλειστου ποιεισθαιἰτεον οὐν σκοπουντι τον χρησμον τι λεγει ἐπι ἁπαντας τους τι δοκουντας εἰδεναι	plato
φησι γαρ δη τους νεους ἀδικειν με διαφθειροντα	plato
νυν δʼ οὐ ῥᾳδιον ἐν χρονῳ ὀλιγῳ μεγαλας διαβολας ἀπολυεσθαι	plato
εἰ μεν γαρ τουτο λεγουσιν ὁμολογοιην ἀν ἐγωγε οὐ κατα τουτους εἰναι ῥητωρ	plato
ἐπει και ἀλλος ἀνηρ ἐστι Παριος ἐνθαδε σοφος ὁν ἐγω ᾐσθομην ἐπιδημουντα	plato
συνεπισκεψασθε δη ὠ ἀνδρες ᾑ μοι φαινεται ταυτα λεγειν	plato
ἐντευθεν ἐπʼ ἀλλον ᾐα των ἐκεινου δοκουντων σοφωτερων εἰναι και μοι ταὐτα ταυτα ἐδοξε και ἐνταυθα κἀκεινῳ και ἀλλοις πολλοις ἀπηχθομην	plato
Μελητον μεν οὐν ὡς ἐμοι δοκω και νυν ἀποπεφευγα και οὐ μονον ἀποπεφευγα ἀλλα παντι δηλον τουτο γε ὁτι εἰ μη ἀνεβη Ἀνυτος και Λυκων κατηγορησοντες ἐμου κἀν ὠφλε χιλιας δραχμας οὐ μεταλαβων το πεμπτον μερος των ψηφων	plato
φαυλοι γαρ ἀν τῳ γε σῳ λογῳ εἰεν των ἡμιθεων ὁσοι ἐν Τροιᾳ τετελευτηκασιν οἱ τε ἀλλοι και ὁ της Θετιδος υἱος ὁς τοσουτον του κινδυνου κατεφρονησεν παρα το αἰσχρον τι ὑπομειναι ὡστε ἐπειδη εἰπεν ἡ μητηρ αὐτῳ προθυμουμενῳ Ἑκτορα ἀποκτειναι θεος οὐσα οὑτωσι πως ὡς ἐγω οἰμαι	plato
ἀλλα και ὑμας χρη ὠ ἀνδρες δικασται εὐελπιδας εἰναι προς τον θανατον και ἑν τι τουτο διανοεισθαι ἀληθες ὁτι οὐκ ἐστιν ἀνδρι ἀγαθῳ κακον οὐδεν οὐτε ζωντι οὐτε τελευτησαντι οὐδε ἀμελειται ὑπο θεων τα τουτου πραγματα	plato
και ἐαν τις ὑμων ἀμφισβητησῃ και φῃ ἐπιμελεισθαι οὐκ εὐθυς ἀφησω αὐτον οὐδʼ ἀπειμι ἀλλʼ ἐρησομαι αὐτον και ἐξετασω και ἐλεγξω και ἐαν μοι μη δοκῃ κεκτησθαι ἀρετην φαναι δε ὀνειδιω ὁτι τα πλειστου ἀξια περι ἐλαχιστου ποιειται τα δε φαυλοτερα περι πλειονος	plato
ἐστιν τις ἐφην ἐγω ἠ οὐ	plato
δει δη ὑμιν την ἐμην πλανην ἐπιδειξαι ὡσπερ πονους τινας πονουντος ἱνα μοι και ἀνελεγκτος ἡ μαντεια γενοιτο	plato
ὡς δε οὐ ματην ἐπονουν οὐ δοκει ὑμιν και ταδε τεκμηρια εἰναι το πολλους μεν πολιτας των ἀρετης ἐφιεμενων πολλους δε ξενων ἐκ παντων προαιρεισθαι ἐμοι ξυνειναι	xenophon
ἐαντʼ αὐ λεγω ὁτι και τυγχανει μεγιστον ἀγαθον ὀν ἀνθρωπῳ τουτο ἑκαστης ἡμερας περι ἀρετης τους λογους ποιεισθαι και των ἀλλων περι ὡν ὑμεις ἐμου ἀκουετε διαλεγομενου και ἐμαυτον και ἀλλους ἐξεταζοντος ὁ δε ἀνεξεταστος βιος οὐ βιωτος ἀνθρωπῳ ταυτα δʼ ἐτι ἡττον πεισεσθε μοι λεγοντι	plato
ταυτα γαρ κελευει ὁ θεος εὐ ἰστε και ἐγω οἰομαι οὐδεν πω ὑμιν μειζον ἀγαθον γενεσθαι ἐν τῃ πολει ἠ την ἐμην τῳ θεῳ ὑπηρεσιαν	plato
οὐ γαρ παλαι ἰστε ὁτι ἐξ ὁτουπερ ἐγενομην κατεψηφισμενος ἠν μου ὑπο της φυσεως ὁ θανατος	xenophon
ἐγω δε γε ὠ ἀνδρες Ἀθηναιοι ἀδικειν φημι Μελητον ὁτι σπουδῃ χαριεντιζεται ῥᾳδιως εἰς ἀγωνα καθιστας ἀνθρωπους περι πραγματων προσποιουμενος σπουδαζειν και κηδεσθαι ὡν οὐδεν τουτῳ πωποτε ἐμελησεν	plato
μα Διʼ ὠ ἀνδρες δικασται ἐπει τον μεν ἡλιον λιθον φησιν εἰναι την δε σεληνην γην	plato
ἀλλʼ ἐγω οὐ τα παντα εἰπειν τα ἐκ της δικης ἐσπουδασα ἀλλʼ ἠρκεσε μοι δηλωσαι ὁτι Σωκρατης το μεν μητε περι θεους ἀσεβησαι μητε περι ἀνθρωπους ἀδικος φανηναι περι παντος ἐποιειτο	xenophon
ἐρω δε ὑμιν φορτικα μεν και δικανικα ἀληθη δε	plato
ἠ δηλον δη ὁτι κατα την γραφην ἡν ἐγραψω θεους διδασκοντα μη νομιζειν οὑς ἡ πολις νομιζει ἑτερα δε δαιμονια καινα	plato
οὐδεν δε δεινον μη ἐν ἐμοι στῃ	plato
προ οὐν των κακων ὡν οἰδα ὁτι κακα ἐστιν ἁ μη οἰδα εἰ και ἀγαθα ὀντα τυγχανει οὐδεποτε φοβησομαι οὐδε φευξομαι	plato
ἐγνων οὐν αὐ και περι των ποιητων ἐν ὀλιγῳ τουτο ὁτι οὐ σοφιᾳ ποιοιεν ἁ ποιοιεν ἀλλα φυσει τινι και ἐνθουσιαζοντες ὡσπερ οἱ θεομαντεις και οἱ χρησμῳδοι	plato
εἰ μεν γαρ ἠν μοι χρηματα ἐτιμησαμην ἀν χρηματων ὁσα ἐμελλον ἐκτεισειν οὐδεν γαρ ἀν ἐβλαβην	plato
πολλου γε δει ὠ ἀνδρες Ἀθηναιοι	plato
φερε δη ποτερον ἐμε εἰσαγεις δευρο ὡς διαφθειροντα τους νεους και πονηροτερους ποιουντα ἑκοντα ἠ ἀκοντα	plato
οὐ γαρ ἐσθʼ αὑτη ἡ ἀπαλλαγη οὐτε πανυ δυνατη οὐτε καλη ἀλλʼ ἐκεινη και καλλιστη και ῥᾳστη μη τους ἀλλους κολουειν ἀλλʼ ἑαυτον παρασκευαζειν ὁπως ἐσται ὡς βελτιστος	plato
καλος οὐν ἀν μοι ὁ βιος εἰη ἐξελθοντι τηλικῳδε ἀνθρωπῳ ἀλλην ἐξ ἀλλης πολεως ἀμειβομενῳ και ἐξελαυνομενῳ ζην	plato
οὐ γαρ δοκω σοι ἀπολογεισθαι μελετων διαβεβιωκεναι	xenophon
τιμωμαι οὐν τοσουτου ἐγγυηται δε ὑμιν ἐσονται του ἀργυριου οὑτοι ἀξιοχρεῳ	plato
οὐχ ὁρᾳς τα Ἀθηναιων δικαστηρια ὡς πολλακις μεν οὐδεν ἀδικουντας λογῳ παραχθεντες ἀπεκτειναν πολλακις δε ἀδικουντας ἠ ἐκ του λογου οἰκτισαντες ἠ ἐπιχαριτως εἰποντας ἀπελυσαν	xenophon
και ταυτα μεν ἠν ἐτι δημοκρατουμενης της πολεως	plato
ἀποκρινεσθω ὠ ἀνδρες και μη ἀλλα και ἀλλα θορυβειτω	plato
το δʼ ἐν τῃ πολιορκιᾳ τους μεν ἀλλους οἰκτιρειν ἑαυτους ἐμε δε μηδεν ἀπορωτερον διαγειν ἠ ὁτε τα μαλιστα ἡ πολις ηὐδαιμονει	xenophon
προς ἐμαυτον δʼ οὐν ἀπιων ἐλογιζομην ὁτι τουτου μεν του ἀνθρωπου ἐγω σοφωτερος εἰμι	plato
και εἰτε δη μηδεμια αἰσθησις ἐστιν ἀλλʼ οἱον ὑπνος ἐπειδαν τις καθευδων μηδʼ ὀναρ μηδεν ὁρᾳ θαυμασιον κερδος ἀν εἰη ὁ θανατοςἐγω γαρ ἀν οἰμαι εἰ τινα ἐκλεξαμενον δεοι ταυτην την νυκτα ἐν ᾑ οὑτω κατεδαρθεν ὡστε μηδε ὀναρ ἰδειν και τας ἀλλας νυκτας τε και ἡμερας τας του βιου του ἑαυτου ἀντιπαραθεντα ταυτῃ τῃ νυκτι δεοι σκεψαμενον εἰπειν ποσας ἀμεινον και ἡδιον ἡμερας και νυκτας ταυτης της νυκτος βεβιωκεν ἐν τῳ ἑαυτου βιῳ οἰμαι ἀν μη ὁτι ἰδιωτην τινα ἀλλα τον μεγαν βασιλεα εὐαριθμητους ἀν εὑρειν αὐτον ταυτας προς τας ἀλλας ἡμερας και νυκταςεἰ οὐν τοιουτον ὁ θανατος ἐστιν κερδος ἐγωγε λεγω	plato
εἰ δε τις με φησιν ἀλλα λεγειν ἠ ταυτα οὐδεν λεγει	plato
οἱ μεν μαλιστα εὐδοκιμουντες ἐδοξαν μοι ὀλιγου δειν του πλειστου ἐνδεεις εἰναι ζητουντι κατα τον θεον ἀλλοι δε δοκουντες φαυλοτεροι ἐπιεικεστεροι εἰναι ἀνδρες προς το φρονιμως ἐχειν	plato
ταυτα δʼ εἰπων οὐκ ἐψευσατο ἀλλʼ ὁ νεανισκος ἡσθεις οἰνῳ οὐτε νυκτος οὐτε ἡμερας ἐπαυετο πινων και τελος οὐτε τῃ ἑαυτου πολει οὐτε τοις φιλοις οὐτε αὑτῳ ἀξιος οὐδενος ἐγενετο	xenophon
ἀλλα τουτου παν τοὐναντιον εὑρησετε ὠ ἀνδρες παντας ἐμοι βοηθειν ἑτοιμους τῳ διαφθειροντι τῳ κακα ἐργαζομενῳ τους οἰκειους αὐτων ὡς φασι Μελητος και Ἀνυτος	plato
ὡστε με ἐμαυτον ἀνερωταν ὑπερ του χρησμου ποτερα δεξαιμην ἀν οὑτως ὡσπερ ἐχω ἐχειν μητε τι σοφος ὠν την ἐκεινων σοφιαν μητε ἀμαθης την ἀμαθιαν ἠ ἀμφοτερα ἁ ἐκεινοι ἐχουσιν ἐχειν	plato
της γαρ ἐμης εἰ δη τις ἐστιν σοφια και οἱα μαρτυρα ὑμιν παρεξομαι τον θεον τον ἐν Δελφοις	plato
κινδυνευει γαρ μοι το συμβεβηκος τουτο ἀγαθον γεγονεναι και οὐκ ἐσθʼ ὁπως ἡμεις ὀρθως ὑπολαμβανομεν ὁσοι οἰομεθα κακον εἰναι το τεθναναι	plato
Ἑρμογενης μεντοι ὁ Ἱππονικου ἑταιρος τε ἠν αὐτῳ και ἐξηγγειλε περι αὐτου τοιαυτα ὡστε πρεπουσαν φαινεσθαι την μεγαληγοριαν αὐτου τῃ διανοιᾳ	xenophon
νυνι δε συμβεβηκε μοι ἁπερ ὁρατε και αὐτοι ταυτι ἁ γε δη οἰηθειη ἀν τις και νομιζεται ἐσχατα κακων εἰναι	plato
συ δε ὠ φιλτατε Ἀπολλοδωρε μαλλον ἐβουλου με ὁραν δικαιως ἠ ἀδικως ἀποθνῃσκοντα	xenophon
ἐγω δʼ ὠ ἀνδρες τουτῳ και ἐνταυθα ἰσως διαφερω των πολλων ἀνθρωπων και εἰ δη τῳ σοφωτερος του φαιην εἰναι τουτῳ ἀν ὁτι οὐκ εἰδως ἱκανως περι των ἐν Ἁιδου οὑτω και οἰομαι οὐκ εἰδεναι	plato
ὡστε θαυμαστον ἐμοιγε δοκει εἰναι ὁπως ποτε ἐφανη ὑμιν του θανατου ἐργον ἀξιον ἐμοι εἰργασμενον	xenophon
και γαρ εἰμι ἠδη ἐνταυθα ἐν ᾡ μαλιστα ἀνθρωποι χρησμῳδουσιν ὁταν μελλωσιν ἀποθανεισθαι	plato
ἰσως γαρ ἀν μοι τουτου τιμησαιτε	plato
ὡς ἐπος γαρ εἰπειν ὀλιγου αὐτων ἁπαντες οἱ παροντες ἀν βελτιον ἐλεγον περι ὡν αὐτοι ἐπεποιηκεσαν	plato
ἐμε γαρ ἐκεινη ἡ ἀρχη οὐκ ἐξεπληξεν οὑτως ἰσχυρα οὐσα ὡστε ἀδικον τι ἐργασασθαι ἀλλʼ ἐπειδη ἐκ της θολου ἐξηλθομεν οἱ μεν τετταρες ᾠχοντο εἰς Σαλαμινα και ἠγαγον Λεοντα ἐγω δε ᾠχομην ἀπιων οἰκαδε	plato
το δε δη μετα τουτο ἐπιθυμω ὑμιν χρησμῳδησαι ὠ καταψηφισαμενοι μου	plato
ἐντευθεν οὐν οἱ ὑπʼ αὐτων ἐξεταζομενοι ἐμοι ὀργιζονται οὐχ αὑτοις και λεγουσιν ὡς Σωκρατης τις ἐστι μιαρωτατος και διαφθειρει τους νεους	plato
και εἰ μεν τι ἀπο τουτων ἀπελαυον και μισθον λαμβανων ταυτα παρεκελευομην εἰχον ἀν τινα λογον	plato
καιτοι ἀληθες γε ὡς ἐπος εἰπειν οὐδεν εἰρηκασιν	plato
και γαρ των φιλων πολλοις δη ἐξαγγειλας τα του θεου συμβουλευματα οὐδεπωποτε ψευσαμενος ἐφανην	xenophon
ταυτα ἐγω σοι οὐ πειθομαι ὠ Μελητε οἰμαι δε οὐδε ἀλλον ἀνθρωπων οὐδενα	plato
ἁ δη πολλους και ἀλλους και ἀγαθους ἀνδρας ᾑρηκεν οἰμαι δε και αἱρησει	plato
ὁ δε και ἐν τοις ἐμπροσθεν ἐλεγον ὁτι πολλη μοι ἀπεχθεια γεγονεν και προς πολλους εὐ ἰστε ὁτι ἀληθες ἐστιν	plato
ἐπειδη δε ὀλιγαρχια ἐγενετο οἱ τριακοντα αὐ μεταπεμψαμενοι με πεμπτον αὐτον εἰς την θολον προσεταξαν ἀγαγειν ἐκ Σαλαμινος Λεοντα τον Σαλαμινιον ἱνα ἀποθανοι οἱα δη και ἀλλοις ἐκεινοι πολλοις πολλα προσεταττον βουλομενοι ὡς πλειστους ἀναπλησαι αἰτιων	plato
ἀλλʼ ὠ Μελητε οὐκ ἐστιν ὁπως συ ταυτα οὐχι ἀποπειρωμενος ἡμων ἐγραψω την γραφην ταυτην ἠ ἀπορων ὁτι ἐγκαλοις ἐμοι ἀληθες ἀδικημα	plato
Εὐηνος ἐφη ὠ Σωκρατες Παριος πεντε μνων	plato
ἠ γαρ οἱον μηδεν εἰναι μηδε αἰσθησιν μηδεμιαν μηδενος ἐχειν τον τεθνεωτα ἠ κατα τα λεγομενα μεταβολη τις τυγχανει οὐσα και μετοικησις τῃ ψυχῃ του τοπου του ἐνθενδε εἰς ἀλλον τοπον	plato
ὁ μεν γαρ ὑμας ποιει εὐδαιμονας δοκειν εἰναι ἐγω δε εἰναι και ὁ μεν τροφης οὐδεν δειται ἐγω δε δεομαι	plato
ὁμως τουτο μεν ἰτω ὁπῃ τῳ θεῳ φιλον τῳ δε νομῳ πειστεον και ἀπολογητεον	plato
δια τουτο και ἐμε οὐδαμου ἀπετρεψεν το σημειον και ἐγωγε τοις καταψηφισαμενοις μου και τοις κατηγοροις οὐ πανυ χαλεπαινω	plato
ὡς δε ᾐσθετο ἀρα τους παρεπομενους δακρυοντας τι τουτο	xenophon
ὡς δʼ αὐ ταυτʼ ἀκουσαντες οἱ δικασται ἐτι μαλλον εἰκοτως ἐθορυβουν αὐθις εἰπειν τον Σωκρατην	xenophon
ἐννοησωμεν δε και τῃδε ὡς πολλη ἐλπις ἐστιν ἀγαθον αὐτο εἰναι	plato
ἐπει δε ταυτα ἀκουοντες οἱ δικασται ἐθορυβουν οἱ μεν ἀπιστουντες τοις λεγομενοις οἱ δε και φθονουντες εἰ και παρα θεων μειζονων ἠ αὐτοι τυγχανοι παλιν εἰπειν τον Σωκρατην	xenophon
ἀπολογητεον δη ὠ ἀνδρες Ἀθηναιοι και ἐπιχειρητεον ὑμων ἐξελεσθαι την διαβολην ἡν ὑμεις ἐν πολλῳ χρονῳ ἐσχετε ταυτην ἐν οὑτως ὀλιγῳ χρονῳ	plato
ταυτα ὠ ἀνδρες Ἀθηναιοι και ἀληθη ἐστιν και εὐελεγκτα	plato
και ἰσως ἀν δια ταυτα ἀπεθανον εἰ μη ἡ ἀρχη δια ταχεων κατελυθη	plato
ὁτι μεν ὑμεις ὠ ἀνδρες Ἀθηναιοι πεπονθατε ὑπο των ἐμων κατηγορων οὐκ οἰδα	plato
λεγε οὐν ἡμιν τι ἐστιν ἱνα μη ἡμεις περι σου αὐτοσχεδιαζωμεν	plato
εἰ μη συ βουλει ἀποκρινεσθαι ἐγω σοι λεγω και τοις ἀλλοις τουτοισι	plato
ὁμως δε δη λεγε ἡμιν πως με φῃς διαφθειρειν ὠ Μελητε τους νεωτερους	plato
και μεντοι και πανυ ὠ ἀνδρες Ἀθηναιοι τουτο ὑμων δεομαι και παριεμαι	plato
οἱδε τους νεους παιδευειν οἱοι τε εἰσι και βελτιους ποιουσιν	plato
και γαρ τουτο αὐτο το του Ὁμηρου οὐδʼ ἐγω ἀπο δρυος οὐδʼ ἀπο πετρης πεφυκα ἀλλʼ ἐξ ἀνθρωπων ὡστε και οἰκειοι μοι εἰσι και ὑεις γε ὠ ἀνδρες Ἀθηναιοι τρεις εἱς μεν μειρακιον ἠδη δυο δε παιδια	plato
ἀνειλεν οὐν ἡ Πυθια μηδενα σοφωτερον εἰναι	plato
ταυτα γαρ ἑωρατε και αὐτοι ἐν τῃ Ἀριστοφανους κωμῳδιᾳ Σωκρατη τινα ἐκει περιφερομενον φασκοντα τε ἀεροβατειν και ἀλλην πολλην φλυαριαν φλυαρουντα ὡν ἐγω οὐδεν οὐτε μεγα οὐτε μικρον περι ἐπαϊω	plato
μαλιστα δε αὐτων ἑν ἐθαυμασα των πολλων ὡν ἐψευσαντο τουτο ἐν ᾡ ἐλεγον ὡς χρην ὑμας εὐλαβεισθαι μη ὑπʼ ἐμου ἐξαπατηθητε ὡς δεινου ὀντος λεγειν	plato
τους ὑεις μου ἐπειδαν ἡβησωσι τιμωρησασθε ὠ ἀνδρες ταὐτα ταυτα λυπουντες ἁπερ ἐγω ὑμας ἐλυπουν ἐαν ὑμιν δοκωσιν ἠ χρηματων ἠ ἀλλου του προτερον ἐπιμελεισθαι ἠ ἀρετης και ἐαν δοκωσι τι εἰναι μηδεν ὀντες ὀνειδιζετε αὐτοις ὡσπερ ἐγω ὑμιν ὁτι οὐκ ἐπιμελουνται ὡν δει και οἰονται τι εἰναι ὀντες οὐδενος ἀξιοι	plato
εἰ οὐν ὑμων οἱ δοκουντες διαφερειν εἰτε σοφιᾳ εἰτε ἀνδρειᾳ εἰτε ἀλλῃ ᾑτινιουν ἀρετῃ τοιουτοι ἐσονται αἰσχρον ἀν εἰη	plato
ποθεν αἱ διαβολαι σοι αὑται γεγονασιν	plato
εὐ γαρ ἰστε ἐαν με ἀποκτεινητε τοιουτον ὀντα οἱον ἐγω λεγω οὐκ ἐμε μειζω βλαψετε ἠ ὑμας αὐτους	plato
και δη και οἱ νεοι ταυτα παρʼ ἐμου μανθανουσιν ἁ ἐξεστιν ἐνιοτε εἰ πανυ πολλου δραχμης ἐκ της ὀρχηστρας πριαμενοις Σωκρατους καταγελαν ἐαν προσποιηται ἑαυτου εἰναι ἀλλως τε και οὑτως ἀτοπα ὀντα	plato
τουτου δε αἰτιον ἐστιν ὁ ὑμεις ἐμου πολλακις ἀκηκοατε πολλαχου λεγοντος ὁτι μοι θειον τι και δαιμονιον γιγνεται φωνη ὁ δη και ἐν τῃ γραφῃ ἐπικωμῳδων Μελητος ἐγραψατο	plato
ἀκουσατε δη μοι τα συμβεβηκοτα ἱνα εἰδητε ὁτι οὐδʼ ἀν ἑνι ὑπεικαθοιμι παρα το δικαιον δεισας θανατον μη ὑπεικων δε ἀλλα κἀν ἀπολοιμην	plato
ἀλλα δια τι δη ποτε μετʼ ἐμου χαιρουσι τινες πολυν χρονον διατριβοντες	plato
μαρτυρας δε αὐ ὑμων τους πολλους παρεχομαι και ἀξιω ὑμας ἀλληλους διδασκειν τε και φραζειν ὁσοι ἐμου πωποτε ἀκηκοατε διαλεγομενουπολλοι δε ὑμων οἱ τοιουτοι εἰσιν φραζετε οὐν ἀλληλοις εἰ πωποτε ἠ μικρον ἠ μεγα ἠκουσε τις ὑμων ἐμου περι των τοιουτων διαλεγομενου και ἐκ τουτου γνωσεσθε ὁτι τοιαυτʼ ἐστι και τἀλλα περι ἐμου ἁ οἱ πολλοι λεγουσιν	plato
και τουτων περι ὁ ἀδελφος ὑμιν αὐτου οὑτοσι μαρτυρησει ἐπειδη ἐκεινος τετελευτηκεν	plato
εἰ οὐν δει με κατα το δικαιον της ἀξιας τιμασθαι τουτου τιμωμαι ἐν πρυτανειῳ σιτησεως	plato
ἀπῃα οὐν και ἐντευθεν τῳ αὐτῳ οἰομενος περιγεγονεναι ᾡπερ και των πολιτικων	plato
ἀν δε αἰσθανωμαι χειρων γιγνομενος και καταμεμφωμαι ἐμαυτον πως ἀν εἰπειν ἐγω ἐτι ἀν ἡδεως βιοτευοιμι	xenophon
ἐπι ποσῳ δʼ ἀν τις ὠ ἀνδρες δικασται δεξαιτο ἐξετασαι τον ἐπι Τροιαν ἀγαγοντα την πολλην στρατιαν ἠ Ὀδυσσεα ἠ Σισυφον ἠ ἀλλους μυριους ἀν τις εἰποι και ἀνδρας και γυναικας οἱς ἐκει διαλεγεσθαι και συνειναι και ἐξεταζειν ἀμηχανον ἀν εἰη εὐδαιμονιας	plato
ἀλλʼ οὐτε τοτε ᾠηθην δειν ἑνεκα του κινδυνου πραξαι οὐδεν ἀνελευθερον οὐτε νυν μοι μεταμελει οὑτως ἀπολογησαμενῳ ἀλλα πολυ μαλλον αἱρουμαι ὡδε ἀπολογησαμενος τεθναναι ἠ ἐκεινως ζην	plato
ὁπερ γαρ ἡδιστον ἐστιν ᾐδειν ὁσιως μοι και δικαιως ἁπαντα τον βιον βεβιωμενον	xenophon
ὑμιν γαρ ὡς φιλοις οὐσιν ἐπιδειξαι ἐθελω το νυνι μοι συμβεβηκος τι ποτε νοει	plato
και ἐτυχεν ἡμων ἡ φυλη Ἀντιοχις πρυτανευουσα ὁτε ὑμεις τους δεκα στρατηγους τους οὐκ ἀνελομενους τους ἐκ της ναυμαχιας ἐβουλευσασθε ἁθροους κρινειν παρανομως ὡς ἐν τῳ ὑστερῳ χρονῳ πασιν ὑμιν ἐδοξεν	plato
ὁμως δε ὑμεις μηδε ταυτʼ εἰκῃ πιστευσητε τῳ θεῳ ἀλλα καθʼ ἑν ἑκαστον ἐπισκοπειτε ὡν εἰπεν ὁ θεος	xenophon
τα τε γαρ ἀλλα εὐδαιμονεστεροι εἰσιν οἱ ἐκει των ἐνθαδε και ἠδη τον λοιπον χρονον ἀθανατοι εἰσιν εἰπερ γε τα λεγομενα ἀληθη	plato
και ἐπειδαν μοι μη δοκῃ τῳ θεῳ βοηθων ἐνδεικνυμαι ὁτι οὐκ ἐστι σοφος	plato
τον δε λεγεται καταψησαντα αὐτου την κεφαλην εἰπειν	xenophon
βροντας δε ἀμφιλεξει τις ἠ μη φωνειν ἠ μη μεγιστον οἰωνιστηριον εἰναι	xenophon
ἐοικα γουν τουτου γε σμικρῳ τινι αὐτῳ τουτῳ σοφωτερος εἰναι ὁτι ἁ μη οἰδα οὐδε οἰομαι εἰδεναι	plato
και ἐγω ἁμα οὐκ εἰθισμαι ἐμαυτον ἀξιουν κακου οὐδενος	plato
ὁμοιως γαρ ἀν ἀτοπον εἰη ὡσπερ ἀν εἰ τις ἱππων μεν παιδας ἡγοιτο ἠ και ὀνων τους ἡμιονους ἱππους δε και ὀνους μη ἡγοιτο εἰναι	plato
τοις δε ἀποψηφισαμενοις ἡδεως ἀν διαλεχθειην ὑπερ του γεγονοτος τουτουϊ πραγματος ἐν ᾡ οἱ ἀρχοντες ἀσχολιαν ἀγουσι και οὐπω ἐρχομαι οἱ ἐλθοντα με δει τεθναναι	plato
οἱουσπερ ἐγω πολλακις ἑωρακα τινας ὁταν κρινωνται δοκουντας μεν τι εἰναι θαυμασια δε ἐργαζομενους ὡς δεινον τι οἰομενους πεισεσθαι εἰ ἀποθανουνται ὡσπερ ἀθανατων ἐσομενων ἀν ὑμεις αὐτους μη ἀποκτεινητε	plato
ἐαντε γαρ λεγω ὁτι τῳ θεῳ ἀπειθειν τουτʼ ἐστιν και δια τουτʼ ἀδυνατον ἡσυχιαν ἀγειν οὐ πεισεσθε μοι ὡς εἰρωνευομενῳ	plato
τι δη λεγοντες διεβαλλον οἱ διαβαλλοντες	plato
οὐ γαρ δη ἐγωγε αὐτην ἐπισταμαι ἀλλʼ ὁστις φησι ψευδεται τε και ἐπι διαβολῃ τῃ ἐμῃ λεγει	plato
ἡ γαρ εἰωθυια μοι μαντικη ἡ του δαιμονιου ἐν μεν τῳ προσθεν χρονῳ παντι πανυ πυκνη ἀει ἠν και πανυ ἐπι σμικροις ἐναντιουμενη εἰ τι μελλοιμι μη ὀρθως πραξειν	plato
το γαρ μη αἰσχυνθηναι ὁτι αὐτικα ὑπʼ ἐμου ἐξελεγχθησονται ἐργῳ ἐπειδαν μηδʼ ὁπωστιουν φαινωμαι δεινος λεγειν τουτο μοι ἐδοξεν αὐτων ἀναισχυντοτατον εἰναι εἰ μη ἀρα δεινον καλουσιν οὑτοι λεγειν τον τἀληθη λεγοντα	plato
οὐκ οἰσθα ὁτι μεχρι μεν τουδε οὐδενι ἀνθρωπων ὑφειμην ἀν βελτιον ἐμου βεβιωκεναι	xenophon
ὀρθως δε οἱ θεοι τοτε μου ἠναντιουντο φαναι αὐτον τῃ του λογου ἐπισκεψει ὁτε ἐδοκει ἡμιν ζητητεα εἰναι ἐκ παντος τροπου τα ἀποφευκτικα	xenophon
ἐπει και τουτο γε μοι δοκει καλον εἰναι εἰ τις οἱος τʼ εἰη παιδευειν ἀνθρωπους ὡσπερ Γοργιας τε ὁ Λεοντινος και Προδικος ὁ Κειος και Ἱππιας ὁ Ἠλειος	plato
πρωτον μεν οὐν δικαιος εἰμι ἀπολογησασθαι ὠ ἀνδρες Ἀθηναιοι προς τα πρωτα μου ψευδη κατηγορημενα και τους πρωτους κατηγορους ἐπειτα δε προς τα ὑστερον και τους ὑστερους	plato
οὐτε γαρ ἐν δικῃ οὐτʼ ἐν πολεμῳ οὐτʼ ἐμε οὐτʼ ἀλλον οὐδενα δει τουτο μηχανασθαι ὁπως ἀποφευξεται παν ποιων θανατον	plato
ἀλλα μειζω μεν ὠ ἀνδρες εἰπεν ὁ θεος ἐν χρησμοις περι Λυκουργου του Λακεδαιμονιοις νομοθετησαντος ἠ περι ἐμου	xenophon
ἰθι δη νυν εἰπε τουτοις τις αὐτους βελτιους ποιει	plato
και γαρ οὑτοι λεγουσι μεν πολλα και καλα ἰσασιν δε οὐδεν ὡν λεγουσι	plato
ἀναλαμβανων οὐν αὐτων τα ποιηματα ἁ μοι ἐδοκει μαλιστα πεπραγματευσθαι αὐτοις διηρωτων ἀν αὐτους τι λεγοιεν ἱνʼ ἁμα τι και μανθανοιμι παρʼ αὐτων	plato
ἀλλʼ ὠ ἀνδρες τους μεν διδασκοντας τους μαρτυρας ὡς χρη ἐπιορκουντας καταψευδομαρτυρειν ἐμου και τους πειθομενους τουτοις ἀναγκη ἐστι πολλην ἑαυτοις συνειδεναι ἀσεβειαν και ἀδικιαν	xenophon
σκεψασθε δη ὡν ἑνεκα ταυτα λεγω	plato
ἐσθʼ ὁστις ἱππους μεν οὐ νομιζει ἱππικα δε πραγματα	plato
πεπεισμαι ἐγω ἑκων εἰναι μηδενα ἀδικειν ἀνθρωπων ἀλλα ὑμας τουτο οὐ πειθω	plato
καιτοι ἐν ἀλλοις λογοις πολλαχου δη με ἐπεσχε λεγοντα μεταξυ	plato
ἀλλα γαρ ὠ ἀνδρες Ἀθηναιοι ὡς μεν ἐγω οὐκ ἀδικω κατα την Μελητου γραφην οὐ πολλης μοι δοκει εἰναι ἀπολογιας ἀλλα ἱκανα και ταυτα	plato
οὐκουν εἰπειν τον Σωκρατην θαυμαστον και τουτο σοι δοκει εἰναι το ἐν μεν ταις ἀλλαις πραξεσι μη μονον ἰσομοιριας τυγχανειν τους κρατιστους ἀλλα και προτετιμησθαι ἐμε δε ὁτι περι του μεγιστου ἀγαθου ἀνθρωποις περι παιδειας βελτιστος εἰναι ὑπο τινων προκρινομαι τουτου ἑνεκα θανατου ὑπο σου διωκεσθαι	xenophon
πλειους ἐσονται ὑμας οἱ ἐλεγχοντες οὑς νυν ἐγω κατειχον ὑμεις δε οὐκ ᾐσθανεσθε	plato
τον μεν γαρ διαφθειροντα ἐξευρων ὡς φῃς ἐμε εἰσαγεις τουτοισι και κατηγορεις	plato
ταυτα λεγω ὡς το παραπαν οὐ νομιζεις θεους	plato
τουτου δε του ἐγκληματος ἑν ἑκαστον ἐξετασωμεν	plato
οὐκ αὐθαδιζομενος ὠ ἀνδρες Ἀθηναιοι οὐδʼ ὑμας ἀτιμαζων ἀλλʼ εἰ μεν θαρραλεως ἐγω ἐχω προς θανατον ἠ μη ἀλλος λογος προς δʼ οὐν δοξαν και ἐμοι και ὑμιν και ὁλῃ τῃ πολει οὐ μοι δοκει καλον εἰναι ἐμε τουτων οὐδεν ποιειν και τηλικονδε ὀντα και τουτο τοὐνομα ἐχοντα εἰτʼ οὐν ἀληθες εἰτʼ οὐν ψευδος ἀλλʼ οὐν δεδογμενον γε ἐστι τῳ Σωκρατη διαφερειν των πολλων ἀνθρωπων	plato
ἐγω γαρ δη οὐτε μεγα οὐτε σμικρον συνοιδα ἐμαυτῳ σοφος ὠν	plato
ἐμαυτῳ γαρ συνῃδη οὐδεν ἐπισταμενῳ ὡς ἐπος εἰπειν τουτους δε γʼ ᾐδη ὁτι εὑρησοιμι πολλα και καλα ἐπισταμενους	plato
ἁτε οὐν οἰμαι φιλοτιμοι ὀντες και σφοδροι και πολλοι και συντεταμενως και πιθανως λεγοντες περι ἐμου ἐμπεπληκασιν ὑμων τα ὠτα και παλαι και σφοδρως διαβαλλοντες	plato
ἐμε δε θεῳ μεν οὐκ εἰκασεν ἀνθρωπων δε πολλῳ προεκρινεν ὑπερφερειν	xenophon
ἀλλοι δε ἀρα αὐτας οἰσουσι ῥᾳδιως	plato
ἐκεινου δε τι φησομεν αἰτιον εἰναι του παντας εἰδεναι ὁτι ἐγω ἡκιστʼ ἀν ἐχοιμι χρηματα ἀντιδιδοναι ὁμως πολλους ἐπιθυμειν ἐμοι τι δωρεισθαι	xenophon
το δε τους ἀλλους μεν τας εὐπαθειας ἐκ της ἀγορας πολυτελεις ποριζεσθαι ἐμε δε ἐκ της ψυχης ἀνευ δαπανης ἡδιους ἐκεινων μηχανασθαι	xenophon
ἀλλʼ ὠ προς Διος οὑτωσι σοι δοκω	plato
ἐτι γαρ και νυν πολυ καλλιους ὑμνους παρεχεται Ὀδυσσεως του ἀδικως ἀποκτειναντος αὐτον	xenophon
και πολυν μεν χρονον ἠπορουν τι ποτε λεγει	plato
Ἀνυτος μεν δη δια την του υἱου πονηραν παιδειαν και δια την αὑτου ἀγνωμοσυνην ἐτι και τετελευτηκως τυγχανει κακοδοξιας	xenophon
και οὐχ ὡς ἀτιμαζων λεγω την τοιαυτην ἐπιστημην εἰ τις περι των τοιουτων σοφος ἐστινμη πως ἐγω ὑπο Μελητου τοσαυτας δικας φευγοιμι ἀλλα γαρ ἐμοι τουτων ὠ ἀνδρες Ἀθηναιοι οὐδεν μετεστιν	plato
δοκειν γαρ εἰδεναι ἐστιν ἁ οὐκ οἰδεν	plato
ταυτʼ οὐν ἐγω μεν ἐτι και νυν περιιων ζητω και ἐρευνω κατα τον θεον και των ἀστων και ξενων ἀν τινα οἰωμαι σοφον εἰναι	plato
ἐπει γαρ ἐγνω του ἐτι ζην το τεθναναι αὐτῳ κρειττον εἰναι ὡσπερ οὐδε προς τἀλλα τἀγαθα προσαντης ἠν οὐδε προς τον θανατον ἐμαλακισατο ἀλλʼ ἱλαρως και προσεδεχετο αὐτον και ἐπετελεσατο	xenophon
και ταυτα γε ἀγαθον τοιουτον ὁτι ἀν πρεποι ἐμοι	plato
οὐ γαρ ἐστιν ὁστις ἀνθρωπων σωθησεται οὐτε ὑμιν οὐτε ἀλλῳ πληθει οὐδενι γνησιως ἐναντιουμενος και διακωλυων πολλα ἀδικα και παρανομα ἐν τῃ πολει γιγνεσθαι ἀλλʼ ἀναγκαιον ἐστι τον τῳ ὀντι μαχουμενον ὑπερ του δικαιου και εἰ μελλει ὀλιγον χρονον σωθησεσθαι ἰδιωτευειν ἀλλα μη δημοσιευειν	plato
λεγεται γαρ εἰς τον ναον εἰσιοντα προσειπειν αὐτον	xenophon
προς δε Μελητον τον ἀγαθον και φιλοπολιν ὡς φησι και τους ὑστερους μετα ταυτα πειρασομαι ἀπολογησασθαι	plato
ἐπει ὡς ἐγᾠμαι εἰ ἠν ὑμιν νομος ὡσπερ και ἀλλοις ἀνθρωποις περι θανατου μη μιαν ἡμεραν μονον κρινειν ἀλλα πολλας ἐπεισθητε ἀν	plato
κἀπειτα οἰμαι εὑρισκουσι πολλην ἀφθονιαν οἰομενων μεν εἰδεναι τι ἀνθρωπων εἰδοτων δε ὀλιγα ἠ οὐδεν	plato
η αὐτον οἰει φροντισαι θανατου και κινδυνου	plato
εἰ μεν οὐν ταυτα λεγων διαφθειρω τους νεους ταυτʼ ἀν εἰη βλαβερα	plato
κινδυνευει μεν γαρ ἡμων οὐδετερος οὐδεν καλον κἀγαθον εἰδεναι ἀλλʼ οὑτος μεν οἰεται τι εἰδεναι οὐκ εἰδως ἐγω δε ὡσπερ οὐν οὐκ οἰδα οὐδε οἰομαι	plato
ἀν γαρ νυν κατακριθῃ μου δηλον ὁτι ἐξεσται μοι τῃ τελευτῃ χρησθαι ἡ ῥᾳστη μεν ὑπο των τουτου ἐπιμεληθεντων κεκριται ἀπραγμονεστατη δε τοις φιλοις πλειστον δε ποθον ἐμποιουσα των τελευτωντων	xenophon
νυν δε οὐ γαρ ἐστιν εἰ μη ἀρα ὁσον ἀν ἐγω δυναιμην ἐκτεισαι τοσουτου βουλεσθε μοι τιμησαι	plato
ἐαν δια των αὐτων λογων ἀκουητε μου ἀπολογουμενου διʼ ὡνπερ εἰωθα λεγειν και ἐν ἀγορᾳ ἐπι των τραπεζων ἱνα ὑμων πολλοι ἀκηκοασι και ἀλλοθι μητε θαυμαζειν μητε θορυβειν τουτου ἑνεκα	plato
ὡστε φημι αὐτον ἐπι τῃ δουλοπρεπει διατριβῃ ἡν ὁ πατηρ αὐτῳ παρεσκευακεν οὐ διαμενειν	xenophon
ὡσπερ οὐν ἀν εἰ τῳ ὀντι ξενος ἐτυγχανον ὠν συνεγιγνωσκετε δηπου ἀν μοι εἰ ἐν ἐκεινῃ τῃ φωνῃ τε και τῳ τροπῳ ἐλεγον ἐν οἱσπερ ἐτεθραμμην και δη και νυν τουτο ὑμων δεομαι δικαιον ὡς γε μοι δοκω τον μεν τροπον της λεξεως ἐανἰσως μεν γαρ χειρων ἰσως δε βελτιων ἀν εἰηαὐτο δε τουτο σκοπειν και τουτῳ τον νουν προσεχειν εἰ δικαια λεγω ἠ μη	plato
εὐ μεντοι ἰστε πασαν ὑμιν την ἀληθειαν ἐρω	plato
και μοι μη ἀχθεσθε λεγοντι τἀληθη	plato
ἀλλʼ ἐκεινοι δεινοτεροι ὠ ἀνδρες οἱ ὑμων τους πολλους ἐκ παιδων παραλαμβανοντες ἐπειθον τε και κατηγορουν ἐμου μαλλον οὐδεν ἀληθες ὡς ἐστιν τις Σωκρατης σοφος ἀνηρ τα τε μετεωρα φροντιστης και τα ὑπο γης παντα ἀνεζητηκως και τον ἡττω λογον κρειττω ποιων	plato
οἱ μεν βελτιους ποιουντες αὐτους παντες ἀνθρωποι εἰναι εἱς δε τις ὁ διαφθειρων	plato
νυν δε ὡς ἐοικεν εἰ τριακοντα μοναι μετεπεσον των ψηφων ἀπεπεφευγη ἀν	plato
ἐκ ταυτησι δη της ἐξετασεως ὠ ἀνδρες Ἀθηναιοι πολλαι μεν ἀπεχθειαι μοι γεγονασι και οἱαι χαλεπωταται και βαρυταται ὡστε πολλας διαβολας ἀπʼ αὐτων γεγονεναι ὀνομα δε τουτο λεγεσθαι σοφος εἰναι	plato
ὑμεις δε ὁπερ κατʼ ἀρχας ὑμας παρῃτησαμην μεμνησθε μοι μη θορυβειν ἐαν ἐν τῳ εἰωθοτι τροπῳ τους λογους ποιωμαι	plato
ἀλλα γαρ ὠ Μελητε ἱκανως ἐπιδεικνυσαι ὁτι οὐδεπωποτε ἐφροντισας των νεων και σαφως ἀποφαινεις την σαυτου ἀμελειαν ὁτι οὐδεν σοι μεμεληκεν περι ὡν ἐμε εἰσαγεις	plato
και ἀλλους πολλους ἐγω ἐχω ὑμιν εἰπειν ὡν τινα ἐχρην μαλιστα μεν ἐν τῳ ἑαυτου λογῳ παρασχεσθαι Μελητον μαρτυρα	plato
ὡσπερ οὐν κατηγορων την ἀντωμοσιαν δει ἀναγνωναι αὐτων	plato
ἐγω δʼ οὐν και αὐτος ὑπʼ αὐτων ὀλιγου ἐμαυτου ἐπελαθομην οὑτω πιθανως ἐλεγον	plato
καιτοι οὐκ αἰσχρον σοι δοκει εἰναι και ἱκανον τεκμηριον οὑ δη ἐγω λεγω ὁτι σοι οὐδεν μεμεληκεν	plato
οὐ γαρ ἐμον ἐρω τον λογον ὁν ἀν λεγω ἀλλʼ εἰς ἀξιοχρεων ὑμιν τον λεγοντα ἀνοισω	plato
εἰ δε τις των ἀρετης ἐφιεμενων ὠφελιμωτερῳ τινι Σωκρατους συνεγενετο ἐκεινον ἐγω τον ἀνδρα ἀξιομακαριστοτατον νομιζω	xenophon
ὁρᾳς ὠ Μελητε ὁτι σιγᾳς και οὐκ ἐχεις εἰπειν	plato
και ἰστε δη οἱος ἠν Χαιρεφων ὡς σφοδρος ἐφʼ ὁτι ὁρμησειεν	plato
ἀγε δη ἀκουσατε και ἀλλα ἱνα ἐτι μαλλον οἱ βουλομενοι ὑμων ἀπιστωσι τῳ ἐμε τετιμησθαι ὑπο δαιμονων	xenophon
πρωτον μεν γαρ κελευομενος ὑποτιμασθαι οὐτε αὐτος ὑπετιμησατο οὐτε τους φιλους εἰασεν ἀλλα και ἐλεγεν ὁτι το ὑποτιμασθαι ὁμολογουντος εἰη ἀδικειν	xenophon
ἐμοι δε τουτο ὡς ἐγω φημι προστετακται ὑπο του θεου πραττειν και ἐκ μαντειων και ἐξ ἐνυπνιων και παντι τροπῳ ᾡπερ τις ποτε και ἀλλη θεια μοιρα ἀνθρωπῳ και ὁτιουν προσεταξε πραττειν	plato
εἰ γαρ τις ἀφικομενος εἰς Ἁιδου ἀπαλλαγεις τουτωνι των φασκοντων δικαστων εἰναι εὑρησει τους ὡς ἀληθως δικαστας οἱπερ και λεγονται ἐκει δικαζειν Μινως τε και Ῥαδαμανθυς και Αἰακος και Τριπτολεμος και ἀλλοι ὁσοι των ἡμιθεων δικαιοι ἐγενοντο ἐν τῳ ἑαυτων βιῳ ἀρα φαυλη ἀν εἰη ἡ ἀποδημια	plato
ἰσως οὐν ὑμιν και ταυτι λεγων παραπλησιως δοκω λεγειν ὡσπερ περι του οἰκτου και της ἀντιβολησεως ἀπαυθαδιζομενος	plato
αἰσχυνομαι οὐν ὑμιν εἰπειν ὠ ἀνδρες τἀληθη	plato
ὡς δε τουτο οὑτως ἐχει πειρασομαι και ὑμιν ἐπιδειξαι	plato
και δη ποτε και εἰς Δελφους ἐλθων ἐτολμησε τουτο μαντευσασθαικαι ὁπερ λεγω μη θορυβειτε ὠ ἀνδρεςἠρετο γαρ δη εἰ τις ἐμου εἰη σοφωτερος	plato
εὐ γαρ ἰστε ὠ ἀνδρες Ἀθηναιοι εἰ ἐγω παλαι ἐπεχειρησα πραττειν τα πολιτικα πραγματα παλαι ἀν ἀπολωλη και οὐτʼ ἀν ὑμας ὠφεληκη οὐδεν οὐτʼ ἀν ἐμαυτον	plato
ἐστιν ὁστις ἀνθρωπων ὠ Μελητε ἀνθρωπεια μεν νομιζει πραγματʼ εἰναι ἀνθρωπους δε οὐ νομιζει	plato
μετα γαρ τους πολιτικους ᾐα ἐπι τους ποιητας τους τε των τραγῳδιων και τους των διθυραμβων και τους ἀλλους ὡς ἐνταυθα ἐπʼ αὐτοφωρῳ καταληψομενος ἐμαυτον ἀμαθεστερον ἐκεινων ὀντα	plato
και οὑτω καταφρονεις τωνδε και οἰει αὐτους ἀπειρους γραμματων εἰναι ὡστε οὐκ εἰδεναι ὁτι τα Ἀναξαγορου βιβλια του Κλαζομενιου γεμει τουτων των λογων	plato
τουτʼ ἐστιν ὁ μοι ἐναντιουται τα πολιτικα πραττειν και παγκαλως γε μοι δοκει ἐναντιουσθαι	plato
ἠ αὐ Ὀρφει συγγενεσθαι και Μουσαιῳ και Ἡσιοδῳ και Ὁμηρῳ ἐπι ποσῳ ἀν τις δεξαιτʼ ἀν ὑμων	plato
φημι γαρ ὠ ἀνδρες οἱ ἐμε ἀπεκτονατε τιμωριαν ὑμιν ἡξειν εὐθυς μετα τον ἐμον θανατον πολυ χαλεπωτεραν νη Δια ἠ οἱαν ἐμε ἀπεκτονατε	plato
οἱ γαρ ἀκουοντες ἡγουνται τους ταυτα ζητουντας οὐδε θεους νομιζειν	plato
παντως οὐ δηπου τουτου γε ἑνεκα οἱ ἐκει ἀποκτεινουσι	plato
ἀλλʼ ὠ ἀνδρες Ἀθηναιοι ταὐτον μοι ἐδοξαν ἐχειν ἁμαρτημα ὁπερ και οἱ ποιηται και οἱ ἀγαθοι δημιουργοιδια το την τεχνην καλως ἐξεργαζεσθαι ἑκαστος ἠξιου και τἀλλα τα μεγιστα σοφωτατος εἰναικαι αὐτων αὑτη ἡ πλημμελεια ἐκεινην την σοφιαν ἀποκρυπτειν	plato
οὐκουν εἰπερ δαιμονας ἡγουμαι ὡς συ φῃς εἰ μεν θεοι τινες εἰσιν οἱ δαιμονες τουτʼ ἀν εἰη ὁ ἐγω φημι σε αἰνιττεσθαι και χαριεντιζεσθαι θεους οὐχ ἡγουμενον φαναι με θεους αὐ ἡγεισθαι παλιν ἐπειδηπερ γε δαιμονας ἡγουμαι	plato
ἀλλα μεντοι και το προειδεναι γε τον θεον το μελλον και το προσημαινειν ᾡ βουλεται και τουτο ὡσπερ ἐγω φημι οὑτω παντες και λεγουσι και νομιζουσιν	xenophon
και ἰσως μεν δοξω τισιν ὑμων παιζειν	plato
νυν δε εἰ ἐτι προβησεται ἡ ἡλικια οἰδʼ ὁτι ἀναγκη ἐσται τα του γηρως ἐπιτελεισθαι και ὁραν τε χειρον και ἀκουειν ἡττον και δυσμαθεστερον εἰναι και ὡν ἐμαθον ἐπιλησμονεστερον	xenophon
ἐμοι δε οὐτε ἐξιοντι ἑωθεν οἰκοθεν ἠναντιωθη το του θεου σημειον οὐτε ἡνικα ἀνεβαινον ἐνταυθοι ἐπι το δικαστηριον οὐτε ἐν τῳ λογῳ οὐδαμου μελλοντι τι ἐρειν	plato
προς δε τουτοις οἱ νεοι μοι ἐπακολουθουντεςοἱς μαλιστα σχολη ἐστιν οἱ των πλουσιωτατωναὐτοματοι χαιρουσιν ἀκουοντες ἐξεταζομενων των ἀνθρωπων και αὐτοι πολλακις ἐμε μιμουνται εἰτα ἐπιχειρουσιν ἀλλους ἐξεταζειν	plato
ἐμοι μεν οὐν δοκει θεοφιλους μοιρας τετυχηκεναι	xenophon
μη οὐν ἀξιουτε με ὠ ἀνδρες Ἀθηναιοι τοιαυτα δειν προς ὑμας πραττειν ἁ μητε ἡγουμαι καλα εἰναι μητε δικαια μητε ὁσια ἀλλως τε μεντοι νη Δια παντως και ἀσεβειας φευγοντα ὑπο Μελητου τουτουϊ	plato
λεγω δε και τοδε προς τους αὐτους τουτους	plato
μελλω γαρ ὑμας διδαξειν ὁθεν μοι ἡ διαβολη γεγονεν	plato
προς αὐτων τοινυν ὠ Μελητε τουτων των θεων ὡν νυν ὁ λογος ἐστιν εἰπε ἐτι σαφεστερον και ἐμοι και τοις ἀνδρασιν τουτοισι	plato
καιτοι οὐ ταυτῃ τῃ διανοιᾳ κατεψηφιζοντο μου και κατηγορουν ἀλλʼ οἰομενοι βλαπτειν	plato
δηλον γαρ ὁτι ἐαν μαθω παυσομαι ὁ γε ἀκων ποιω	plato
εἰ δʼ αὐ οἱον ἀποδημησαι ἐστιν ὁ θανατος ἐνθενδε εἰς ἀλλον τοπον και ἀληθη ἐστιν τα λεγομενα ὡς ἀρα ἐκει εἰσι παντες οἱ τεθνεωτες τι μειζον ἀγαθον τουτου εἰη ἀν ὠ ἀνδρες δικασται	plato
και ἐπειδαν τις αὐτους ἐρωτᾳ ὁτι ποιων και ὁτι διδασκων ἐχουσι μεν οὐδεν εἰπειν ἀλλʼ ἀγνοουσιν ἱνα δε μη δοκωσιν ἀπορειν τα κατα παντων των φιλοσοφουντων προχειρα ταυτα λεγουσιν ὁτι τα μετεωρα και τα ὑπο γης και θεους μη νομιζειν και τον ἡττω λογον κρειττω ποιειν	plato
ἐγω γαρ ὠ ἀνδρες Ἀθηναιοι ἀλλην μεν ἀρχην οὐδεμιαν πωποτε ἠρξα ἐν τῃ πολει ἐβουλευσα δε	plato
ἀλλα ταὐτον μοι ἐστιν ὁπερ νυνδη ἐλεγον	plato
ἀλλʼ οὐδε μεντοι ὁτι ἀδικως ἀποθνῃσκω δια τουτο μειον φρονητεον	xenophon
οὐδεν γαρ ἀλλο πραττων ἐγω περιερχομαι ἠ πειθων ὑμων και νεωτερους και πρεσβυτερους μητε σωματων ἐπιμελεισθαι μητε χρηματων προτερον μηδε οὑτω σφοδρα ὡς της ψυχης ὁπως ὡς ἀριστη ἐσται λεγων ὁτι οὐκ ἐκ χρηματων ἀρετη γιγνεται ἀλλʼ ἐξ ἀρετης χρηματα και τα ἀλλα ἀγαθα τοις ἀνθρωποις ἁπαντα και ἰδιᾳ και δημοσιᾳ	plato
οὐ γαρ δη και στρατηγους αἱρεισθε και προ πατερων και προ ἀδελφων και ναι μα Δια γε ὑμεις προ ὑμων αὐτων οὑς ἀν ἡγησθε περι των πολεμικων φρονιμωτατους εἰναι	xenophon
ὁμολογω φαναι τον Σωκρατην περι γε παιδειας	xenophon
και νυν ἐγω μεν ἁτε βραδυς ὠν και πρεσβυτης ὑπο του βραδυτερου ἑαλων οἱ δʼ ἐμοι κατηγοροι ἁτε δεινοι και ὀξεις ὀντες ὑπο του θαττονος της κακιας	plato
οὐχ οὑτως ἐχει ὠ Μελητε και περι ἱππων και των ἀλλων ἁπαντων ζῳων	plato
οὑτω γαρ ἐχει ὠ ἀνδρες Ἀθηναιοι τῃ ἀληθειᾳ	plato
ἐγω γαρ οὐ δυναμαι μαθειν ποτερον λεγεις διδασκειν με νομιζειν εἰναι τινας θεουςκαι αὐτος ἀρα νομιζω εἰναι θεους και οὐκ εἰμι το παραπαν ἀθεος οὐδε ταυτῃ ἀδικω οὐ μεντοι οὑσπερ γε ἡ πολις ἀλλα ἑτερους και τουτʼ ἐστιν ὁ μοι ἐγκαλεις ὁτι ἑτερους ἠ πανταπασι με φῃς οὐτε αὐτον νομιζειν θεους τους τε ἀλλους ταυτα διδασκειν	plato
συ δε εἰπε εἰ τινα οἰσθα ὑπʼ ἐμου γεγενημενον ἠ ἐξ εὐσεβους ἀνοσιον ἠ ἐκ σωφρονος ὑβριστην ἠ ἐξ εὐδιαιτου πολυδαπανον ἠ ἐκ μετριοποτου οἰνοφλυγα ἠ ἐκ φιλοπονου μαλακον ἠ ἀλλης πονηρας ἡδονης ἡττημενον	xenophon
ὁπως δε συ τινα πειθοις ἀν και σμικρον νουν ἐχοντα ἀνθρωπων ὡς οὐ του αὐτου ἐστιν και δαιμονια και θεια ἡγεισθαι και αὐ του αὐτου μητε δαιμονας μητε θεους μητε ἡρωας οὐδεμια μηχανη ἐστιν	plato
και ἀλλαι μηχαναι πολλαι εἰσιν ἐν ἑκαστοις τοις κινδυνοις ὡστε διαφευγειν θανατον ἐαν τις τολμᾳ παν ποιειν και λεγειν	plato
ἐγω μεν γαρ πολλακις ἐθελω τεθναναι εἰ ταυτʼ ἐστιν ἀληθη	plato
και χαλεπωτεροι ἐσονται ὁσῳ νεωτεροι εἰσιν και ὑμεις μαλλον ἀγανακτησετε	plato
ἐγω δε δη τινος ὑμιν ἀντιτιμησομαι ὠ ἀνδρες Ἀθηναιοι	plato
ὁρατε γαρ δη την ἡλικιαν ὁτι πορρω ἠδη ἐστι του βιου θανατου δε ἐγγυς	plato
Σωκρατους δε ἀξιον μοι δοκει εἰναι μεμνησθαι και ὡς ἐπειδη ἐκληθη εἰς την δικην ἐβουλευσατο περι τε της ἀπολογιας και της τελευτης του βιου	xenophon
τινα δε ἀνθρωπων ἐλευθεριωτερον ὁς παρʼ οὐδενος οὐτε δωρα οὐτε μισθον δεχομαι	xenophon
ἀλλα μεντοι εἰ μεν ἀγαθων ἐπιρρεοντων προαπολλυμαι δηλον ὁτι ἐμοι και τοις ἐμοις εὐνοις λυπητεον	xenophon
τον δε το μεν πρωτον ἀποκρινασθαι	xenophon
ἰσως δε τοι φαναι αὐτον και ὁ θεος διʼ εὐμενειαν προξενει μοι οὐ μονον το ἐν καιρῳ της ἡλικιας καταλυσαι τον βιον ἀλλα και το ᾑ ῥᾳστα	xenophon
οὐχ οἱ μεν πονηροι κακον τι ἐργαζονται τους ἀει ἐγγυτατω αὑτων ὀντας οἱ δʼ ἀγαθοι ἀγαθον τι	plato
ὁποτεροι δε ἡμων ἐρχονται ἐπι ἀμεινον πραγμα ἀδηλον παντι πλην ἠ τῳ θεῳ	plato
ἀλλα μοι ὠ ἀνδρες παραμεινατε τοσουτον χρονον	plato
ἠ και περι ἱππους οὑτω σοι δοκει ἐχειν	plato
ἐτι δε ἡμιν εἰπε ὠ προς Διος Μελητε ποτερον ἐστιν οἰκειν ἀμεινον ἐν πολιταις χρηστοις ἠ πονηροις	plato
οὑ ἀν τις ἑαυτον ταξῃ ἡγησαμενος βελτιστον εἰναι ἠ ὑπʼ ἀρχοντος ταχθῃ ἐνταυθα δει ὡς ἐμοι δοκει μενοντα κινδυνευειν μηδεν ὑπολογιζομενον μητε θανατον μητε ἀλλο μηδεν προ του αἰσχρου	plato
περι δε ὑγιειας τοις ἰατροις μαλλον οἱ ἀνθρωποι πειθονται ἠ τοις γονευσι	xenophon
ἀλλο τι ἠ περι πλειστου ποιῃ ὁπως ὡς βελτιστοι οἱ νεωτεροι ἐσονται	plato
θαυμαστα λεγεις τον δʼ αὐ ἀποκρινασθαι	xenophon
οὐδε γαρ ἀν ἀλλος ἀνθρωπων οὐδεις	plato
μελλω γαρ οὐν ἀττα ὑμιν ἐρειν και ἀλλα ἐφʼ οἱς ἰσως βοησεσθε	plato
τι οὐν πρεπει ἀνδρι πενητι εὐεργετῃ δεομενῳ ἀγειν σχολην ἐπι τῃ ὑμετερᾳ παρακελευσει	plato
ἰσως ἀν οὐν δοξειεν ἀτοπον εἰναι ὁτι δη ἐγω ἰδιᾳ μεν ταυτα συμβουλευω περιιων και πολυπραγμονω δημοσιᾳ δε οὐ τολμω ἀναβαινων εἰς το πληθος το ὑμετερον συμβουλευειν τῃ πολει	plato
και ὀμωμοκεν οὐ χαριεισθαι οἱς ἀν δοκῃ αὐτῳ ἀλλα δικασειν κατα τους νομους	plato
εἰ δε δαιμονια νομιζω και δαιμονας δηπου πολλη ἀναγκη νομιζειν με ἐστιν	plato
διασκοπων οὐν τουτονὀνοματι γαρ οὐδεν δεομαι λεγειν ἠν δε τις των πολιτικων προς ὁν ἐγω σκοπων τοιουτον τι ἐπαθον ὠ ἀνδρες Ἀθηναιοι και διαλεγομενος αὐτῳἐδοξε μοι οὑτος ὁ ἀνηρ δοκειν μεν εἰναι σοφος ἀλλοις τε πολλοις ἀνθρωποις και μαλιστα ἑαυτῳ εἰναι δʼ οὐ	plato
και ἐαν ταυτα ποιητε δικαια πεπονθως ἐγω ἐσομαι ὑφʼ ὑμων αὐτος τε και οἱ ὑεις	plato
τοιουτον τι μοι ἐφανησαν παθος και οἱ ποιηται πεπονθοτες και ἁμα ᾐσθομην αὐτων δια την ποιησιν οἰομενων και τἀλλα σοφωτατων εἰναι ἀνθρωπων ἁ οὐκ ἠσαν	plato
δεινον τἀν εἰη και ὡς ἀληθως τοτʼ ἀν με δικαιως εἰσαγοι τις εἰς δικαστηριον ὁτι οὐ νομιζω θεους εἰναι ἀπειθων τῃ μαντειᾳ και δεδιως θανατον και οἰομενος σοφος εἰναι οὐκ ὠν	plato
ταυτα γαρ ὠ ἀνδρες Ἀθηναιοι οὐτε ὑμας χρη ποιειν τους δοκουντας και ὁπῃουν τι εἰναι οὐτʼ ἀν ἡμεις ποιωμεν ὑμας ἐπιτρεπειν ἀλλα τουτο αὐτο ἐνδεικνυσθαι ὁτι πολυ μαλλον καταψηφιεισθε του τα ἐλεινα ταυτα δραματα εἰσαγοντος και καταγελαστον την πολιν ποιουντος ἠ του ἡσυχιαν ἀγοντος	plato
ὑπολαβοι ἀν οὐν τις ὑμων ἰσως	plato
Χαιρεφωντος γαρ ποτε ἐπερωτωντος ἐν Δελφοις περι ἐμου πολλων παροντων ἀνειλεν ὁ Ἀπολλων μηδενα εἰναι ἀνθρωπων ἐμου μητε ἐλευθεριωτερον μητε δικαιοτερον μητε σωφρονεστερον	xenophon
και τουτων ὑμιν ἐσονται πολλοι μαρτυρες	plato
ὁ δε παντων ἀλογωτατον ὁτι οὐδε τα ὀνοματα οἱον τε αὐτων εἰδεναι και εἰπειν πλην εἰ τις κωμῳδοποιος τυγχανει ὠν	plato
τουτων γαρ ἑκαστος ὠ ἀνδρες οἱος τʼ ἐστιν ἰων εἰς ἑκαστην των πολεων τους νεουςοἱς ἐξεστι των ἑαυτων πολιτων προικα συνειναι ᾡ ἀν βουλωνταιτουτους πειθουσι τας ἐκεινων συνουσιας ἀπολιποντας σφισιν συνειναι χρηματα διδοντας και χαριν προσειδεναι	plato
μη θορυβειτε ὠ ἀνδρες Ἀθηναιοι ἀλλʼ ἐμμεινατε μοι οἱς ἐδεηθην ὑμων μη θορυβειν ἐφʼ οἱς ἀν λεγω ἀλλʼ ἀκουειν	plato
ἰσως με οἰεσθε ὠ ἀνδρες Ἀθηναιοι ἀποριᾳ λογων ἑαλωκεναι τοιουτων οἱς ἀν ὑμας ἐπεισα εἰ ᾠμην δειν ἁπαντα ποιειν και λεγειν ὡστε ἀποφυγειν την δικην	plato
ὁτι δε οὑτως ἐγιγνωσκε καταδηλοτερον ἐγενετο ἐπειδη και ἡ δικη κατεψηφισθη	xenophon
νυν γαρ τουτο εἰργασθε οἰομενοι μεν ἀπαλλαξεσθαι του διδοναι ἐλεγχον του βιου το δε ὑμιν πολυ ἐναντιον ἀποβησεται ὡς ἐγω φημι	plato
οὐ πολλου γʼ ἑνεκα χρονου ὠ ἀνδρες Ἀθηναιοι ὀνομα ἑξετε και αἰτιαν ὑπο των βουλομενων την πολιν λοιδορειν ὡς Σωκρατη ἀπεκτονατε ἀνδρα σοφονφησουσι γαρ δη σοφον εἰναι εἰ και μη εἰμι οἱ βουλομενοι ὑμιν ὀνειδιζειν εἰ γουν περιεμεινατε ὀλιγον χρονον ἀπο του αὐτοματου ἀν ὑμιν τουτο ἐγενετο	plato
εἰ γαρ τουτο διεπραξαμην δηλον ὁτι ἡτοιμασαμην ἀν ἀντι του ἠδη ληξαι του βιου ἠ νοσοις ἀλγυνομενος τελευτησαι ἠ γηρᾳ εἰς ὁ παντα τα χαλεπα συρρει και μαλα ἐρημα των εὐφροσυνων	xenophon
ἐοικεν γαρ ὡσπερ αἰνιγμα συντιθεντι διαπειρωμενῳ ἀρα γνωσεται Σωκρατης ὁ σοφος δη ἐμου χαριεντιζομενου και ἐναντιʼ ἐμαυτῳ λεγοντος ἠ ἐξαπατησω αὐτον και τους ἀλλους τους ἀκουοντας	plato
νυν δε οὐδαμου περι ταυτην την πραξιν οὐτʼ ἐν ἐργῳ οὐδενι οὐτʼ ἐν λογῳ ἠναντιωται μοι	plato
οἰδʼ ὁτι και ἐμοι μαρτυρησεται ὑπο τε του ἐπιοντος και ὑπο του παρεληλυθοτος χρονου ὁτι ἠδικησα μεν οὐδενα πωποτε οὐδε πονηροτερον ἐποιησα εὐηργετουν δε τους ἐμοι διαλεγομενους προικα διδασκων ὁ τι ἐδυναμην ἀγαθον	xenophon
ἐρρηθη μεν δηλον ὁτι τουτων πλειω ὑπο τε αὐτου και των συναγορευοντων φιλων αὐτῳ	xenophon
το δʼ ἐμε μεν μηδʼ ὑφʼ ἑνος ἀπαιτεισθαι εὐεργεσιας ἐμοι δε πολλους ὁμολογειν χαριτας ὀφειλειν	xenophon
και φαινεται τουτον λεγειν τον Σωκρατη προσκεχρησθαι δε τῳ ἐμῳ ὀνοματι ἐμε παραδειγμα ποιουμενος ὡσπερ ἀν εἰ εἰποι ὁτι οὑτος ὑμων ὠ ἀνθρωποι σοφωτατος ἐστιν ὁστις ὡσπερ Σωκρατης ἐγνωκεν ὁτι οὐδενος ἀξιος ἐστι τῃ ἀληθειᾳ προς σοφιαν	plato
νυν οὐν ὠ ἀνδρες Ἀθηναιοι πολλου δεω ἐγω ὑπερ ἐμαυτου ἀπολογεισθαι ὡς τις ἀν οἰοιτο ἀλλα ὑπερ ὑμων μη τι ἐξαμαρτητε περι την του θεου δοσιν ὑμιν ἐμου καταψηφισαμενοι	plato
ἐγω δε διδασκαλος μεν οὐδενος πωποτʼ ἐγενομην	plato
ταχα δʼ ἀν τις ὑμων ἀγανακτησειεν ἀναμνησθεις ἑαυτου εἰ ὁ μεν και ἐλαττω τουτουϊ του ἀγωνος ἀγωνα ἀγωνιζομενος ἐδεηθη τε και ἱκετευσε τους δικαστας μετα πολλων δακρυων παιδια τε αὑτου ἀναβιβασαμενος ἱνα ὁτι μαλιστα ἐλεηθειη και ἀλλους των οἰκειων και φιλων πολλους ἐγω δε οὐδεν ἀρα τουτων ποιησω και ταυτα κινδυνευων ὡς ἀν δοξαιμι τον ἐσχατον κινδυνον	plato
και τουτʼ ἐστιν ὁ ἐμε αἱρει ἐανπερ αἱρῃ οὐ Μελητος οὐδε Ἀνυτος ἀλλʼ ἡ των πολλων διαβολη τε και φθονος	plato
και γαρ οἱ φθογγοις οἰωνων και οἱ φημαις ἀνθρωπων χρωμενοι φωναις δηπου τεκμαιρονται	xenophon
ἀλλʼ οὐ τουτο ἐρωτω ὠ βελτιστε ἀλλα τις ἀνθρωπος ὁστις πρωτον και αὐτο τουτο οἰδε τους νομους	plato
ἐγω γουν και αὐτος ἐκαλλυνομην τε και ἡβρυνομην ἀν εἰ ἠπισταμην ταυτα	plato
ἀλλʼ οἱ μεν οἰωνους τε και φημας και συμβολους τε και μαντεις ὀνομαζουσι τους προσημαινοντας εἰναι ἐγω δε τουτο δαιμονιον καλω και οἰμαι οὑτως ὀνομαζων και ἀληθεστερα και ὁσιωτερα λεγειν των τοις ὀρνισιν ἀνατιθεντων την των θεων δυναμιν	xenophon
οὐδε γαρ ἀναβιβασασθαι οἱον τʼ ἐστιν αὐτων ἐνταυθοι οὐδʼ ἐλεγξαι οὐδενα ἀλλʼ ἀναγκη ἀτεχνως ὡσπερ σκιαμαχειν ἀπολογουμενον τε και ἐλεγχειν μηδενος ἀποκρινομενου	plato
πολλου γε δει ὠ ἀνδρες Ἀθηναιοι	plato
ἐπειτα των ἑταιρων ἐκκλεψαι βουλομενων αὐτον οὐκ ἐφειπετο ἀλλα και ἐπισκωψαι ἐδοκει ἐρομενος εἰ που εἰδειεν τι χωριον ἐξω της Ἀττικης ἐνθα οὐ προσβατον θανατῳ	xenophon
ἐφʼ οἱς γε μην ἐργοις κειται θανατος ἡ ζημια ἱεροσυλιᾳ τοιχωρυχιᾳ ἀνδραποδισει πολεως προδοσιᾳ οὐδʼ αὐτοι οἱ ἀντιδικοι τουτων πραξαι τι κατʼ ἐμου φασιν	xenophon
το μεν μη ἀγανακτειν ὠ ἀνδρες Ἀθηναιοι ἐπι τουτῳ τῳ γεγονοτι ὁτι μου κατεψηφισασθε ἀλλα τε μοι πολλα συμβαλλεται και οὐκ ἀνελπιστον μοι γεγονεν το γεγονος τουτο ἀλλα πολυ μαλλον θαυμαζω ἑκατερων των ψηφων τον γεγονοτα ἀριθμον	plato
τι δη οὐν οὐδεν τουτων ποιησω	plato
τις ἠν δʼ ἐγω και ποδαπος και ποσου διδασκει	plato
ταυτα γαρ ἐγω ἀκουσας ἐνεθυμουμην οὑτωσι	plato
οἰμαι γαρ σε ἐσκεφθαι δια την των ὑεων κτησιν	plato
το μεν δη ἐγκλημα τοιουτον ἐστιν	plato
οὑτος γαρ ἐμοι φαινεται τα ἐναντια λεγειν αὐτος ἑαυτῳ ἐν τῃ γραφῃ ὡσπερ ἀν εἰ εἰποι	plato
ἡ δε Πυθοι ἐν τῳ τριποδι ἱερεια οὐ και αὐτη φωνῃ τα παρα του θεου διαγγελλει	xenophon
ὁτι δʼ ἐγω τυγχανω ὠν τοιουτος οἱος ὑπο του θεου τῃ πολει δεδοσθαι ἐνθενδε ἀν κατανοησαιτε	plato
ταυτα μεν που ἰσως οὑτως και ἐδει σχειν και οἰμαι αὐτα μετριως ἐχειν	plato
οὐδε γαρ ἐγωγε ἀντι Διος και Ἡρας και των συν τουτοις θεων οὐτε θυων τισι καινοις δαιμοσιν οὐτε ὀμνυς οὐτε νομιζων ἀλλους θεους ἀναπεφηνα	xenophon
κἀν μεν τουτους ἀπελαυνω οὑτοι με αὐτοι ἐξελωσι πειθοντες τους πρεσβυτερους	plato
αὐτοι μεν γαρ οἱ διεφθαρμενοι ταχʼ ἀν λογον ἐχοιεν βοηθουντες	plato
τοτε μεντοι ἐγω οὐ λογῳ ἀλλʼ ἐργῳ αὐ ἐνεδειξαμην ὁτι ἐμοι θανατου μεν μελει εἰ μη ἀγροικοτερον ἠν εἰπειν οὐδʼ ὁτιουν του δε μηδεν ἀδικον μηδʼ ἀνοσιον ἐργαζεσθαι τουτου δε το παν μελει	plato
ἀλλα χρηματων και δεδεσθαι ἑως ἀν ἐκτεισω	plato
ἐπει ἐμοιγε και αὐτῳ θαυμαστη ἀν εἰη ἡ διατριβη αὐτοθι ὁποτε ἐντυχοιμι Παλαμηδει και Αἰαντι τῳ Τελαμωνος και εἰ τις ἀλλος των παλαιων δια κρισιν ἀδικον τεθνηκεν ἀντιπαραβαλλοντι τα ἐμαυτου παθη προς τα ἐκεινωνὡς ἐγω οἰμαι οὐκ ἀν ἀηδες εἰηκαι δη το μεγιστον τους ἐκει ἐξεταζοντα και ἐρευνωντα ὡσπερ τους ἐνταυθα διαγειν τις αὐτων σοφος ἐστιν και τις οἰεται μεν ἐστιν δʼ οὐ	plato
αὐθις γαρ δη ὡσπερ ἑτερων τουτων ὀντων κατηγορων λαβωμεν αὐ την τουτων ἀντωμοσιαν	plato
ἀλλʼ ὁμως οὐδενα αὐτων δευρο ἀναβιβασαμενος δεησομαι ὑμων ἀποψηφισασθαι	plato
οἱ ἐμοι δοκουσιν αἰσχυνην τῃ πολει περιαπτειν ὡστʼ ἀν τινα και των ξενων ὑπολαβειν ὁτι οἱ διαφεροντες Ἀθηναιων εἰς ἀρετην οὑς αὐτοι ἑαυτων ἐν τε ταις ἀρχαις και ταις ἀλλαις τιμαις προκρινουσιν οὑτοι γυναικων οὐδεν διαφερουσιν	plato
και ἐν ταις ἐκκλησιαις γε παντες δηπου οἱ Ἀθηναιοι τοις φρονιμωτατα λεγουσι πειθονται μαλλον ἠ τοις προσηκουσιν	xenophon
δικαστου μεν γαρ αὑτη ἀρετη ῥητορος δε τἀληθη λεγειν	plato
ἐτυχον γαρ προσελθων ἀνδρι ὁς τετελεκε χρηματα σοφισταις πλειω ἠ συμπαντες οἱ ἀλλοι Καλλιᾳ τῳ Ἱππονικου	plato
ἐκ τουτων και Μελητος μοι ἐπεθετο και Ἀνυτος και Λυκων Μελητος μεν ὑπερ των ποιητων ἀχθομενος Ἀνυτος δε ὑπερ των δημιουργων και των πολιτικων Λυκων δε ὑπερ των ῥητορων	plato
νομιζω τε γαρ ὠ ἀνδρες Ἀθηναιοι ὡς οὐδεις των ἐμων κατηγορων και ὑμιν ἐπιτρεπω και τῳ θεῳ κριναι περι ἐμου ὁπῃ μελλει ἐμοι τε ἀριστα εἰναι και ὑμιν	plato
ἀλλα ταυτα οὑτος μεν ἰσως οἰεται και ἀλλος τις που μεγαλα κακα ἐγω δʼ οὐκ οἰομαι ἀλλα πολυ μαλλον ποιειν ἁ οὑτοσι νυν ποιει ἀνδρα ἀδικως ἐπιχειρειν ἀποκτεινυναι	plato
ἐμε μεν γαρ οὐδεν ἀν βλαψειεν οὐτε Μελητος οὐτε Ἀνυτοςοὐδε γαρ ἀν δυναιτοοὐ γαρ οἰομαι θεμιτον εἰναι ἀμεινονι ἀνδρι ὑπο χειρονος βλαπτεσθαι	plato
δικαιοτερον δε τινα ἀν εἰκοτως νομισαιτε του προς τα παροντα συνηρμοσμενου ὡς των ἀλλοτριων μηδενος προσδεισθαι	xenophon
ἀξιωσατε οὐν και ὑμεις ὡσπερ ἐγω λεγω διττους μου τους κατηγορους γεγονεναι ἑτερους μεν τους ἀρτι κατηγορησαντας ἑτερους δε τους παλαι οὑς ἐγω λεγω και οἰηθητε δειν προς ἐκεινους πρωτον με ἀπολογησασθαι	plato
ἠ μη παθω τουτο οὑ Μελητος μοι τιμαται ὁ φημι οὐκ εἰδεναι οὐτʼ εἰ ἀγαθον οὐτʼ εἰ κακον ἐστιν	plato
τους δε δαιμονας οὐχι ἠτοι θεους γε ἡγουμεθα ἠ θεων παιδας	plato
ἀλλʼ ὠ Σωκρατες το σον τι ἐστι πραγμα	plato
οὐ γαρ ἐστι μοι χρηματα ὁποθεν ἐκτεισω	plato
εἰ γε μην ὁσα εἰρηκα περι ἐμαυτου μηδεις δυναιτʼ ἀν ἐξελεγξαι με ὡς ψευδομαι πως οὐκ ἀν ἠδη δικαιως και ὑπο θεων και ὑπʼ ἀνθρωπων ἐπαινοιμην	xenophon
ταυτα μεν οὐν ὑμιν τοις καταψηφισαμενοις μαντευσαμενος ἀπαλλαττομαι	plato
και τουτου μεν οὐκ ἐψευσθην ἀλλʼ ἠπισταντο ἁ ἐγω οὐκ ἠπισταμην και μου ταυτῃ σοφωτεροι ἠσαν	plato
ἀλλʼ ὁ μεν ἀνηρ ὁδε κυδρος ὡς μεγα τι και καλον διαπεπραγμενος εἰ ἀπεκτονε με ὁτι αὐτον των μεγιστων ὑπο της πολεως ὁρων ἀξιουμενον οὐκ ἐφην χρηναι τον υἱον περι βυρσας παιδευειν	xenophon
δηλον γαρ ὁτι οἰσθα μελον γε σοι	plato
καιτοι ἐπισταμεθα μεν δηπου τινες εἰσι νεων διαφθοραι	xenophon
οὐδε ἡλιον οὐδε σεληνην ἀρα νομιζω θεους εἰναι ὡσπερ οἱ ἀλλοι ἀνθρωποι	plato
το δε μη ἀποθανειν οὐκ ᾠετο λιπαρητεον εἰναι ἀλλα και καιρον ἠδη ἐνομιζεν ἑαυτῳ τελευταν	xenophon
εἰ γαρ δη ἐγωγε των νεων τους μεν διαφθειρω τους δε διεφθαρκα χρην δηπου εἰτε τινες αὐτων πρεσβυτεροι γενομενοι ἐγνωσαν ὁτι νεοις οὐσιν αὐτοις ἐγω κακον πωποτε τι συνεβουλευσα νυνι αὐτους ἀναβαινοντας ἐμου κατηγορειν και τιμωρεισθαι	plato
τοιουτος οὐν ἀλλος οὐ ῥᾳδιως ὑμιν γενησεται ὠ ἀνδρες ἀλλʼ ἐαν ἐμοι πειθησθε φεισεσθε μου	plato
ἀδικει Σωκρατης θεους οὐ νομιζων ἀλλα θεους νομιζων	plato
ὠ παι εἰ τιμωρησεις Πατροκλῳ τῳ ἑταιρῳ τον φονον και Ἑκτορα ἀποκτενεις αὐτος ἀποθανῃαὐτικα γαρ τοι φησι μεθʼ Ἑκτορα ποτμος ἑτοιμος ὁ δε τουτο ἀκουσας του μεν θανατου και του κινδυνου ὠλιγωρησε πολυ δε μαλλον δεισας το ζην κακος ὠν και τοις φιλοις μη τιμωρειν αὐτικα φησι τεθναιην δικην ἐπιθεις τῳ ἀδικουντι ἱνα μη ἐνθαδε μενω καταγελαστος παρα νηυσι κορωνισιν ἀχθος ἀρουρης	plato
ἐγω μεν δη κατανοων του ἀνδρος την τε σοφιαν και την γενναιοτητα οὐτε μη μεμνησθαι δυναμαι αὐτου οὐτε μεμνημενος μη οὐκ ἐπαινειν	xenophon
οὑτος ἐμος τε ἑταιρος ἠν ἐκ νεου και ὑμων τῳ πληθει ἑταιρος τε και συνεφυγε την φυγην ταυτην και μεθʼ ὑμων κατηλθε	plato
τι οὐν ποτε λεγει φασκων ἐμε σοφωτατον εἰναι	plato
ἠλθον ἐπι τινα των δοκουντων σοφων εἰναι ὡς ἐνταυθα εἰπερ που ἐλεγξων το μαντειον και ἀποφανων τῳ χρησμῳ ὁτι οὑτοσι ἐμου σοφωτερος ἐστι συ δʼ ἐμε ἐφησθα	plato
ἐκεινος γαρ ἐφη ὁρων αὐτον περι παντων μαλλον διαλεγομενον ἠ περι της δικης εἰπειν	xenophon
σιγων δε και ἡσυχιαν ἀγων ὠ Σωκρατες οὐχ οἱος τʼ ἐσῃ ἡμιν ἐξελθων ζην	plato
εἰ δη τις ὑμων οὑτως ἐχειοὐκ ἀξιω μεν γαρ ἐγωγε εἰ δʼ οὐνἐπιεικη ἀν μοι δοκω προς τουτον λεγειν λεγων ὁτι ἐμοι ὠ ἀριστε εἰσιν μεν που τινες και οἰκειοι	plato
τουτι δη ἐστι παντων χαλεπωτατον πεισαι τινας ὑμων	plato
μα Διʼ εἰπειν αὐτον ὠ Ἑρμογενες ἐγω ταυτα οὐδε προθυμησομαι ἀλλʼ ὁσων νομιζω τετυχηκεναι καλων και παρα θεων και παρʼ ἀνθρωπων και ἡν ἐγω δοξαν ἐχω περι ἐμαυτου ταυτην ἀναφαινων εἰ βαρυνω τους δικαστας αἱρησομαι τελευταν μαλλον ἠ ἀνελευθερως το ζην ἐτι προσαιτων κερδαναι τον πολυ χειρω βιον ἀντι θανατου	xenophon
και γαρ ὡς ἐγω οἰμαι ὀνησεσθε ἀκουοντες	plato
ταυτι μοι δοκει δικαια λεγειν ὁ λεγων κἀγω ὑμιν πειρασομαι ἀποδειξαι τι ποτʼ ἐστιν τουτο ὁ ἐμοι πεποιηκεν το τε ὀνομα και την διαβολην	plato
μεγαλα δʼ ἐγωγε ὑμιν τεκμηρια παρεξομαι τουτων οὐ λογους ἀλλʼ ὁ ὑμεις τιματε ἐργα	plato
ἀλλα τουτο ἐγωγε ὠ Σωκρατες χαλεπωτατα φερω ὁτι ὁρω σε ἀδικως ἀποθνῃσκοντα	xenophon
οὑτοι δε ταχʼ ἀν οὑς ἀρτι ἐλεγον μειζω τινα ἠ κατʼ ἀνθρωπον σοφιαν σοφοι εἰεν ἠ οὐκ ἐχω τι λεγω	plato
τοσουτον συ ἐμου σοφωτερος εἰ τηλικουτου ὀντος τηλικοσδε ὠν ὡστε συ μεν ἐγνωκας ὁτι οἱ μεν κακοι κακον τι ἐργαζονται ἀει τους μαλιστα πλησιον ἑαυτων οἱ δε ἀγαθοι ἀγαθον ἐγω δε δη εἰς τοσουτον ἀμαθιας ἡκω ὡστε και τουτʼ ἀγνοω ὁτι ἐαν τινα μοχθηρον ποιησω των συνοντων κινδυνευσω κακον τι λαβειν ὑπʼ αὐτου ὡστε τουτο το τοσουτον κακον ἑκων ποιω ὡς φῃς συ	plato
το δε ἀδικειν και ἀπειθειν τῳ βελτιονι και θεῳ και ἀνθρωπῳ ὁτι κακον και αἰσχρον ἐστιν οἰδα	plato
οὐ μεντοι μα Δια οὐδʼ ὁπωστιουν	plato
ἀλλα μη οὐ τουτʼ ᾐ χαλεπον ὠ ἀνδρες θανατον ἐκφυγειν ἀλλα πολυ χαλεπωτερον πονηριαν	plato
ἡνπερ νομιζω μελετην εἰναι καλλιστην ἀπολογιας	xenophon
γεγραφασι μεν οὐν περι τουτου και ἀλλοι και παντες ἐτυχον της μεγαληγοριας αὐτου	xenophon
ἐντευθεν οὐν τουτῳ τε ἀπηχθομην και πολλοις των παροντων	plato
