ἀλλα γαρ ὠ ἀνδρες Ἀθηναιοι τουτο μεν ἠδη δηλον οὑ@@ γ@@ ω ἐλεγον ὁτι Με@@ λη@@ τῳ τουτων οὐτε μεγα οὐτε μικρον πωποτε ἐ@@ με@@ λησ@@ εν	plato
οὐδε γαρ ἀν δηπου πρε@@ ποι ὠ ἀνδρες τ@@ ῃ@@ δε τῃ ἡλικι@@ ᾳ ὡσπερ μει@@ ρα@@ κι@@ ῳ π@@ λατ@@ το@@ ντι λογους εἰς ὑμας εἰ@@ σι@@ εναι	plato
ἐαν δε μη ἀπε@@ λαυ@@ νω οἱ τουτων πα@@ τε@@ ρες δε και οἰκει@@ οι διʼ αὐτους τουτους	plato
τι@@ θη@@ μι γαρ σε ὁμολογ@@ ουντα ἐπειδη οὐκ ἀποκρι@@ νῃ	plato
οὐδεν γαρ κωλυ@@ ει δια@@ μυ@@ θο@@ λογ@@ ησαι προς ἀλληλους ἑως ἐξε@@ στιν	plato
ἐμοι δε τι προσηκει νυν μειον φρο@@ νειν ἠ πριν κατα@@ κρι@@ θηναι μηδεν ἐλεγ@@ χθε@@ ντι ὡς πεποιη@@ κα τι ὡν ἐγ@@ ρα@@ ψα@@ ντο με	xenophon
τι ποτε λεγει ὁ θεος και τι ποτε αἰ@@ νι@@ τ@@ τε@@ ται	plato
ὡς μο@@ χ@@ θη@@ ρος οὑτος ἐφη ὁς οὐκ ἐοικεν εἰδεναι ὁτι ὁπο@@ τερος ἡμων και συμφο@@ ρω@@ τερα και καλλι@@ ω εἰς τον ἀει χρονον δια@@ πε@@ πρα@@ κ@@ ται οὑτος ἐστι και ὁ νι@@ κων	xenophon
παρα@@ μυ@@ θει@@ ται δʼ ἐτι με και Πα@@ λα@@ μη@@ δης ὁ παρα@@ πλησι@@ ως ἐμοι τελευτη@@ σας	xenophon
και γαρ ὑμεις ἐκεινων προτερον ἠκ@@ ουσ@@ α@@ τε κατη@@ γο@@ ρου@@ ντων και πολυ μαλλον ἠ τω@@ νδε των ὑστερον	plato
εἰ δε ἀκ@@ ων δια@@ φθει@@ ρω των τοιουτων και ἀκουσ@@ ι@@ ων ἁμαρ@@ τη@@ ματων οὐ δευ@@ ρ@@ ο νο@@ μος εἰ@@ σα@@ γειν ἐστιν ἀλλα ἰδι@@ ᾳ λαβ@@ οντα διδασκειν και νου@@ θε@@ τειν	plato
οὑτοι ὠ ἀνδρες Ἀθηναιοι οἱ ταυτην την φη@@ μην κατα@@ σκε@@ δα@@ σαντες οἱ δει@@ νοι εἰσιν μου κατη@@ γο@@ ροι	plato
πανυ μεν οὐν σφοδρα ταυτα λεγω	plato
ἐπειτα εἰσιν οὑτοι οἱ κατη@@ γο@@ ροι πολλοι και πολυν χρονον ἠδη κατη@@ γο@@ ρη@@ κοτες ἐτι δε και ἐν ταυτῃ τῃ ἡλικι@@ ᾳ λεγοντες προς ὑμας ἐν ᾑ ἀν μαλιστα ἐπισ@@ τευ@@ σα@@ τε παιδες ὀντες ἐνι@@ οι ὑμων και μει@@ ρα@@ κια ἀ@@ τεχ@@ νως ἐρη@@ μην κατη@@ γο@@ ρου@@ ντες ἀπο@@ λογ@@ ου@@ μενου οὐδενος	plato
ἐστιν οὐν ὁστις βουλεται ὑπο των συνο@@ ντων βλα@@ π@@ τεσθαι μαλλον ἠ ὠφε@@ λεισθαι	plato
νυν δε ὁρα@@ τε δη και αὐτοι ὁτι οἱ κατη@@ γο@@ ροι τἀλλα παντα ἀνα@@ ισ@@ χυ@@ ντως οὑτω κατη@@ γο@@ ρου@@ ντες τουτο γε οὐχ οἱ@@ οι τε ἐγενοντο ἀπα@@ να@@ ισ@@ χυ@@ ντ@@ ησαι παρα@@ σχο@@ μενοι μαρτυ@@ ρα ὡς ἐγω ποτε τινα ἠ ἐπρα@@ ξα@@ μην μισθον ἠ ᾐ@@ τη@@ σα	plato
εἰ δε χαλε@@ πων προσ@@ δο@@ κω@@ μενων κατα@@ λυ@@ ω τον βιον ἐγω μεν οἰμαι ὡς εὐ@@ πραγ@@ ου@@ ντος ἐμου πασιν ὑμιν εὐθυ@@ μη@@ τεον εἰναι	xenophon
οὐ γαρ ἐ@@ σθʼ ὁπως οὐκ ἠ@@ ναντι@@ ω@@ θη ἀν μοι το εἰω@@ θος ση@@ μειον εἰ μη τι ἐ@@ με@@ λλον ἐγω ἀγαθον πραξ@@ ειν	plato
οὐ γαρ ᾠ@@ ο@@ μην ἐγωγε οὑτω παρʼ ὀλι@@ γον ἐσεσθαι ἀλλα παρα πολυ	plato
συ δε ἡμιν ἀποκρι@@ ναι ὠ Με@@ λη@@ τε	plato
οὑτως δε γ@@ νοντα αὐτον ἐφη ἐπειδη κατη@@ γο@@ ρ@@ ησαν αὐτου οἱ ἀντι@@ δι@@ κοι ὡς οὑς μεν ἡ πολις νομιζ@@ ει θεους οὐ νομιζ@@ οι ἑτερα δε και@@ να δαιμο@@ νια εἰσ@@ φε@@ ροι και τους νε@@ ους δια@@ φθει@@ ροι παρε@@ λθ@@ οντα εἰπειν	xenophon
εὐ γαρ οἰδʼ ὁτι ὁποι ἀν ἐλθ@@ ω λεγο@@ ντος ἐμου ἀκρο@@ α@@ σ@@ ονται οἱ νε@@ οι ὡσπερ ἐνθαδε	plato
τα γαρ ἀληθη οἰ@@ ομαι οὐκ ἀν ἐθε@@ λοι@@ εν λεγειν ὁτι κατα@@ δη@@ λοι γιγνονται προσ@@ ποιου@@ μενοι μεν εἰδεναι εἰδο@@ τες δε οὐδεν	plato
και ὑπο ταυτης της ἀ@@ σχο@@ λι@@ ας οὐτε τι των της πολεως πρα@@ ξαι μοι σχο@@ λη γεγο@@ νεν ἀξιον λογου οὐτε των οἰκει@@ ων ἀλλʼ ἐν πε@@ νι@@ ᾳ μυ@@ ριᾳ εἰμι δια την του θε@@ ου λατ@@ ρει@@ αν	plato
ὁταν γαρ ἀ@@ σχη@@ μον μεν μηδεν μηδε δυ@@ σχε@@ ρες ἐν ταις γνω@@ μα@@ ις των παρο@@ ντων κατα@@ λει@@ πη@@ ται τις ὑγι@@ ες δε το σωμα ἐχων και την ψυχην δυνα@@ μενην φιλο@@ φρο@@ ν@@ εισθαι ἀπο@@ μα@@ ραι@@ νηται πως οὐκ ἀναγκη τουτον πο@@ θει@@ νον εἰναι	xenophon
ἀλλʼ ἀρα ὠ Με@@ λη@@ τε μη οἱ ἐν τῃ ἐκ@@ κ@@ λησι@@ ᾳ οἱ ἐκ@@ κ@@ λησι@@ α@@ σται δια@@ φθει@@ ρ@@ ουσι τους νεω@@ τερους	plato
ὡστε οὐδʼ εἰ με νυν ὑμεις ἀφι@@ ετε Ἀ@@ νυ@@ τῳ ἀπισ@@ τη@@ σαντες ὁς ἐφη ἠ την ἀρχην οὐ δειν ἐμε δευ@@ ρ@@ ο εἰ@@ σε@@ λθειν ἠ ἐπειδη εἰ@@ ση@@ λθον οὐχ οἱον τʼ εἰναι το μη ἀποκτει@@ ναι με λεγων προς ὑμας ὡς εἰ δια@@ φευ@@ ξ@@ οι@@ μην ἠδη ἀν ὑμων οἱ ὑ@@ εις ἐπιτη@@ δευ@@ οντες ἁ Σωκρατης διδασ@@ κει παντες παντα@@ πασι δια@@ φθα@@ ρησ@@ ονται εἰ μοι προς ταυτα εἰ@@ ποι@@ τε	plato
ἐμου γαρ πολλοι κατη@@ γο@@ ροι γεγο@@ να@@ σι προς ὑμας και παλαι πολλα ἠδη ἐ@@ τη και οὐδεν ἀληθες λεγοντες οὑς ἐγω μαλλον φοβου@@ μαι ἠ τους ἀμφι Ἀ@@ νυ@@ τον και@@ περ ὀντας και τουτους δει@@ νους	plato
ἐγω οὐν δει@@ να ἀν εἰ@@ ην εἰ@@ ργα@@ σ@@ μενος ὠ ἀνδρες Ἀθηναιοι εἰ ὁτε μεν με οἱ ἀρχ@@ οντες ἐ@@ τα@@ ττον οὑς ὑμεις εἱ@@ λε@@ σθε ἀρχειν μου και ἐν Πο@@ τει@@ δαι@@ ᾳ και ἐν Ἀ@@ μ@@ φι@@ πολει και ἐπι Δ@@ η@@ λι@@ ῳ τοτε μεν οὑ ἐκεινοι ἐ@@ τα@@ ττον ἐ@@ μενον ὡσπερ και ἀλλος τις και ἐκ@@ ι@@ ν@@ δυ@@ νευ@@ ον ἀποθα@@ νειν του δε θε@@ ου τα@@ ττο@@ ντος ὡς ἐγω ᾠ@@ ηθ@@ ην τε και ὑπε@@ λαβ@@ ον φιλοσοφ@@ ουντα με δειν ζην και ἐξε@@ τα@@ ζ@@ οντα ἐμαυτον και τους ἀλλους ἐνταυθα δε φοβ@@ ηθ@@ εις ἠ θανα@@ τον ἡ ἀλλʼ ὁτιουν πραγμα λι@@ ποι@@ μι την ταξιν	plato
κ@@ ἀπει@@ τα ἐπει@@ ρω@@ μην αὐτῳ δεικνυ@@ ναι ὁτι οἰ@@ οιτο μεν εἰναι σοφ@@ ος εἰη δʼ οὐ	plato
ἀλλʼ εἰπε ὠ@@ γα@@ θ@@ ε τις αὐτους ἀμει@@ νους ποιει	plato
ὡστε ἀφρο@@ νε@@ στερα αὐτου φαινεται εἰναι ἡ μεγα@@ λη@@ γο@@ ρια	xenophon
και γαρ ἐν ταις μα@@ χα@@ ις πολλακις δηλον γιγνεται ὁτι το γε ἀποθα@@ νειν ἀν τις ἐκ@@ φυ@@ γ@@ οι και ὁπλα ἀφ@@ εις και ἐφʼ ἱ@@ κε@@ τει@@ αν τρα@@ πο@@ μενος των διω@@ κ@@ οντων	plato
πε@@ πει@@ σ@@ μενος δη ἐγω μηδε@@ να ἀδι@@ κειν πολλου δε@@ ω ἐμαυτον γε ἀδι@@ κ@@ ησ@@ ειν και κατʼ ἐμαυ@@ του ἐρ@@ ειν αὐτος ὡς ἀξι@@ ος εἰμι του κα@@ κου και τι@@ μησ@@ εσθαι τοιου@@ του τινος ἐμαυ@@ τῳ	plato
ἀπισ@@ τος γʼ εἰ ὠ Με@@ λη@@ τε και ταυτα μεντοι ὡς ἐμοι δοκεις σαυ@@ τῳ	plato
ἠ αὐ@@ λη@@ τας μεν οὐ νομιζ@@ ει εἰναι αὐ@@ λη@@ τικα δε πραγματα	plato
οὑτοι μεν οὐν ὡσπερ ἐγω λεγω ἠ τι ἠ οὐδεν ἀληθες εἰρη@@ κα@@ σιν ὑμεις δε μου ἀκουσ@@ εσθε πασαν την ἀληθ@@ ει@@ α@@ νο@@ ὐ μεντοι μα Δια ὠ ἀνδρες Ἀθηναιοι κε@@ καλλι@@ ε@@ πη@@ μενους γε λογους ὡσπερ οἱ τουτων ῥη@@ μασι τε και ὀνομα@@ σιν οὐδε κε@@ κοσ@@ μη@@ μενους ἀλλʼ ἀκουσ@@ εσθε εἰ@@ κῃ λεγο@@ μενα τοις ἐπι@@ τυχ@@ ουσιν ὀνομα@@ σι@@ ν@@ πιστευ@@ ω γαρ δικαια εἰναι ἁ λεγ@@ ω@@ και μη@@ δεις ὑμων προσ@@ δοκ@@ ησα@@ τω ἀλλως	plato
ἀλλα ναι μα Διʼ ἐφη ὁ Με@@ λη@@ τος ἐκεινους οἰδα οὑς συ πε@@ πει@@ κας σοι πειθεσθαι μαλλον ἠ τοις γει@@ να@@ μενοις	xenophon
οὐκουν δαιμο@@ νια μεν φῃς με και νομι@@ ζειν και διδασκειν εἰ@@ τʼ οὐν και@@ να εἰτε παλαι@@ α ἀλλʼ οὐν δαιμο@@ νια γε νομιζ@@ ω κατα τον σον λογον και ταυτα και διω@@ μο@@ σ@@ ω ἐν τῃ ἀντι@@ γραφ@@ ῃ	plato
και ἐγω τε τῳ τι@@ μη@@ ματι ἐμ@@ μεν@@ ω και οὑτοι	plato
ὠ Σωκρατες νυν μεν Ἀ@@ νυ@@ τῳ οὐ πει@@ σομεθα ἀλλʼ ἀφι@@ ε@@ μεν σε ἐπι τουτῳ μεντοι ἐφʼ ᾡ@@ τε μη@@ κετι ἐν ταυτῃ τῃ ζη@@ τη@@ σει διατριβ@@ ειν μηδε φιλοσοφ@@ ειν	plato
τιμα@@ ται δʼ οὐν μοι ὁ ἀνηρ θανα@@ του	plato
και τι με δει ζην ἐν δε@@ σ@@ μω@@ τη@@ ριῳ δου@@ λευ@@ οντα τῃ ἀει καθιστα@@ μεν@@ ῃ ἀρχ@@ ῃ τοις ἑ@@ ν@@ δεκα	plato
ὑμεις δʼ ἰσως ταχ@@ ʼ ἀν ἀ@@ χ@@ θο@@ μενοι ὡσπερ οἱ νυ@@ στα@@ ζοντες ἐγ@@ ει@@ ρο@@ μενοι κ@@ ρ@@ ουσ@@ αντες ἀν με πειθο@@ μενοι Ἀ@@ νυ@@ τῳ ῥᾳδιως ἀν ἀποκτει@@ ναι@@ τε εἰ@@ τα τον λοιπον βιον καθε@@ υ@@ δοντες δια@@ τε@@ λοι@@ τε ἀν εἰ μη τινα ἀλλον ὁ θεος ὑμιν ἐπι@@ πεμψ@@ ειεν κη@@ δο@@ μενος ὑμων	plato
ἐ@@ σθʼ ὁστις δαιμο@@ νια μεν νομιζ@@ ει πραγ@@ μα@@ τʼ εἰναι δαιμο@@ νας δε οὐ νομιζ@@ ει	plato
καιτοι πως οὐκ ἀ@@ μαθ@@ ια ἐστιν αὑτη ἡ ἐπο@@ νει@@ δι@@ σ@@ τος ἡ του οἰ@@ εσθαι εἰδεναι ἁ οὐκ οἰδεν	plato
ἐαν δε ἁ@@ λ@@ ῳ@@ ς ἐτι τουτο πρατ@@ των ἀποθα@@ νῃ εἰ οὐν με ὁπερ εἰπον ἐπι τουτοις ἀφι@@ οι@@ τε εἰ@@ ποι@@ μ@@ ʼ ἀν ὑμιν ὁτι ἐγω ὑμας ὠ ἀνδρες Ἀθηναιοι ἀσ@@ πα@@ ζο@@ μαι μεν και φιλ@@ ω πει@@ σομαι δε μαλλον τῳ θεῳ ἠ ὑμιν και ἑω@@ σ@@ περ ἀν ἐμ@@ π@@ νε@@ ω και οἱος τε ὠ οὐ μη παυ@@ σω@@ μαι φιλοσοφ@@ ων και ὑμιν παρα@@ κελευ@@ ομενος τε και ἐν@@ δεικνυ@@ μενος ὁτῳ ἀν ἀει ἐντ@@ υ@@ γχα@@ νω ὑμων λεγων οἱ@@ α@@ περ εἰω@@ θα ὁτι ὠ ἀρισ@@ τε ἀνδρων Ἀθηναι@@ ος ὠν πολεως της μεγισ@@ της και εὐ@@ δοκι@@ μω@@ τα@@ της εἰς σοφιαν και ἰσχυ@@ ν χρηματων μεν οὐκ αἰσχυ@@ νῃ ἐπιμε@@ λου@@ μενος ὁπως σοι ἐσται ὡς πλειστα και δοξ@@ ης και τι@@ μης φρονησ@@ εως δε και ἀληθ@@ ειας και της ψυχης ὁπως ὡς βελτισ@@ τη ἐσται οὐκ ἐπιμε@@ λῃ οὐδε φρο@@ ντι@@ ζ@@ εις	plato
Ἀ@@ να@@ ξα@@ γο@@ ρου οἰει κατη@@ γο@@ ρειν ὠ φιλε Με@@ λη@@ τε	plato
ἐπε@@ δει@@ ξατο δε της ψυχης την ῥ@@ ω@@ μην	xenophon
εἰ δʼ αὐ οἱ δαιμο@@ νες θεων παιδες εἰσιν νο@@ θ@@ οι τινες ἠ ἐκ νυ@@ μ@@ φων ἠ ἐκ τινων ἀλλων ὡν δη και λεγ@@ ονται τις ἀν ἀνθρωπων θεων μεν παιδας ἡγ@@ οιτο εἰναι θεους δε μη	plato
χωρις δε της δοξ@@ ης ὠ ἀνδρες οὐδε δικαιον μοι δοκει εἰναι δεισθαι του δικα@@ σ@@ του οὐδε δε@@ ομενον ἀπο@@ φευγειν ἀλλα διδασκειν και πει@@ θειν	plato
ἀλλα ναι μα Δια φαναι αὐτον και δ@@ ις ἠδη ἐπιχει@@ ρ@@ ησα@@ ντος μου σκο@@ πειν περι της ἀπο@@ λογι@@ ας ἐναντι@@ ου@@ ται μοι το δαιμο@@ νι@@ ον	xenophon
οἰ@@ δε μεν γαρ οὐδεις τον θανα@@ τον οὐδʼ εἰ τυγχανει τῳ ἀνθρω@@ πῳ παντων μεγιστον ὀν των ἀγαθων δε@@ δια@@ σι δʼ ὡς εὐ εἰδο@@ τες ὁτι μεγιστον των κα@@ κων ἐστι	plato
ἠ θαυμαστον νομιζ@@ εις εἰ και τῳ θεῳ δοκει ἐμε βελτιον εἰναι ἠδη τελευ@@ ταν	xenophon
ἠ τοὐναντιον τουτου παν εἱς μεν τις ὁ βελτι@@ ους οἱος τʼ ὠν ποιειν ἠ πανυ ὀλιγ@@ οι οἱ ἱππι@@ κοι οἱ δε πολλοι ἐα@@ νπερ συ@@ νω@@ σι και χρω@@ νται ἱπ@@ ποις δια@@ φθει@@ ρ@@ ουσιν	plato
ἐγω γαρ ὠ ἀνδρες Ἀθηναιοι διʼ οὐδεν ἀλλʼ ἠ δια σοφιαν τινα τουτο το ὀνομα ἐσ@@ χ@@ η@@ κα	plato
ὁτι ἀκου@@ οντες χαι@@ ρ@@ ουσιν ἐξε@@ τα@@ ζο@@ μενοις τοις οἰ@@ ο@@ μενοις μεν εἰναι σοφ@@ οις οὐ@@ σι δʼ οὐ	plato
του μεν γαρ βι@@ ου το χαλε@@ πω@@ τατον ἀπε@@ λι@@ πε των δε θανα@@ των του ῥᾳ@@ σ@@ του ἐτυχ@@ εν	xenophon
ταχ@@ ʼ ἀν οὐν τις ταυτα ἐννο@@ ησας αὐ@@ θα@@ δε@@ στερον ἀν προς με σχ@@ οι@@ η και ὀρ@@ γι@@ σθεις αὐτοις τουτοις θει@@ το ἀν μετʼ ὀρ@@ γης την ψη@@ φ@@ ον	plato
και@@ να γε μην δαιμο@@ νια πως ἀν ἐγω εἰσ@@ φερο@@ ι@@ μι λεγων ὁτι θε@@ ου μοι φω@@ νη φαινεται σημαι@@ ν@@ ουσα ὁ τι χρη ποιειν	xenophon
συ δε συγ@@ γενεσθαι μεν μοι και διδα@@ ξαι ἐφυ@@ γε@@ ς και οὐκ ἠ@@ θε@@ λησ@@ ας δευ@@ ρ@@ ο δε εἰ@@ σα@@ γ@@ εις οἱ νο@@ μος ἐστιν εἰ@@ σα@@ γειν τους κολα@@ σεως δε@@ ομενους ἀλλʼ οὐ μαθ@@ ησ@@ εως	plato
λεγεται δε και Ἀ@@ νυ@@ τον πα@@ ρι@@ οντα ἰδων εἰπειν	xenophon
ἀλλʼ ἐγω ὠ ἀνδρες τουτο μεν πρωτον θαυμα@@ ζω Με@@ λη@@ του ὁτῳ ποτε γ@@ νους λεγει ὡς ἐγω οὑς ἡ πολις νομιζ@@ ει θεους οὐ νομιζ@@ ω	xenophon
οὐ γαρ ἐπι τουτῳ καθη@@ ται ὁ δικα@@ σ@@ της ἐπι τῳ κατα@@ χαρι@@ ζεσθαι τα δικαια ἀλλʼ ἐπι τῳ κρι@@ νειν ταυτα	plato
τα δε ἐχει μεν οὑτως ὡς ἐγω φη@@ μι ὠ ἀνδρες πει@@ θειν δε οὐ ῥᾳδιον	plato
ἰσως δʼ ἀν δυναι@@ μην ἐκ@@ τει@@ σαι ὑμιν που μ@@ ναν ἀργυ@@ ριου	plato
ὡς γε μην οὐ ψευ@@ δο@@ μαι κατα του θε@@ ου και τουτʼ ἐχω τεκμη@@ ριον	xenophon
ἀλλʼ ὁτι ἠδη ἑαυτῳ ἡγειτο αἱ@@ ρε@@ τω@@ τερον εἰναι του βι@@ ου θανα@@ τον τουτο οὐ διε@@ σα@@ φη@@ νισ@@ αν	xenophon
Σωκρατης δε δια το μεγα@@ λυ@@ νειν ἑαυτον ἐν τῳ δικα@@ στη@@ ριῳ φθο@@ νον ἐπα@@ γο@@ μενος μαλλον κατα@@ ψη@@ φισ@@ α@@ σθαι ἑαυτου ἐποιησ@@ ε τους δικα@@ στας	xenophon
δυοιν γαρ θα@@ τερον ἐστιν το τεθ@@ να@@ ναι	plato
ὡστε ἰσχυρως ἀγα@@ μενος ἐμαυτον ταὐτα ηὑ@@ ρισ@@ κον και τους ἐμοι συγ@@ γιγνο@@ μενους γιγνωσκ@@ οντας περι ἐμου	xenophon
οὐκουν χρη οὐτε ἡμας ἐ@@ θι@@ ζειν ὑμας ἐπι@@ ορ@@ κειν οὐ@@ θʼ ὑμας ἐ@@ θι@@ ζεσθαι	plato
ἀλλʼ ἐγω δια παντος του βι@@ ου δημο@@ σιᾳ τε εἰ που τι ἐπρα@@ ξ@@ α τοιουτος φα@@ νου@@ μαι και ἰδι@@ ᾳ ὁ αὐτος οὑτος οὐδενι πωποτε συγχω@@ ρησ@@ ας οὐδεν παρα το δικαιον οὐτε ἀλλῳ οὐτε τουτων οὐδενι οὑς δη δια@@ βαλλ@@ οντες ἐμε φασιν ἐμ@@ ους μαθη@@ τας εἰναι	plato
Σωκρατης ἀδι@@ κει και περι@@ ερ@@ γα@@ ζεται ζη@@ των τα τε ὑπο γης και οὐ@@ ρα@@ νια και τον ἡτ@@ τω λογον κρει@@ τ@@ τω ποιων και ἀλλους ταὐτα ταυτα διδασκ@@ ων	plato
και γαρ ὁ νο@@ μος κελευ@@ ει ἀποκρι@@ νεσθαι	plato
ὁ@@ δε δε Ἀ@@ δει@@ μα@@ ντος ὁ Ἀρισ@@ τω@@ νος οὑ ἀδελφ@@ ος οὑ@@ το@@ σι Π@@ λα@@ των και Α@@ ἰα@@ ν@@ το@@ δω@@ ρος οὑ Ἀ@@ πολλ@@ ο@@ δω@@ ρος ὁ@@ δε ἀδελφ@@ ος	plato
και μοι ὠ ἀνδρες Ἀθηναιοι μη θο@@ ρυ@@ β@@ ησ@@ η@@ τε μηδʼ ἐαν δοξ@@ ω τι ὑμιν μεγα λεγειν	plato
τουτον οὐν ἀνη@@ ρο@@ μη@@ ν@@ ἐσ@@ τον γαρ αὐτῳ δυο ὑ@@ ει ὠ Καλλ@@ ια ἠν δʼ ἐγω εἰ μεν σου τω ὑ@@ ει πω@@ λ@@ ω ἠ μο@@ σχ@@ ω ἐ@@ γενε@@ σθ@@ ην εἰχ@@ ομεν ἀν αὐτο@@ ιν ἐπιστα@@ την λαβειν και μισθ@@ ω@@ σασθαι ὁς ἐ@@ μελλ@@ εν αὐ@@ τω καλ@@ ω τε κ@@ ἀγαθ@@ ω ποιησ@@ ειν την προση@@ κ@@ ουσαν ἀρετην ἠν δʼ ἀν οὑτος ἠ των ἱππι@@ κων τις ἠ των γεωργι@@ κων	plato
ἐμοι δε τουτʼ ἐστιν ἐκ παι@@ δος ἀρ@@ ξα@@ μενον φω@@ νη τις γιγνο@@ μενη ἡ ὁταν γενηται ἀει ἀπο@@ τρε@@ πει με τουτο ὁ ἀν μελλ@@ ω πραττειν προ@@ τρε@@ πει δε οὐ@@ ποτε	plato
ταυτα και νεω@@ τερῳ και πρεσβυ@@ τερῳ ὁτῳ ἀν ἐντ@@ υ@@ γχα@@ νω ποιησ@@ ω και ξε@@ νῳ και ἀσ@@ τῳ μαλλον δε τοις ἀσ@@ τοις ὁσῳ μου ἐγγυ@@ τερ@@ ω ἐσ@@ τε γε@@ νει	plato
εἰπων δε ταυτα μαλα ὁμολογ@@ ου@@ μενως δη τοις εἰρη@@ μενοις ἀπ@@ ῃει και ὀμ@@ μασι και σχη@@ ματι και βα@@ δι@@ σ@@ ματι φαι@@ δ@@ ρος	xenophon
και μοι δευ@@ ρ@@ ο ὠ Με@@ λη@@ τε εἰπε	plato
ὁσοι δε φθο@@ νῳ και δια@@ βο@@ λῃ χρω@@ μενοι ὑμας ἀνε@@ πειθο@@ νο@@ ἱ δε και αὐτοι πε@@ πει@@ σ@@ μενοι ἀλλους πειθ@@ οντ@@ ε@@ ς@@ οὑτοι παντες ἀπο@@ ρωτα@@ τοι εἰσιν	plato
εἰ δε τις φησ@@ ι παρʼ ἐμου πωποτε τι μαθειν ἠ ἀκουσ@@ αι ἰδι@@ ᾳ ὁτι μη και οἱ ἀλλοι παντες εὐ ἰσ@@ τε ὁτι οὐκ ἀληθη λεγει	plato
εἰ δε τις μου λεγο@@ ντος και τα ἐμαυ@@ του πραττο@@ ντος ἐπιθυ@@ μοι ἀκουειν εἰτε νεω@@ τερος εἰτε πρεσβυ@@ τερος οὐδενι πωποτε ἐφ@@ θο@@ νησ@@ α οὐδε χρηματα μεν λαμβα@@ νων δια@@ λεγο@@ μαι μη λαμβα@@ νων δε οὐ ἀλλʼ ὁμοιως και πλουσι@@ ῳ και πε@@ νη@@ τι παρεχ@@ ω ἐμαυτον ἐρω@@ ταν και ἐαν τις βου@@ ληται ἀποκρι@@ νο@@ μενος ἀκουειν ὡν ἀν λεγω	plato
Π@@ λα@@ των δε ὁ@@ δε ὠ ἀνδρες Ἀθηναιοι και Κρι@@ των και Κριτο@@ βουλο@@ ς και Ἀ@@ πολλ@@ ο@@ δω@@ ρος κελευ@@ ουσι με τριακοντα μ@@ νων τι@@ μ@@ ησασθαι αὐτοι δʼ ἐγγυ@@ α@@ σθαι	plato
ἀλλα μεντοι φαναι αὐτον ἀνε@@ θη@@ κε μεν και Ὁμη@@ ρος ἐστιν οἱς των ἐν κατα@@ λυ@@ σει του βι@@ ου προ@@ γιγνωσκειν τα μελλ@@ οντα βουλομαι δε και ἐγω χρησ@@ μ@@ ῳ@@ δ@@ ησαι τι	xenophon
το δε κινδυνευ@@ ει ὠ ἀνδρες τῳ ὀντι ὁ θεος σοφ@@ ος εἰναι και ἐν τῳ χρησ@@ μῳ τουτῳ τουτο λεγειν ὁτι ἡ ἀνθρωπι@@ νη σοφι@@ α ὀλιγ@@ ου τινος ἀξι@@ α ἐστιν και οὐδενος	plato
τον δε δη βελτι@@ ους ποιου@@ ντα ἰ@@ θι εἰπε και μη@@ νυ@@ σον αὐτοις τις ἐστιν	plato
ἀλλʼ οὐ γαρ ἐπιστα@@ μαι ὠ ἀνδρες Ἀθηναιοι	plato
ἐπειτα μο@@ γ@@ ις πανυ ἐπι ζη@@ τη@@ σιν αὐτου τοιαυ@@ την τινα ἐ@@ τρα@@ πο@@ μην	plato
ὡς ὠ@@ νησ@@ ας ὁτι μο@@ γ@@ ις ἀπεκρι@@ νω ὑπο του@@ τω@@ νι ἀναγκα@@ ζομενος	plato
οὐ γαρ ἐμοι ἀλλα τοις κατα@@ γ@@ νουσι τουτο αἰσχρον ἐστι	xenophon
παντες ἀρα ὡς ἐοικεν Ἀθηναιοι καλ@@ ους κ@@ ἀγαθους ποι@@ ουσι πλην ἐμου ἐγω δε μονος δια@@ φθει@@ ρω	plato
ἀκηκο@@ α@@ τε ὠ ἀνδρες Ἀθηναιοι πασαν ὑμιν την ἀληθ@@ ειαν ἐγω εἰπον	plato
το@@ τʼ ἐγω μονος των π@@ ρυ@@ τα@@ νεων ἠ@@ ναντι@@ ω@@ θ@@ ην ὑμιν μηδεν ποιειν παρα τους νομους και ἐναντια ἐ@@ ψη@@ φισ@@ α@@ μην	plato
οἰ@@ ονται γαρ με ἑκαστοτε οἱ παρο@@ ντες ταυτα αὐτον εἰναι σοφ@@ ον ἁ ἀν ἀλλον ἐξε@@ λεγ@@ ξ@@ ω	plato
νυν ἐγω πρωτον ἐπι δικα@@ στη@@ ριον ἀνα@@ βε@@ βη@@ κα ἐ@@ τη γεγο@@ νως ἑ@@ β@@ δο@@ μη@@ κοντα	plato
και νυν ἐγω μεν ἀπει@@ μι ὑφʼ ὑμων θανα@@ του δικην ὀ@@ φ@@ λων οὑτοι δʼ ὑπο της ἀληθ@@ ειας ὠ@@ φ@@ λη@@ κοτες μο@@ χ@@ θη@@ ριαν και ἀδι@@ κι@@ αν	plato
οὐ ταυτα λεγεις ὁτι διδασκ@@ ων δια@@ φθει@@ ρω	plato
και ἑ@@ τοι@@ μων ὀντων ἐν@@ δεικνυ@@ ναι με και ἀπα@@ γειν των ῥη@@ το@@ ρων και ὑμων κελευ@@ οντων και βο@@ ω@@ ντων μετα του νο@@ μου και του δικαι@@ ου ᾠ@@ μην μαλλον με δειν δια@@ κινδυνευ@@ ειν ἠ μεθʼ ὑμων γενεσθαι μη δικαια βουλευ@@ ομενων φοβ@@ η@@ θε@@ ντα δε@@ σ@@ μον ἠ θανα@@ τον	plato
ὡστε ὁπερ ἀρχ@@ ομενος ἐγω ἐλεγον θαυμα@@ ζ@@ οι@@ μ@@ ʼ ἀν εἰ οἱος τʼ εἰ@@ ην ἐγω ὑμων ταυτην την δια@@ βο@@ λην ἐξε@@ λεσθαι ἐν οὑτως ὀλιγ@@ ῳ χρονῳ οὑτω πολλην γεγο@@ νυ@@ ιαν	plato
δια δε το μηδε@@ να ἐχειν σπου@@ δαι@@ ον ἐπιμε@@ λη@@ την προσ@@ πε@@ σ@@ εισθαι τινι αἰσχ@@ ρᾳ ἐπιθυ@@ μιᾳ και προ@@ β@@ ησ@@ εσθαι μεντοι πορ@@ ρω μο@@ χ@@ θη@@ ριας	xenophon
ἀντι τουτου δη ἑ@@ λω@@ μαι ὡν εὐ οἰδα τι κα@@ κων ὀντων τουτου τι@@ μ@@ ησα@@ μενος	plato
νυν δʼ ἐπειδη ἀνθρω@@ πω ἐσ@@ τον τινα αὐτο@@ ιν ἐν νῳ ἐχεις ἐπιστα@@ την λαβειν	plato
ἀνα@@ λαβ@@ ωμεν οὐν ἐξ ἀρχης τις ἡ κατη@@ γο@@ ρια ἐστιν ἐξ ἡς ἡ ἐ@@ μη δια@@ βο@@ λη γεγο@@ νεν ᾑ δη και πιστευ@@ ων Με@@ λη@@ τος με ἐγ@@ ρα@@ ψα@@ το την γραφ@@ ην ταυτην	plato
οὐκ ἐχ@@ ρ@@ ην μεντοι σκο@@ πειν ὠ Σωκρατες και ὁ τι ἀπο@@ λογ@@ ησ@@ ῃ	xenophon
το δε οὐκ ἐστιν ὠ ἀνδρες Ἀθηναιοι τοιουτον ἀλλα τοι@@ ο@@ νδε μαλλον	plato
ἀρʼ οὐν ἀν με οἰ@@ εσθε το@@ σα@@ δε ἐ@@ τη δια@@ γενεσθαι εἰ ἐπρα@@ ττον τα δημο@@ σια και πρατ@@ των ἀξι@@ ως ἀνδρος ἀγαθου ἐ@@ βοηθ@@ ουν τοις δικαι@@ οις και ὡσπερ χρη τουτο περι πλεισ@@ του ἐ@@ ποιου@@ μην	plato
οὑτω γαρ φαναι τον Με@@ λη@@ τον ὠ Σωκρατες και συμ@@ φερει και νομιζ@@ εται	xenophon
ὡς δε τελος εἰχ@@ εν ἡ δι@@ κη εἰπειν αὐτον	xenophon
σαφως γαρ ἀν εἰ πειθ@@ οι@@ μι ὑμας και τῳ δεισθαι βια@@ ζ@@ οι@@ μην ὀ@@ μω@@ μο@@ κοτας θεους ἀν διδασ@@ κοι@@ μι μη ἡγεισθαι ὑμας εἰναι και ἀ@@ τεχ@@ νως ἀπο@@ λογ@@ ου@@ μενος κατη@@ γο@@ ροι@@ ην ἀν ἐμαυ@@ του ὡς θεους οὐ νομιζ@@ ω	plato
συνε@@ γενο@@ μην γαρ ποτε βρα@@ χε@@ α τῳ Ἀ@@ νυ@@ του υ@@ ἱ@@ ῳ και ἐδοξε μοι οὐκ ἀρ@@ ρω@@ σ@@ τος την ψυχην εἰναι	xenophon
οὐ γαρ δηπου σου γε οὐδεν των ἀλλων περι@@ ττο@@ τερον πραγ@@ μα@@ τευ@@ ο@@ μενου ἐπειτα τοσαυ@@ τη φη@@ μη τε και λογος γεγο@@ νεν εἰ μη τι ἐπρα@@ τ@@ τες ἀλλ@@ οι@@ ον ἠ οἱ πολλοι	plato
και ἐα@@ ντε νυν ἐα@@ ντε αὐθις ζη@@ τη@@ ση@@ τε ταυτα οὑτως εὑ@@ ρησ@@ ετε	plato
ἱκανον γαρ οἰμαι ἐγω παρε@@ χο@@ μαι τον μαρτυ@@ ρα ὡς ἀληθη λεγω την πε@@ νιαν	plato
ἐμοι γαρ δοκει οὑ@@ το@@ σι ὠ ἀνδρες Ἀθηναιοι πανυ εἰναι ὑβ@@ ρισ@@ της και ἀ@@ κολα@@ σ@@ τος και ἀ@@ τεχ@@ νως την γραφ@@ ην ταυτην ὑβ@@ ρει τινι και ἀ@@ κολα@@ σιᾳ και νε@@ ο@@ τη@@ τι γρα@@ ψασθαι	plato
πολλη γαρ ἀν τις εὐδαιμο@@ νια εἰη περι τους νε@@ ους εἰ εἱς μεν μονος αὐτους δια@@ φθει@@ ρει οἱ δʼ ἀλλοι ὠφε@@ λ@@ ουσιν	plato
ἐπει θυ@@ οντα γε με ἐν ταις κοι@@ ναις ἑ@@ ορ@@ ταις και ἐπι των δημο@@ σιων β@@ ω@@ μων και οἱ ἀλλοι οἱ παρα@@ τυγχα@@ νοντες ἑω@@ ρων και αὐτος Με@@ λη@@ τος εἰ ἐ@@ βουλε@@ το	xenophon
ἀλλʼ ἠ οὐ δια@@ φθει@@ ρω ἠ εἰ δια@@ φθει@@ ρω ἀκ@@ ων ὡστε συ γε κατʼ ἀμφοτερα ψευ@@ δῃ	plato
πολλη με@@ ντ@@ ἀν με φιλο@@ ψυχ@@ ια ἐχοι ὠ ἀνδρες Ἀθηναιοι εἰ οὑτως ἀ@@ λογ@@ ισ@@ τος εἰμι ὡστε μη δυνασθαι λογι@@ ζεσθαι ὁτι ὑμεις μεν ὀντες πολι@@ ται μου οὐχ οἱ@@ οι τε ἐ@@ γενε@@ σθε ἐνε@@ γ@@ κειν τας ἐ@@ μας διατριβ@@ ας και τους λογους ἀλλʼ ὑμιν βα@@ ρυ@@ τερ@@ αι γεγο@@ να@@ σιν και ἐπι@@ φθο@@ νω@@ τερ@@ αι ὡστε ζη@@ τει@@ τε αὐτων νυ@@ νι ἀπαλλα@@ γη@@ ναι	plato
εὐ γε νη την Ἡ@@ ραν λεγεις και πολλην ἀφθο@@ νιαν των ὠφε@@ λου@@ ντων	plato
ἀπεκρινα@@ μην οὐν ἐμαυ@@ τῳ και τῳ χρησ@@ μῳ ὁτι μοι λυ@@ σι@@ τε@@ λοι ὡσπερ ἐχω ἐχειν	plato
ἀλλʼ ἀπο@@ ριᾳ μεν ἑ@@ α@@ λω@@ κα οὐ μεντοι λογων ἀλλα τολ@@ μης και ἀνα@@ ισ@@ χυ@@ ντι@@ ας και του μη ἐθε@@ λειν λεγειν προς ὑμας τοιαυτα οἱ@@ ʼ ἀν ὑμιν μεν ἡδι@@ στα ἠν ἀκουειν θ@@ ρη@@ νου@@ ντος τε μου και ὀ@@ δυ@@ ρο@@ μενου και ἀλλα ποιου@@ ντος και λεγο@@ ντος πολλα και ἀνα@@ ξι@@ α ἐμου ὡς ἐγω φη@@ μι οἱα δη και εἰ@@ θι@@ σθε ὑμεις των ἀλλων ἀκουειν	plato
τελευ@@ των οὐν ἐπι τους χει@@ ρο@@ τεχ@@ νας ᾐ@@ α	plato
φρο@@ ντι@@ ζω ποτερα θεον σε εἰ@@ πω ἠ ἀνθρωπον	xenophon
οὐδε τα ἐ@@ μα νυν ἀπο του αὐτο@@ μα@@ του γεγο@@ νεν ἀλλα μοι δηλον ἐστι τουτο ὁτι ἠδη τεθ@@ να@@ ναι και ἀπη@@ λλα@@ χ@@ θαι πραγ@@ ματων βελτιον ἠν μοι	plato
εἰ@@ τʼ οὐκ αἰσχυ@@ νῃ ὠ Σωκρατες τοιουτον ἐπιτη@@ δευ@@ μα ἐπιτη@@ δευ@@ σας ἐξ οὑ κινδυνευ@@ εις νυ@@ νι ἀποθα@@ νειν	plato
βουλοι@@ μην μεν οὐν ἀν τουτο οὑτως γενεσθαι εἰ τι ἀμεινον και ὑμιν και ἐμοι και πλεον τι με ποιησαι ἀπο@@ λογ@@ ου@@ μενον	plato
καιτοι οἰδα σχεδον ὁτι αὐτοις τουτοις ἀπεχ@@ θα@@ νο@@ μαι ὁ και τεκμη@@ ριον ὁτι ἀληθη λεγω και ὁτι αὑτη ἐστιν ἡ δια@@ βο@@ λη ἡ ἐ@@ μη και τα αἰτι@@ α ταυτα ἐστιν	plato
τ τι ἀξι@@ ος εἰμι πα@@ θειν ἠ ἀπο@@ τει@@ σαι ὁτι μαθ@@ ων ἐν τῳ βι@@ ῳ οὐχ ἡσυχι@@ αν ἠ@@ γον ἀλλʼ ἀμε@@ λησ@@ ας ὡ@@ νπερ οἱ πολλοι χρη@@ μα@@ τισ@@ μου τε και οἰκο@@ νομι@@ ας και στρατη@@ γι@@ ων και δη@@ μη@@ γο@@ ριων και των ἀλλων ἀρχ@@ ων και συ@@ νω@@ μο@@ σιων και στα@@ σε@@ ων των ἐν τῃ πολει γιγνο@@ μενων ἡγ@@ ησα@@ μενος ἐμαυτον ῳ ὀντι ἐπι@@ ει@@ κε@@ στερον εἰναι ἠ ὡστε εἰς ταυτʼ ἰ@@ οντα σῳ@@ ζεσθαι ἐνταυθα μεν οὐκ ᾐ@@ α οἱ ἐλθων μητε ὑμιν μητε ἐμαυ@@ τῳ ἐ@@ με@@ λλον μηδεν ὀ@@ φε@@ λος εἰναι ἐπι δε το ἰδι@@ ᾳ ἑκαστον ἰ@@ ων εὐεργε@@ τειν την μεγισ@@ την εὐεργε@@ σιαν ὡς ἐγω φη@@ μι ἐνταυθα ᾐ@@ α ἐπιχει@@ ρων ἑκαστον ὑμων πει@@ θειν μη προτερον μητε των ἑαυτου μηδενος ἐπιμελεισθαι πριν ἑαυτου ἐπιμε@@ ληθ@@ ει@@ η ὁπως ὡς βελτισ@@ τος και φρονι@@ μω@@ τατος ἐσ@@ οιτο μητε των της πολεως πριν αὐτης της πολεως των τε ἀλλων οὑτω κατα τον αὐτον τροπον ἐπιμελει@@ σθ@@ αι@@ τι οὐν εἰμι ἀξι@@ ος πα@@ θειν τοιουτος ὠν	plato
οἱ δε ἀ@@ δια@@ φ@@ θαρ@@ τοι πρεσβυ@@ τεροι ἠδη ἀνδρες οἱ τουτων προση@@ κ@@ οντες τινα ἀλλον ἐχ@@ ουσι λογον βοηθ@@ ουντες ἐμοι ἀλλʼ ἠ τον ὀρθ@@ ον τε και δικαιον ὁτι συν@@ ισ@@ α@@ σι Με@@ λη@@ τῳ μεν ψευ@@ δο@@ μενῳ ἐμοι δε ἀληθε@@ υ@@ οντι	plato
τις της τοιαυ@@ της ἀρετης της ἀνθρωπι@@ νης τε και πολι@@ τικης ἐπιστημων ἐστιν	plato
ἀλλα γαρ ἠδη ὡ@@ ρα ἀπιεναι ἐμοι μεν ἀποθα@@ νου@@ μενῳ ὑμιν δε βι@@ ω@@ σο@@ μενοις	plato
τους γε μην νε@@ ους πως ἀν δια@@ φθει@@ ροι@@ μι καρ@@ τε@@ ριαν και εὐ@@ τε@@ λειαν προσε@@ θι@@ ζων	xenophon
το γαρ τοι θανα@@ τον δε@@ διε@@ ναι ὠ ἀνδρες οὐδεν ἀλλο ἐστιν ἠ δοκειν σοφ@@ ον εἰναι μη ὀντα	plato
εἰ γαρ οἰ@@ εσθε ἀποκτει@@ νοντες ἀνθρωπους ἐπισ@@ χ@@ ησ@@ ειν του ὀ@@ νει@@ δι@@ ζειν τινα ὑμιν ὁτι οὐκ ὀρθως ζη@@ τε οὐ καλως διανο@@ ει@@ σθε	plato
ἁ μεν ἐγω ἐχ@@ οι@@ μ@@ ʼ ἀν ἀπο@@ λογ@@ εισθαι σχεδον ἐστι ταυτα και ἀλλα ἰσως τοιαυτα	plato
ποτερον ἁ@@ παντες ἠ οἱ μεν αὐτων οἱ δʼ οὐ	plato
ἐαν γαρ με ἀποκτει@@ νη@@ τε οὐ ῥᾳδιως ἀλλον τοιουτον εὑ@@ ρησ@@ ετε ἀ@@ τεχ@@ νω@@ ς@@ εἰ και γελοι@@ ο@@ τερον εἰ@@ πει@@ ν@@ προσ@@ κει@@ μενον τῃ πολει ὑπο του θε@@ ου ὡσπερ ἱπ@@ πῳ μεγα@@ λῳ μεν και γεν@@ ναι@@ ῳ ὑπο μεγε@@ θους δε νω@@ θε@@ σ@@ τερῳ και δε@@ ο@@ μενῳ ἐγ@@ ει@@ ρεσθαι ὑπο μυ@@ ω@@ πος τινος οἱον δη μοι δοκει ὁ θεος ἐμε τῃ πολει προσ@@ τε@@ θη@@ κεναι τοιουτον τινα ὁς ὑμας ἐγ@@ ει@@ ρων και πειθ@@ ων και ὀ@@ νει@@ δι@@ ζων ἑνα ἑκαστον οὐδεν παυ@@ ομαι την ἡμεραν ὁ@@ λην παντα@@ χου προσ@@ κα@@ θι@@ ζων	plato
λεγω δε τουτο οὐ προς παντας ὑμας ἀλλα προς τους ἐμου κατα@@ ψη@@ φισ@@ α@@ μενους θανα@@ τον	plato
και νη τον κυ@@ να ὠ ἀνδρες Ἀθηναιοι δει γαρ προς ὑμας τ@@ ἀληθη λεγ@@ ει@@ ν@@ ἠ μην ἐγω ἐπα@@ θον τι τοιουτον	plato
οἱ δε ἀκρο@@ α@@ ται βελτι@@ ους ποι@@ ουσιν ἠ οὐ	plato
οὐκ ἐ@@ σθʼ ὁτι μαλλον ὠ ἀνδρες Ἀθηναιοι πρε@@ πει οὑτως ὡς τον τοιουτον ἀνδρα ἐν π@@ ρυ@@ τα@@ νει@@ ῳ σι@@ τει@@ σθαι πολυ γε μαλλον ἠ εἰ τις ὑμων ἱπ@@ πῳ ἠ συ@@ νω@@ ρι@@ δι ἠ ζ@@ ευ@@ γει νε@@ νι@@ κη@@ κεν Ὀ@@ λυ@@ μ@@ πι@@ α@@ σιν	plato
παντως δε παρει@@ σιν αὐτων πολλοι ἐνταυ@@ θ@@ οι οὑς ἐγω ὁρω πρωτον μεν Κρι@@ των οὑ@@ το@@ σι ἐ@@ μος ἡλικι@@ ω@@ της και δημο@@ της Κριτο@@ βουλο@@ υ του@@ δε πατηρ ἐπειτα Λυ@@ σα@@ νιας ὁ Σ@@ φη@@ τ@@ τι@@ ος Αἰ@@ σχ@@ ι@@ νου του@@ δε πατηρ ἐτι δʼ Ἀ@@ ντι@@ φων ὁ Κ@@ η@@ φισ@@ ι@@ ευ@@ ς οὑ@@ το@@ σι Ἐ@@ πι@@ γε@@ νους πατηρ ἀλλοι τοινυν οὑτοι ὡν οἱ ἀδελφ@@ οι ἐν ταυτῃ τῃ διατριβ@@ ῃ γεγο@@ να@@ σιν Νι@@ κο@@ στρα@@ τος Θεο@@ ζο@@ τι@@ δου ἀδελφ@@ ος Θεο@@ δο@@ του@@ και ὁ μεν Θεο@@ δο@@ τος τε@@ τελευτη@@ κεν ὡστε οὐκ ἀν ἐκεινος γε αὐτου κατα@@ δε@@ η@@ θει@@ η@@ και Πα@@ ρα@@ λι@@ ος ὁ@@ δε ὁ Δ@@ η@@ μο@@ δο@@ κου οὑ ἠν Θε@@ α@@ γης ἀδελφ@@ ος	plato
και τουτων ἐγω εἰτε τις χρησ@@ τος γιγνεται εἰτε μη οὐκ ἀν δικαιως την αἰτι@@ αν ὑπε@@ χ@@ οι@@ μι ὡν μητε ὑπε@@ σχο@@ μην μηδε@@ νι μηδεν πωποτε μαθη@@ μα μητε ἐ@@ διδα@@ ξ@@ α	plato
προς ταυτα φαι@@ ην ἀν ὠ ἀνδρες Ἀθηναιοι ἠ πει@@ θε@@ σθε Ἀ@@ νυ@@ τῳ ἠ μη και ἠ ἀφι@@ ετε με ἠ μη ὡς ἐμου οὐκ ἀν ποιησα@@ ντος ἀλλα οὐδʼ εἰ μελλ@@ ω πολλακις τεθ@@ να@@ ναι	plato
πα@@ ρων δε τις Ἀ@@ πολλ@@ ο@@ δω@@ ρος ἐπιθυ@@ μη@@ της μεν ὠν ἰσχυρως αὐτου ἀλλως δʼ εὐ@@ ηθ@@ ης εἰπεν ἀρα	xenophon
ἀλλʼ ὁμως συ με φῃς ὠ Με@@ λη@@ τε τοιαυτα ἐπιτη@@ δευ@@ οντα τους νε@@ ους δια@@ φθει@@ ρειν	xenophon
τῳ ὀντι γαρ κινδυνευ@@ ω ταυτην εἰναι σοφ@@ ος	plato
τινα μεν γαρ ἐπιστα@@ σθε ἡττον ἐμου δου@@ λευ@@ οντα ταις του σωματος ἐπιθυ@@ μι@@ αις	xenophon
παντως δηπου ἐα@@ ντε συ και Ἀ@@ νυ@@ τος οὐ φη@@ τε ἐα@@ ντε φη@@ τε	plato
και ἐγω τον Εὐ@@ η@@ νον ἐμα@@ κα@@ ρισ@@ α εἰ ὡς ἀληθως ἐχοι ταυτην την τεχνην και οὑτως ἐμ@@ με@@ λως διδασ@@ κει	plato
ταυτʼ ἐστιν ὑμιν ὠ ἀνδρες Ἀθηναιοι τ@@ ἀληθη και ὑμας οὐτε μεγα οὐτε μικρον ἀποκ@@ ρυ@@ ψα@@ μενος ἐγω λεγω οὐδʼ ὑπο@@ στ@@ ει@@ λα@@ μενος	plato
εἰ δε τοτε ἐπε@@ λα@@ θε@@ το νυν παρα@@ σχε@@ σθ@@ ω@@ ἐγω παρα@@ χω@@ ρω@@ και λεγε@@ τω εἰ τι ἐχει τοιουτον	plato
σοφ@@ ον δε πως οὐκ ἀν τις εἰκο@@ τως ἀνδρα φησ@@ ειεν εἰναι ὁς ἐξ ὁ@@ του@@ περ ξυ@@ νι@@ εναι τα λεγο@@ μενα ἠρ@@ ξα@@ μην οὐ@@ πωποτε διε@@ λει@@ πον και ζη@@ των και μανθα@@ νων ὁ τι ἐδυνα@@ μην ἀγαθον	xenophon
οὐ γαρ ἀνθρωπι@@ νῳ ἐοικε το ἐμε των μεν ἐμαυ@@ του παντων ἠ@@ με@@ λη@@ κεναι και ἀνε@@ χ@@ εσθαι των οἰκει@@ ων ἀμε@@ λου@@ μενων τοσαυ@@ τα ἠδη ἐ@@ τη το δε ὑμε@@ τερον πραττειν ἀει ἰδι@@ ᾳ ἑκαστῳ προσι@@ οντα ὡσπερ πατερα ἠ ἀδελφ@@ ον πρεσβυτερον πειθ@@ οντα ἐπιμελεισθαι ἀρετης	plato
περι μεν οὐν ὡν οἱ πρω@@ τοι μου κατη@@ γο@@ ροι κατη@@ γο@@ ρουν αὑτη ἐστ@@ ω ἱκα@@ νη ἀπο@@ λογι@@ α προς ὑμας	plato
ᾡ και δηλον ὁτι τῳ ὀντι οὑτως ἐρ@@ ρη@@ θη ὑπο Σωκρα@@ τους	xenophon
ὠ θαυμα@@ σι@@ ε Με@@ λη@@ τε ἱνα τι ταυτα λεγεις	plato
ἀποκτει@@ νει@@ ε με@@ ντ@@ ἀν ἰσως ἠ ἐξε@@ λα@@ σ@@ ειεν ἠ ἀ@@ τιμω@@ σ@@ ειεν	plato
εἰ δε μη αὐτοι ἠ@@ θε@@ λον των οἰκει@@ ων τινας των ἐκεινων πα@@ τερας και ἀδελφ@@ ους και ἀλλους τους προση@@ κ@@ οντας εἰπερ ὑπʼ ἐμου τι κακον ἐπε@@ πον@@ θε@@ σαν αὐτων οἱ οἰκει@@ οι νυν μεμνη@@ σθαι και τιμω@@ ρει@@ σθαι	plato
ἐγω δε τουτῳ ἀν δικαιον λογον ἀντ@@ ει@@ ποι@@ μι ὁτι οὐ καλως λεγεις ὠ ἀνθρω@@ πε εἰ οἰει δειν κινδυ@@ νον ὑπο@@ λογι@@ ζεσθαι του ζην ἠ τεθ@@ να@@ ναι ἀνδρα ὁτου τι και σμικρον ὀ@@ φε@@ λος ἐστιν ἀλλʼ οὐκ ἐκεινο μονον σκο@@ πειν ὁταν πρατ@@ τῃ ποτερον δικαια ἠ ἀδι@@ κα πρατ@@ τει και ἀνδρος ἀγαθου ἐργα ἠ κα@@ κου	plato
ἀλλα γαρ οὐτε τουτων οὐδεν ἐστιν οὐδε γʼ εἰ τινος ἀκηκο@@ α@@ τε ὡς ἐγω παιδευ@@ ειν ἐπιχει@@ ρω ἀνθρωπους και χρηματα πραττο@@ μαι οὐδε τουτο ἀληθες	plato
ἀ@@ τεχ@@ νως οὐν ξε@@ νως ἐχω της ἐνθαδε λε@@ ξεως	plato
οἰμαι δε αὐτο χαλεπον εἰναι και οὐ πανυ με λανθα@@ νει οἱον ἐστιν	plato
και γαρ οὐδεν πλει@@ ων ὁ πας χρο@@ νος φαινεται οὑτω δη εἰναι ἠ μια νυ@@ ξ	plato
ἐμοι γαρ ὠ ἀνδρες δικα@@ στα@@ ι@@ ὑμας γαρ δικα@@ στας καλων ὀρθως ἀν κα@@ λοι@@ η@@ ν@@ θαυμα@@ σιον τι γεγο@@ νεν	plato
ἀγαθον τι ὠ ἀνδρες Ἀθηναιοι εἰ δει γε κατα την ἀξι@@ αν τῃ ἀληθ@@ ει@@ ᾳ τιμα@@ σθαι	plato
Σωκρατη φησιν ἀδι@@ κειν τους τε νε@@ ους δια@@ φθει@@ ρο@@ ντα και θεους οὑς ἡ πολις νομιζ@@ ει οὐ νομιζ@@ οντα ἑτερα δε δαιμο@@ νια και@@ να	plato
ἀλλα το ἐπι τουτῳ γε ἀποκρι@@ ναι	plato
μετα ταυτʼ οὐν ἠδη ἐφε@@ ξ@@ ης ᾐ@@ α αἰσθανο@@ μενος μεν και λυ@@ που@@ μενος και δε@@ δι@@ ως ὁτι ἀπη@@ χ@@ θα@@ νο@@ μην ὁμως δε ἀναγκαιον ἐδοκει εἰναι το του θε@@ ου περι πλεισ@@ του ποι@@ ει@@ σθ@@ αι@@ ἰ@@ τεον οὐν σκοπου@@ ντι τον χρησ@@ μον τι λεγει ἐπι ἁ@@ παντας τους τι δοκ@@ ουντας εἰδεναι	plato
φησ@@ ι γαρ δη τους νε@@ ους ἀδι@@ κειν με δια@@ φθει@@ ρο@@ ντα	plato
νυν δʼ οὐ ῥᾳδιον ἐν χρονῳ ὀλιγ@@ ῳ μεγα@@ λας δια@@ βο@@ λας ἀπο@@ λυ@@ εσθαι	plato
εἰ μεν γαρ τουτο λεγουσιν ὁμολογ@@ οι@@ ην ἀν ἐγωγε οὐ κατα τουτους εἰναι ῥη@@ τω@@ ρ	plato
ἐπει και ἀλλος ἀνηρ ἐστι Πα@@ ρι@@ ος ἐνθαδε σοφ@@ ος ὁν ἐγω ᾐσθ@@ ο@@ μην ἐπι@@ δη@@ μου@@ ντα	plato
συνε@@ πισ@@ κε@@ ψα@@ σθε δη ὠ ἀνδρες ᾑ μοι φαινεται ταυτα λεγειν	plato
ἐντευθεν ἐπʼ ἀλλον ᾐ@@ α των ἐκεινου δοκ@@ ου@@ ντων σοφ@@ ω@@ τερων εἰναι και μοι ταὐτα ταυτα ἐδοξε και ἐνταυθα κἀκει@@ νῳ και ἀλλοις πολλοις ἀπη@@ χ@@ θο@@ μην	plato
Με@@ λη@@ τον μεν οὐν ὡς ἐμοι δοκω και νυν ἀπο@@ πε@@ φευγ@@ α και οὐ μονον ἀπο@@ πε@@ φευγ@@ α ἀλλα παντι δηλον τουτο γε ὁτι εἰ μη ἀνε@@ β@@ η Ἀ@@ νυ@@ τος και Λυ@@ κων κατη@@ γο@@ ρησ@@ οντες ἐμου κἀν ὠ@@ φ@@ λε χιλι@@ ας δρα@@ χ@@ μας οὐ μετα@@ λαβων το πεμ@@ πτον μερος των ψη@@ φων	plato
φαυ@@ λοι γαρ ἀν τῳ γε σῳ λογῳ εἰεν των ἡ@@ μι@@ θεων ὁσοι ἐν Τ@@ ροι@@ ᾳ τε@@ τελευτη@@ κα@@ σιν οἱ τε ἀλλοι και ὁ της Θε@@ τι@@ δος υ@@ ἱ@@ ος ὁς τοσουτον του κινδυ@@ νου κατε@@ φρονησ@@ εν παρα το αἰσχρον τι ὑπο@@ μει@@ ναι ὡστε ἐπειδη εἰπεν ἡ μη@@ τη@@ ρ αὐτῳ προθυ@@ μου@@ μενῳ Ἑ@@ κ@@ το@@ ρα ἀποκτει@@ ναι θεος οὐσα οὑτ@@ ωσι πως ὡς ἐγω οἰμαι	plato
ἀλλα και ὑμας χρη ὠ ἀνδρες δικα@@ σται εὐ@@ ε@@ λ@@ πι@@ δας εἰναι προς τον θανα@@ τον και ἑν τι τουτο διανο@@ εισθαι ἀληθες ὁτι οὐκ ἐστιν ἀνδρι ἀγαθ@@ ῳ κακον οὐδεν οὐτε ζω@@ ντι οὐτε τελευτη@@ σα@@ ντι οὐδε ἀμε@@ λειται ὑπο θεων τα τουτου πραγματα	plato
και ἐαν τις ὑμων ἀμφισβη@@ τη@@ σῃ και φ@@ ῃ ἐπιμελεισθαι οὐκ εὐθυς ἀφ@@ ησ@@ ω αὐτον οὐδʼ ἀπει@@ μι ἀλλʼ ἐρ@@ ησ@@ ομαι αὐτον και ἐξε@@ τα@@ σ@@ ω και ἐλεγ@@ ξ@@ ω και ἐαν μοι μη δοκ@@ ῃ κεκτη@@ σθαι ἀρετην φαναι δε ὀ@@ νει@@ δι@@ ω ὁτι τα πλεισ@@ του ἀξι@@ α περι ἐλα@@ χ@@ ισ@@ του ποι@@ ειται τα δε φαυ@@ λο@@ τερα περι πλειο@@ νος	plato
ἐστιν τις ἐφην ἐγω ἠ οὐ	plato
δει δη ὑμιν την ἐ@@ μην πλα@@ νην ἐπι@@ δειξαι ὡσπερ πο@@ νους τινας πο@@ νου@@ ντος ἱνα μοι και ἀνε@@ λεγ@@ κ@@ τος ἡ μαντ@@ εια γενοιτο	plato
ὡς δε οὐ μα@@ την ἐπο@@ νουν οὐ δοκει ὑμιν και ταδε τεκμη@@ ρια εἰναι το πολλους μεν πολι@@ τας των ἀρετης ἐφ@@ ι@@ ε@@ μενων πολλους δε ξε@@ νων ἐκ παντων προ@@ αι@@ ρει@@ σθαι ἐμοι ξυ@@ νει@@ ναι	xenophon
ἐα@@ ντ@@ ʼ αὐ λεγω ὁτι και τυγχανει μεγιστον ἀγαθον ὀν ἀνθρω@@ πῳ τουτο ἑκασ@@ της ἡμερας περι ἀρετης τους λογους ποιεισθαι και των ἀλλων περι ὡν ὑμεις ἐμου ἀκου@@ ετε δια@@ λεγο@@ μενου και ἐμαυτον και ἀλλους ἐξε@@ τα@@ ζο@@ ντος ὁ δε ἀνε@@ ξε@@ τα@@ σ@@ τος βι@@ ος οὐ βι@@ ω@@ τος ἀνθρω@@ πῳ ταυτα δʼ ἐτι ἡττον πει@@ σε@@ σθε μοι λεγ@@ οντι	plato
ταυτα γαρ κελευ@@ ει ὁ θεος εὐ ἰσ@@ τε και ἐγω οἰ@@ ομαι οὐδεν πω ὑμιν μειζον ἀγαθον γενεσθαι ἐν τῃ πολει ἠ την ἐ@@ μην τῳ θεῳ ὑπηρε@@ σιαν	plato
οὐ γαρ παλαι ἰσ@@ τε ὁτι ἐξ ὁ@@ του@@ περ ἐγενο@@ μην κατε@@ ψη@@ φισ@@ μενος ἠν μου ὑπο της φυ@@ σεως ὁ θανα@@ τος	xenophon
ἐγω δε γε ὠ ἀνδρες Ἀθηναιοι ἀδι@@ κειν φη@@ μι Με@@ λη@@ τον ὁτι σπου@@ δῃ χαρι@@ ε@@ ντι@@ ζεται ῥᾳδιως εἰς ἀγω@@ να καθ@@ ισ@@ τας ἀνθρωπους περι πραγ@@ ματων προσ@@ ποιου@@ μενος σπου@@ δα@@ ζειν και κη@@ δε@@ σθαι ὡν οὐδεν τουτῳ πωποτε ἐ@@ με@@ λησ@@ εν	plato
μα Διʼ ὠ ἀνδρες δικα@@ σται ἐπει τον μεν ἡλι@@ ον λι@@ θον φησιν εἰναι την δε σε@@ λη@@ νην γην	plato
ἀλλʼ ἐγω οὐ τα παντα εἰπειν τα ἐκ της δι@@ κης ἐσ@@ που@@ δα@@ σα ἀλλʼ ἠρ@@ κε@@ σε μοι δηλω@@ σαι ὁτι Σωκρατης το μεν μητε περι θεους ἀ@@ σε@@ β@@ ησαι μητε περι ἀνθρωπους ἀδι@@ κος φα@@ νη@@ ναι περι παντος ἐποι@@ ειτο	xenophon
ἐρ@@ ω δε ὑμιν φο@@ ρ@@ τικα μεν και δικα@@ νι@@ κα ἀληθη δε	plato
ἠ δηλον δη ὁτι κατα την γραφ@@ ην ἡν ἐγ@@ ρα@@ ψ@@ ω θεους διδασκ@@ οντα μη νομι@@ ζειν οὑς ἡ πολις νομιζ@@ ει ἑτερα δε δαιμο@@ νια και@@ να	plato
οὐδεν δε δει@@ νον μη ἐν ἐμοι στ@@ ῃ	plato
προ οὐν των κα@@ κων ὡν οἰδα ὁτι κακα ἐστιν ἁ μη οἰδα εἰ και ἀγαθα ὀντα τυγχανει οὐδε@@ ποτε φοβ@@ ησ@@ ομαι οὐδε φευ@@ ξ@@ ομαι	plato
ἐγ@@ νων οὐν αὐ και περι των ποιη@@ των ἐν ὀλιγ@@ ῳ τουτο ὁτι οὐ σοφι@@ ᾳ ποι@@ οιεν ἁ ποι@@ οιεν ἀλλα φυσει τινι και ἐν@@ θ@@ ουσι@@ α@@ ζοντες ὡσπερ οἱ θε@@ ο@@ μαντ@@ εις και οἱ χρησ@@ μ@@ ῳ@@ δοι	plato
εἰ μεν γαρ ἠν μοι χρηματα ἐ@@ τι@@ μ@@ ησα@@ μην ἀν χρηματων ὁσα ἐ@@ με@@ λλον ἐκ@@ τει@@ σειν οὐδεν γαρ ἀν ἐ@@ βλαβ@@ ην	plato
πολλου γε δει ὠ ἀνδρες Ἀθηναιοι	plato
φε@@ ρε δη ποτερον ἐμε εἰ@@ σα@@ γ@@ εις δευ@@ ρ@@ ο ὡς δια@@ φθει@@ ρο@@ ντα τους νε@@ ους και πονη@@ ρο@@ τερους ποιου@@ ντα ἑ@@ κοντα ἠ ἀκ@@ οντα	plato
οὐ γαρ ἐ@@ σθʼ αὑτη ἡ ἀπαλλα@@ γη οὐτε πανυ δυνα@@ τη οὐτε καλ@@ η ἀλλʼ ἐκει@@ νη και καλλισ@@ τη και ῥᾳ@@ στη μη τους ἀλλους κολου@@ ειν ἀλλʼ ἑαυτον παρασκευα@@ ζειν ὁπως ἐσται ὡς βελτισ@@ τος	plato
καλος οὐν ἀν μοι ὁ βι@@ ος εἰη ἐξε@@ λθ@@ οντι τη@@ λι@@ κ@@ ῳ@@ δε ἀνθρω@@ πῳ ἀλλην ἐξ ἀλλ@@ ης πολεως ἀμει@@ βο@@ μενῳ και ἐξε@@ λαυ@@ νο@@ μενῳ ζην	plato
οὐ γαρ δοκω σοι ἀπο@@ λογ@@ εισθαι μελε@@ των δια@@ βε@@ βι@@ ω@@ κεναι	xenophon
τιμω@@ μαι οὐν τοσου@@ του ἐγγυ@@ ηται δε ὑμιν ἐσονται του ἀργυ@@ ριου οὑτοι ἀξι@@ ο@@ χ@@ ρε@@ ῳ	plato
οὐχ ὁρᾳς τα Ἀθηναιων δικα@@ στη@@ ρια ὡς πολλακις μεν οὐδεν ἀδικου@@ ντας λογῳ παρα@@ χθε@@ ντες ἀπεκτει@@ ναν πολλακις δε ἀδικου@@ ντας ἠ ἐκ του λογου οἰκ@@ τισ@@ αντες ἠ ἐπι@@ χαρι@@ τως εἰπο@@ ντας ἀπε@@ λυ@@ σαν	xenophon
και ταυτα μεν ἠν ἐτι δημο@@ κρα@@ του@@ μενης της πολεως	plato
ἀποκρι@@ νε@@ σθ@@ ω ὠ ἀνδρες και μη ἀλλα και ἀλλα θο@@ ρυ@@ β@@ ει@@ τω	plato
το δʼ ἐν τῃ πολιορ@@ κι@@ ᾳ τους μεν ἀλλους οἰκ@@ τι@@ ρειν ἑαυ@@ τους ἐμε δε μηδεν ἀπο@@ ρω@@ τερον δια@@ γειν ἠ ὁτε τα μαλιστα ἡ πολις ηὐ@@ δαιμο@@ νει	xenophon
προς ἐμαυτον δʼ οὐν ἀπι@@ ων ἐ@@ λογι@@ ζο@@ μην ὁτι τουτου μεν του ἀνθρωπου ἐγω σοφ@@ ω@@ τερος εἰμι	plato
και εἰτε δη μηδε@@ μια αἰσθησ@@ ις ἐστιν ἀλλʼ οἱον ὑπ@@ νος ἐπειδαν τις καθε@@ υ@@ δων μηδʼ ὀ@@ να@@ ρ μηδεν ὁρ@@ ᾳ θαυμα@@ σιον κερ@@ δος ἀν εἰη ὁ θανα@@ το@@ ς@@ ἐγω γαρ ἀν οἰμαι εἰ τινα ἐκ@@ λε@@ ξα@@ μενον δεοι ταυτην την νυκ@@ τα ἐν ᾑ οὑτω κατε@@ δα@@ ρ@@ θεν ὡστε μηδε ὀ@@ να@@ ρ ἰδειν και τας ἀλλ@@ ας νυκ@@ τας τε και ἡμερας τας του βι@@ ου του ἑαυτου ἀντι@@ παρα@@ θε@@ ντα ταυτῃ τῃ νυκ@@ τι δεοι σκε@@ ψα@@ μενον εἰπειν πο@@ σας ἀμεινον και ἡδιον ἡμερας και νυκ@@ τας ταυτης της νυκτος βε@@ βι@@ ω@@ κεν ἐν τῳ ἑαυτου βι@@ ῳ οἰμαι ἀν μη ὁτι ἰδιω@@ την τινα ἀλλα τον μεγα@@ ν βασιλεα εὐ@@ α@@ ριθ@@ μη@@ τους ἀν εὑ@@ ρειν αὐτον ταυτας προς τας ἀλλ@@ ας ἡμερας και νυκ@@ τα@@ ς@@ εἰ οὐν τοιουτον ὁ θανα@@ τος ἐστιν κερ@@ δος ἐγωγε λεγω	plato
εἰ δε τις με φησιν ἀλλα λεγειν ἠ ταυτα οὐδεν λεγει	plato
οἱ μεν μαλιστα εὐ@@ δοκι@@ μου@@ ντες ἐδοξ@@ αν μοι ὀλιγ@@ ου δειν του πλεισ@@ του ἐνδε@@ εις εἰναι ζητου@@ ντι κατα τον θεον ἀλλοι δε δοκ@@ ουντες φαυ@@ λο@@ τεροι ἐπι@@ ει@@ κε@@ στε@@ ροι εἰναι ἀνδρες προς το φρονι@@ μως ἐχειν	plato
ταυτα δʼ εἰπων οὐκ ἐ@@ ψευ@@ σατο ἀλλʼ ὁ νεα@@ νισ@@ κος ἡ@@ σθεις οἰ@@ νῳ οὐτε νυκτος οὐτε ἡμερας ἐπα@@ υ@@ ετο πι@@ νων και τελος οὐτε τῃ ἑαυτου πολει οὐτε τοις φιλοις οὐτε αὑτῳ ἀξι@@ ος οὐδενος ἐγενετο	xenophon
ἀλλα τουτου παν τοὐναντιον εὑ@@ ρησ@@ ετε ὠ ἀνδρες παντας ἐμοι βοηθ@@ ειν ἑ@@ τοι@@ μους τῳ δια@@ φθει@@ ρο@@ ντι τῳ κακα ἐργα@@ ζο@@ μενῳ τους οἰκει@@ ους αὐτων ὡς φα@@ σι Με@@ λη@@ τος και Ἀ@@ νυ@@ τος	plato
ὡστε με ἐμαυτον ἀνε@@ ρω@@ ταν ὑπερ του χρησ@@ μου ποτερα δε@@ ξ@@ αι@@ μην ἀν οὑτως ὡσπερ ἐχω ἐχειν μητε τι σοφ@@ ος ὠν την ἐκεινων σοφιαν μητε ἀ@@ μαθ@@ ης την ἀ@@ μαθ@@ ιαν ἠ ἀμφοτερα ἁ ἐκεινοι ἐχ@@ ουσιν ἐχειν	plato
της γαρ ἐμ@@ ης εἰ δη τις ἐστιν σοφι@@ α και οἱα μαρτυ@@ ρα ὑμιν παρε@@ ξ@@ ομαι τον θεον τον ἐν Δ@@ ε@@ λφ@@ οις	plato
κινδυνευ@@ ει γαρ μοι το συμ@@ βε@@ βη@@ κος τουτο ἀγαθον γεγο@@ νεναι και οὐκ ἐ@@ σθʼ ὁπως ἡμεις ὀρθως ὑπο@@ λαμβα@@ νο@@ μεν ὁσοι οἰ@@ ομεθα κακον εἰναι το τεθ@@ να@@ ναι	plato
Ἑρμο@@ γε@@ νης μεντοι ὁ Ἱ@@ π@@ πο@@ νι@@ κου ἑται@@ ρος τε ἠν αὐτῳ και ἐξη@@ γγει@@ λε περι αὐτου τοιαυτα ὡστε πρε@@ που@@ σαν φαινεσθαι την μεγα@@ λη@@ γο@@ ριαν αὐτου τῃ διανοι@@ ᾳ	xenophon
νυ@@ νι δε συμ@@ βε@@ βη@@ κε μοι ἁπερ ὁρα@@ τε και αὐτοι ταυ@@ τι ἁ γε δη οἰ@@ η@@ θειη ἀν τις και νομιζ@@ εται ἐσ@@ χα@@ τα κα@@ κων εἰναι	plato
συ δε ὠ φιλ@@ τα@@ τε Ἀ@@ πολλ@@ ο@@ δω@@ ρε μαλλον ἐ@@ βουλο@@ υ με ὁραν δικαιως ἠ ἀδι@@ κως ἀπο@@ θνῃσκ@@ οντα	xenophon
ἐγω δʼ ὠ ἀνδρες τουτῳ και ἐνταυθα ἰσως δια@@ φερ@@ ω των πολλων ἀνθρωπων και εἰ δη τῳ σοφ@@ ω@@ τερος του φαι@@ ην εἰναι τουτῳ ἀν ὁτι οὐκ εἰδως ἱκανως περι των ἐν Ἁ@@ ι@@ δου οὑτω και οἰ@@ ομαι οὐκ εἰδεναι	plato
ὡστε θαυμαστον ἐμοιγε δοκει εἰναι ὁπως ποτε ἐφα@@ νη ὑμιν του θανα@@ του ἐργον ἀξιον ἐμοι εἰ@@ ργα@@ σ@@ μενον	xenophon
και γαρ εἰμι ἠδη ἐνταυθα ἐν ᾡ μαλιστα ἀνθρωποι χρησ@@ μ@@ ῳ@@ δ@@ ουσιν ὁταν μελλ@@ ωσιν ἀποθα@@ ν@@ εισθαι	plato
ἰσως γαρ ἀν μοι τουτου τι@@ μησ@@ αι@@ τε	plato
ὡς ἐ@@ πος γαρ εἰπειν ὀλιγ@@ ου αὐτων ἁ@@ παντες οἱ παρο@@ ντες ἀν βελτιον ἐλεγον περι ὡν αὐτοι ἐπε@@ ποιη@@ κε@@ σαν	plato
ἐμε γαρ ἐκει@@ νη ἡ ἀρχ@@ η οὐκ ἐξε@@ πλη@@ ξ@@ εν οὑτως ἰσχυ@@ ρα οὐσα ὡστε ἀδι@@ κον τι ἐργα@@ σασθαι ἀλλʼ ἐπειδη ἐκ της θο@@ λου ἐξη@@ λθ@@ ομεν οἱ μεν τεττα@@ ρες ᾠχ@@ οντο εἰς Σα@@ λα@@ μι@@ να και ἠ@@ γα@@ γον Λ@@ ε@@ οντα ἐγω δε ᾠ@@ χο@@ μην ἀπι@@ ων οἰκαδε	plato
το δε δη μετα τουτο ἐπιθυ@@ μ@@ ω ὑμιν χρησ@@ μ@@ ῳ@@ δ@@ ησαι ὠ κατα@@ ψη@@ φισ@@ α@@ μενοι μου	plato
ἐντευθεν οὐν οἱ ὑπʼ αὐτων ἐξε@@ τα@@ ζομενοι ἐμοι ὀρ@@ γι@@ ζονται οὐχ αὑ@@ τοις και λεγουσιν ὡς Σωκρατης τις ἐστι μι@@ α@@ ρωτα@@ τος και δια@@ φθει@@ ρει τους νε@@ ους	plato
και εἰ μεν τι ἀπο τουτων ἀπε@@ λαυ@@ ον και μισθον λαμβα@@ νων ταυτα παρε@@ κελευ@@ ο@@ μην εἰχον ἀν τινα λογον	plato
καιτοι ἀληθες γε ὡς ἐ@@ πος εἰπειν οὐδεν εἰρη@@ κα@@ σιν	plato
και γαρ των φιλων πολλοις δη ἐξα@@ γγει@@ λας τα του θε@@ ου συμβουλευ@@ ματα οὐδε@@ πωποτε ψευ@@ σαμενος ἐφα@@ νην	xenophon
ταυτα ἐγω σοι οὐ πειθο@@ μαι ὠ Με@@ λη@@ τε οἰμαι δε οὐδε ἀλλον ἀνθρωπων οὐδενα	plato
ἁ δη πολλους και ἀλλους και ἀγαθους ἀνδρας ᾑ@@ ρη@@ κεν οἰμαι δε και αἱ@@ ρησ@@ ει	plato
ὁ δε και ἐν τοις ἐμπροσθεν ἐλεγον ὁτι πολλη μοι ἀπεχ@@ θει@@ α γεγο@@ νεν και προς πολλους εὐ ἰσ@@ τε ὁτι ἀληθες ἐστιν	plato
ἐπειδη δε ὀλι@@ γα@@ ρχ@@ ια ἐγενετο οἱ τριακοντα αὐ μετα@@ πεμ@@ ψα@@ μενοι με πεμ@@ πτον αὐτον εἰς την θο@@ λον προσε@@ ταξ@@ αν ἀγα@@ γειν ἐκ Σα@@ λα@@ μι@@ νος Λ@@ ε@@ οντα τον Σα@@ λα@@ μι@@ νι@@ ον ἱνα ἀποθα@@ νοι οἱα δη και ἀλλοις ἐκεινοι πολλοις πολλα προσε@@ τα@@ ττον βουλο@@ μενοι ὡς πλεισ@@ τους ἀνα@@ πλ@@ ησαι αἰτι@@ ων	plato
ἀλλʼ ὠ Με@@ λη@@ τε οὐκ ἐστιν ὁπως συ ταυτα οὐχι ἀπο@@ πειρω@@ μενος ἡμων ἐγ@@ ρα@@ ψ@@ ω την γραφ@@ ην ταυτην ἠ ἀπο@@ ρων ὁτι ἐγ@@ κα@@ λοις ἐμοι ἀληθες ἀδι@@ κη@@ μα	plato
Εὐ@@ η@@ νος ἐφη ὠ Σωκρατες Πα@@ ρι@@ ος πεντε μ@@ νων	plato
ἠ γαρ οἱον μηδεν εἰναι μηδε αἰσθησ@@ ιν μηδε@@ μιαν μηδενος ἐχειν τον τεθ@@ νεω@@ τα ἠ κατα τα λεγο@@ μενα μετα@@ βο@@ λη τις τυγχανει οὐσα και με@@ τοι@@ κ@@ ησ@@ ις τῃ ψυχ@@ ῃ του το@@ που του ἐν@@ θε@@ νδε εἰς ἀλλον το@@ πον	plato
ὁ μεν γαρ ὑμας ποιει εὐδαιμο@@ νας δοκειν εἰναι ἐγω δε εἰναι και ὁ μεν τροφ@@ ης οὐδεν δει@@ ται ἐγω δε δε@@ ομαι	plato
ὁμως τουτο μεν ἰ@@ τω ὁπῃ τῳ θεῳ φιλον τῳ δε νο@@ μῳ πει@@ σ@@ τεον και ἀπο@@ λογ@@ η@@ τεον	plato
δια τουτο και ἐμε οὐδα@@ μου ἀπε@@ τρε@@ ψ@@ εν το ση@@ μειον και ἐγωγε τοις κατα@@ ψη@@ φισ@@ α@@ μενοις μου και τοις κατη@@ γο@@ ροις οὐ πανυ χαλε@@ παι@@ νω	plato
ὡς δε ᾐσθ@@ ετο ἀρα τους παρε@@ πο@@ μενους δα@@ κρυ@@ οντας τι τουτο	xenophon
ὡς δʼ αὐ ταυτʼ ἀκουσαντες οἱ δικα@@ σται ἐτι μαλλον εἰκο@@ τως ἐ@@ θο@@ ρυ@@ βου@@ ν αὐθις εἰπειν τον Σωκρα@@ την	xenophon
ἐννο@@ ησ@@ ωμεν δε και τ@@ ῃ@@ δε ὡς πολλη ἐλ@@ π@@ ις ἐστιν ἀγαθον αὐτο εἰναι	plato
ἐπει δε ταυτα ἀκου@@ οντες οἱ δικα@@ σται ἐ@@ θο@@ ρυ@@ βου@@ ν οἱ μεν ἀπισ@@ του@@ ντες τοις λεγο@@ μενοις οἱ δε και φθο@@ νου@@ ντες εἰ και παρα θεων μει@@ ζο@@ νων ἠ αὐτοι τυγχα@@ νοι παλιν εἰπειν τον Σωκρα@@ την	xenophon
ἀπο@@ λογ@@ η@@ τεον δη ὠ ἀνδρες Ἀθηναιοι και ἐπιχει@@ ρη@@ τεον ὑμων ἐξε@@ λεσθαι την δια@@ βο@@ λην ἡν ὑμεις ἐν πολλ@@ ῳ χρονῳ ἐσ@@ χ@@ ετε ταυτην ἐν οὑτως ὀλιγ@@ ῳ χρονῳ	plato
ταυτα ὠ ἀνδρες Ἀθηναιοι και ἀληθη ἐστιν και εὐ@@ ε@@ λεγ@@ κ@@ τα	plato
και ἰσως ἀν δια ταυτα ἀπεθα@@ νον εἰ μη ἡ ἀρχ@@ η δια ταχ@@ εων κατε@@ λυ@@ θη	plato
ὁτι μεν ὑμεις ὠ ἀνδρες Ἀθηναιοι πε@@ πο@@ νθα@@ τε ὑπο των ἐμ@@ ων κατη@@ γο@@ ρων οὐκ οἰδα	plato
λεγε οὐν ἡμιν τι ἐστιν ἱνα μη ἡμεις περι σου αὐτο@@ σχε@@ δια@@ ζ@@ ωμεν	plato
εἰ μη συ βουλει ἀποκρι@@ νεσθαι ἐγω σοι λεγω και τοις ἀλλοις του@@ το@@ ισ@@ ι	plato
ὁμως δε δη λεγε ἡμιν πως με φῃς δια@@ φθει@@ ρειν ὠ Με@@ λη@@ τε τους νεω@@ τερους	plato
και μεντοι και πανυ ὠ ἀνδρες Ἀθηναιοι τουτο ὑμων δε@@ ομαι και πα@@ ρι@@ ε@@ μαι	plato
οἱ@@ δε τους νε@@ ους παιδευ@@ ειν οἱ@@ οι τε εἰσι και βελτι@@ ους ποι@@ ουσιν	plato
και γαρ τουτο αὐτο το του Ὁμη@@ ρου οὐδʼ ἐγω ἀπο δ@@ ρυ@@ ος οὐδʼ ἀπο πε@@ τ@@ ρ@@ ης πεφυ@@ κα ἀλλʼ ἐξ ἀνθρωπων ὡστε και οἰκει@@ οι μοι εἰσι και ὑ@@ εις γε ὠ ἀνδρες Ἀθηναιοι τρεις εἱς μεν μει@@ ρα@@ κι@@ ον ἠδη δυο δε παι@@ δια	plato
ἀν@@ ει@@ λε@@ ν οὐν ἡ Π@@ υ@@ θι@@ α μηδε@@ να σοφ@@ ωτερον εἰναι	plato
ταυτα γαρ ἑω@@ ρα@@ τε και αὐτοι ἐν τῃ Ἀρισ@@ το@@ φα@@ νους κω@@ μ@@ ῳ@@ δι@@ ᾳ Σωκρατη τινα ἐκει περι@@ φερο@@ μενον φασκ@@ οντα τε ἀ@@ ε@@ ρο@@ βα@@ τειν και ἀλλην πολλην φ@@ λυ@@ α@@ ριαν φ@@ λυ@@ α@@ ρου@@ ντα ὡν ἐγω οὐδεν οὐτε μεγα οὐτε μικρον περι ἐπα@@ ϊ@@ ω	plato
μαλιστα δε αὐτων ἑν ἐ@@ θαυμα@@ σα των πολλων ὡν ἐ@@ ψευ@@ σα@@ ντο τουτο ἐν ᾡ ἐλεγον ὡς χρ@@ ην ὑμας εὐ@@ λαβ@@ εισθαι μη ὑπʼ ἐμου ἐξα@@ πατη@@ θη@@ τε ὡς δει@@ νου ὀντος λεγειν	plato
τους ὑ@@ εις μου ἐπειδαν ἡ@@ β@@ ησ@@ ωσι τιμω@@ ρ@@ ησα@@ σθε ὠ ἀνδρες ταὐτα ταυτα λυ@@ που@@ ντες ἁπερ ἐγω ὑμας ἐ@@ λυ@@ που@@ ν ἐαν ὑμιν δο@@ κω@@ σιν ἠ χρηματων ἠ ἀλλου του προτερον ἐπιμελεισθαι ἠ ἀρετης και ἐαν δο@@ κω@@ σι τι εἰναι μηδεν ὀντες ὀ@@ νει@@ δι@@ ζ@@ ετε αὐτοις ὡσπερ ἐγω ὑμιν ὁτι οὐκ ἐπιμε@@ λου@@ νται ὡν δει και οἰ@@ ονται τι εἰναι ὀντες οὐδενος ἀξι@@ οι	plato
εἰ οὐν ὑμων οἱ δοκ@@ ουντες δια@@ φερειν εἰτε σοφι@@ ᾳ εἰτε ἀνδρει@@ ᾳ εἰτε ἀλλῃ ᾑ@@ τι@@ νι@@ ουν ἀρε@@ τῃ τοιου@@ τοι ἐσονται αἰσχρον ἀν εἰη	plato
πο@@ θεν αἱ δια@@ βο@@ λαι σοι αὑ@@ ται γεγο@@ να@@ σιν	plato
εὐ γαρ ἰσ@@ τε ἐαν με ἀποκτει@@ νη@@ τε τοιουτον ὀντα οἱον ἐγω λεγω οὐκ ἐμε μειζω βλα@@ ψ@@ ετε ἠ ὑμας αὐτους	plato
και δη και οἱ νε@@ οι ταυτα παρʼ ἐμου μανθα@@ νουσιν ἁ ἐξε@@ στιν ἐνιοτε εἰ πανυ πολλου δρα@@ χ@@ μης ἐκ της ὀρ@@ χ@@ ησ@@ τ@@ ρας π@@ ρια@@ μενοις Σωκρα@@ τους κατα@@ γε@@ λ@@ αν ἐαν προσ@@ ποιη@@ ται ἑαυτου εἰναι ἀλλως τε και οὑτως ἀτο@@ πα ὀντα	plato
τουτου δε αἰτι@@ ον ἐστιν ὁ ὑμεις ἐμου πολλακις ἀκηκο@@ α@@ τε πολλα@@ χου λεγο@@ ντος ὁτι μοι θει@@ ον τι και δαιμο@@ νι@@ ον γιγνεται φω@@ νη ὁ δη και ἐν τῃ γραφ@@ ῃ ἐπι@@ κω@@ μ@@ ῳ@@ δων Με@@ λη@@ τος ἐγ@@ ρα@@ ψα@@ το	plato
ἀκουσ@@ α@@ τε δη μοι τα συμ@@ βε@@ βη@@ κο@@ τα ἱνα εἰ@@ δη@@ τε ὁτι οὐδʼ ἀν ἑνι ὑπ@@ ει@@ καθ@@ οι@@ μι παρα το δικαιον δει@@ σας θανα@@ τον μη ὑπ@@ ει@@ κων δε ἀλλα κἀν ἀπο@@ λοι@@ μην	plato
ἀλλα δια τι δη ποτε μετʼ ἐμου χαι@@ ρ@@ ουσι τινες πολυν χρονον διατριβ@@ οντες	plato
μαρτυ@@ ρας δε αὐ ὑμων τους πολλους παρε@@ χο@@ μαι και ἀξι@@ ω ὑμας ἀλληλους διδασκειν τε και φρα@@ ζειν ὁσοι ἐμου πωποτε ἀκηκο@@ α@@ τε δια@@ λεγο@@ μεν@@ ου@@ πολλοι δε ὑμων οἱ τοιου@@ τοι εἰσιν φρα@@ ζ@@ ετε οὐν ἀλληλοις εἰ πωποτε ἠ μικρον ἠ μεγα ἠκ@@ ουσ@@ ε τις ὑμων ἐμου περι των τοιουτων δια@@ λεγο@@ μενου και ἐκ τουτου γνω@@ σε@@ σθε ὁτι τοιαυ@@ τʼ ἐστι και τἀλλα περι ἐμου ἁ οἱ πολλοι λεγουσιν	plato
και τουτων περι ὁ ἀδελφ@@ ος ὑμιν αὐτου οὑ@@ το@@ σι μαρτυ@@ ρησ@@ ει ἐπειδη ἐκεινος τε@@ τελευτη@@ κεν	plato
εἰ οὐν δει με κατα το δικαιον της ἀξι@@ ας τιμα@@ σθαι τουτου τιμω@@ μαι ἐν π@@ ρυ@@ τα@@ νει@@ ῳ σι@@ τη@@ σεως	plato
ἀπ@@ ῃ@@ α οὐν και ἐντευθεν τῳ αὐτῳ οἰ@@ ομενος περι@@ γεγο@@ νεναι ᾡ@@ περ και των πολι@@ τι@@ κων	plato
ἀν δε αἰσθα@@ νω@@ μαι χει@@ ρων γιγνο@@ μενος και κατα@@ μεμ@@ φω@@ μαι ἐμαυτον πως ἀν εἰπειν ἐγω ἐτι ἀν ἡδεως βι@@ ο@@ τευ@@ οι@@ μι	xenophon
ἐπι πο@@ σῳ δʼ ἀν τις ὠ ἀνδρες δικα@@ σται δε@@ ξ@@ αι@@ το ἐξε@@ τα@@ σαι τον ἐπι Τ@@ ροι@@ αν ἀγα@@ γ@@ οντα την πολλην στρατι@@ αν ἠ Ὀ@@ δυσ@@ σε@@ α ἠ Σ@@ ισ@@ υ@@ φ@@ ον ἠ ἀλλους μυ@@ ρι@@ ους ἀν τις εἰ@@ ποι και ἀνδρας και γυναι@@ κας οἱς ἐκει δια@@ λεγεσθαι και συνει@@ ναι και ἐξε@@ τα@@ ζειν ἀ@@ μηχα@@ νον ἀν εἰη εὐδαιμο@@ νιας	plato
ἀλλʼ οὐτε τοτε ᾠ@@ ηθ@@ ην δειν ἑνεκα του κινδυ@@ νου πρα@@ ξαι οὐδεν ἀνε@@ λευθε@@ ρον οὐτε νυν μοι μετα@@ με@@ λει οὑτως ἀπο@@ λογ@@ ησα@@ μενῳ ἀλλα πολυ μαλλον αἱ@@ ρου@@ μαι ὡδε ἀπο@@ λογ@@ ησα@@ μενος τεθ@@ να@@ ναι ἠ ἐκει@@ νως ζην	plato
ὁπερ γαρ ἡδι@@ στον ἐστιν ᾐ@@ δειν ὁ@@ σι@@ ως μοι και δικαιως ἁπαντα τον βιον βε@@ βι@@ ω@@ μενον	xenophon
ὑμιν γαρ ὡς φιλοις οὐ@@ σιν ἐπι@@ δειξαι ἐθελ@@ ω το νυ@@ νι μοι συμ@@ βε@@ βη@@ κος τι ποτε νο@@ ει	plato
και ἐτυχ@@ εν ἡμων ἡ φυ@@ λη Ἀ@@ ντι@@ ο@@ χ@@ ις π@@ ρυ@@ τα@@ νευ@@ ουσα ὁτε ὑμεις τους δεκα στρατηγ@@ ους τους οὐκ ἀνε@@ λο@@ μενους τους ἐκ της ναυ@@ μαχ@@ ιας ἐ@@ βουλευ@@ σα@@ σθε ἁθρο@@ ους κρι@@ νειν παρα@@ νο@@ μως ὡς ἐν τῳ ὑ@@ σ@@ τερῳ χρονῳ πασιν ὑμιν ἐδοξεν	plato
ὁμως δε ὑμεις μηδε ταυτʼ εἰ@@ κῃ πιστευ@@ ση@@ τε τῳ θεῳ ἀλλα καθʼ ἑν ἑκαστον ἐπισ@@ κο@@ πει@@ τε ὡν εἰπεν ὁ θεος	xenophon
τα τε γαρ ἀλλα εὐδαιμο@@ νε@@ στε@@ ροι εἰσιν οἱ ἐκει των ἐνθαδε και ἠδη τον λοιπον χρονον ἀθανα@@ τοι εἰσιν εἰπερ γε τα λεγο@@ μενα ἀληθη	plato
και ἐπειδαν μοι μη δοκ@@ ῃ τῳ θεῳ βοηθ@@ ων ἐν@@ δεικνυ@@ μαι ὁτι οὐκ ἐστι σοφ@@ ος	plato
τον δε λεγεται κατα@@ ψ@@ ησα@@ ντα αὐτου την κεφα@@ λην εἰπειν	xenophon
β@@ ρο@@ ντας δε ἀμ@@ φι@@ λεξ@@ ει τις ἠ μη φω@@ νειν ἠ μη μεγιστον οἰ@@ ω@@ νισ@@ τη@@ ριον εἰναι	xenophon
ἐοι@@ κα γουν τουτου γε σμικ@@ ρῳ τινι αὐτῳ τουτῳ σοφ@@ ω@@ τερος εἰναι ὁτι ἁ μη οἰδα οὐδε οἰ@@ ομαι εἰδεναι	plato
και ἐγω ἁμα οὐκ εἰ@@ θ@@ ισ@@ μαι ἐμαυτον ἀξι@@ ουν κα@@ κου οὐδενος	plato
ὁμοιως γαρ ἀν ἀτο@@ πον εἰη ὡσπερ ἀν εἰ τις ἱππων μεν παιδας ἡγ@@ οιτο ἠ και ὀ@@ νων τους ἡ@@ μι@@ ο@@ νους ἱππους δε και ὀ@@ νους μη ἡγ@@ οιτο εἰναι	plato
τοις δε ἀπο@@ ψη@@ φισ@@ α@@ μενοις ἡδεως ἀν δια@@ λεχ@@ θει@@ ην ὑπερ του γεγο@@ νο@@ τος του@@ του@@ ϊ πραγ@@ ματος ἐν ᾡ οἱ ἀρχ@@ οντες ἀ@@ σχο@@ λιαν ἀγ@@ ουσι και οὐπω ἐρ@@ χο@@ μαι οἱ ἐλθ@@ οντα με δει τεθ@@ να@@ ναι	plato
οἱ@@ ουσ@@ περ ἐγω πολλακις ἑω@@ ρα@@ κα τινας ὁταν κρι@@ νωνται δοκ@@ ουντας μεν τι εἰναι θαυμα@@ σια δε ἐργα@@ ζο@@ μενους ὡς δει@@ νον τι οἰ@@ ομενους πει@@ σεσθαι εἰ ἀποθα@@ νου@@ νται ὡσπερ ἀθανα@@ των ἐσ@@ ομενων ἀν ὑμεις αὐτους μη ἀποκτει@@ νη@@ τε	plato
ἐα@@ ντε γαρ λεγω ὁτι τῳ θεῳ ἀπει@@ θειν τουτʼ ἐστιν και δια τουτʼ ἀδυνατον ἡσυχι@@ αν ἀγειν οὐ πει@@ σε@@ σθε μοι ὡς εἰ@@ ρω@@ νευ@@ ο@@ μενῳ	plato
τι δη λεγοντες διε@@ βα@@ λλον οἱ δια@@ βαλλ@@ οντες	plato
οὐ γαρ δη ἐγωγε αὐτην ἐπιστα@@ μαι ἀλλʼ ὁστις φησ@@ ι ψευ@@ δε@@ ται τε και ἐπι δια@@ βο@@ λῃ τῃ ἐμ@@ ῃ λεγει	plato
ἡ γαρ εἰω@@ θυ@@ ια μοι μα@@ ντι@@ κη ἡ του δαιμο@@ νι@@ ου ἐν μεν τῳ προσθεν χρονῳ παντι πανυ πυ@@ κ@@ νη ἀει ἠν και πανυ ἐπι σμικ@@ ροις ἐναντι@@ ου@@ μενη εἰ τι μελλ@@ οι@@ μι μη ὀρθως πραξ@@ ειν	plato
το γαρ μη αἰσχυ@@ ν@@ θηναι ὁτι αὐ@@ τικα ὑπʼ ἐμου ἐξε@@ λεγ@@ χ@@ θησ@@ ονται ἐργῳ ἐπειδαν μηδʼ ὁπ@@ ω@@ στι@@ ουν φαι@@ νω@@ μαι δει@@ νος λεγειν τουτο μοι ἐδοξεν αὐτων ἀνα@@ ισ@@ χυ@@ ν@@ το@@ τατον εἰναι εἰ μη ἀρα δει@@ νον καλ@@ ουσιν οὑτοι λεγειν τον τ@@ ἀληθη λεγ@@ οντα	plato
οὐκ οἰσθα ὁτι μεχρι μεν του@@ δε οὐδενι ἀνθρωπων ὑφ@@ ει@@ μην ἀν βελτιον ἐμου βε@@ βι@@ ω@@ κεναι	xenophon
ὀρθως δε οἱ θεοι τοτε μου ἠ@@ ναντι@@ ου@@ ντο φαναι αὐτον τῃ του λογου ἐπισκε@@ ψ@@ ει ὁτε ἐδοκει ἡμιν ζη@@ τη@@ τε@@ α εἰναι ἐκ παντος τρο@@ που τα ἀπο@@ φευ@@ κ@@ τικα	xenophon
ἐπει και τουτο γε μοι δοκει καλον εἰναι εἰ τις οἱος τʼ εἰη παιδευ@@ ειν ἀνθρωπους ὡσπερ Γ@@ ορ@@ γι@@ ας τε ὁ Λ@@ ε@@ οντ@@ ι@@ νος και Π@@ ρο@@ δι@@ κος ὁ Κ@@ ει@@ ος και Ἱ@@ π@@ πι@@ ας ὁ Ἠλει@@ ος	plato
πρωτον μεν οὐν δικαι@@ ος εἰμι ἀπο@@ λογ@@ ησασθαι ὠ ἀνδρες Ἀθηναιοι προς τα πρω@@ τα μου ψευδη κατη@@ γο@@ ρη@@ μενα και τους πρω@@ τους κατη@@ γο@@ ρους ἐπειτα δε προς τα ὑστερον και τους ὑ@@ σ@@ τερους	plato
οὐτε γαρ ἐν δι@@ κῃ οὐτʼ ἐν πολεμῳ οὐτʼ ἐμε οὐτʼ ἀλλον οὐδενα δει τουτο μηχα@@ νασθαι ὁπως ἀπο@@ φευ@@ ξ@@ εται παν ποιων θανα@@ τον	plato
ἀλλα μειζω μεν ὠ ἀνδρες εἰπεν ὁ θεος ἐν χρησ@@ μοις περι Λυ@@ κου@@ ργ@@ ου του Λακεδαιμονιοις νο@@ μο@@ θε@@ τη@@ σα@@ ντος ἠ περι ἐμου	xenophon
ἰ@@ θι δη νυν εἰπε τουτοις τις αὐτους βελτι@@ ους ποιει	plato
και γαρ οὑτοι λεγ@@ ουσι μεν πολλα και καλα ἰ@@ σα@@ σιν δε οὐδεν ὡν λεγ@@ ουσι	plato
ἀνα@@ λαμβα@@ νων οὐν αὐτων τα ποιη@@ ματα ἁ μοι ἐδοκει μαλιστα πε@@ πραγ@@ μα@@ τευ@@ σθαι αὐτοις διη@@ ρω@@ των ἀν αὐτους τι λεγ@@ οιεν ἱ@@ νʼ ἁμα τι και μανθα@@ νοι@@ μι παρʼ αὐτων	plato
ἀλλʼ ὠ ἀνδρες τους μεν διδασκ@@ οντας τους μαρτυ@@ ρας ὡς χρη ἐπι@@ ορ@@ κου@@ ντας κατα@@ ψευ@@ δο@@ μαρτυ@@ ρειν ἐμου και τους πειθο@@ μενους τουτοις ἀναγκη ἐστι πολλην ἑαυτοις συνει@@ δε@@ ναι ἀ@@ σε@@ β@@ ειαν και ἀδι@@ κι@@ αν	xenophon
σκε@@ ψα@@ σθε δη ὡν ἑνεκα ταυτα λεγω	plato
ἐ@@ σθʼ ὁστις ἱππους μεν οὐ νομιζ@@ ει ἱππι@@ κα δε πραγματα	plato
πε@@ πει@@ σ@@ μαι ἐγω ἑ@@ κων εἰναι μηδε@@ να ἀδι@@ κειν ἀνθρωπων ἀλλα ὑμας τουτο οὐ πειθ@@ ω	plato
καιτοι ἐν ἀλλοις λογοις πολλα@@ χου δη με ἐπε@@ σχ@@ ε λεγ@@ οντα μεταξυ	plato
ἀλλα γαρ ὠ ἀνδρες Ἀθηναιοι ὡς μεν ἐγω οὐκ ἀδι@@ κ@@ ω κατα την Με@@ λη@@ του γραφ@@ ην οὐ πολλ@@ ης μοι δοκει εἰναι ἀπο@@ λογι@@ ας ἀλλα ἱκα@@ να και ταυτα	plato
οὐκουν εἰπειν τον Σωκρα@@ την θαυμαστον και τουτο σοι δοκει εἰναι το ἐν μεν ταις ἀλλ@@ αις πρα@@ ξε@@ σι μη μονον ἰ@@ σο@@ μοι@@ ριας τυγχα@@ νειν τους κρατισ@@ τους ἀλλα και προ@@ τε@@ τι@@ μη@@ σθαι ἐμε δε ὁτι περι του μεγισ@@ του ἀγαθου ἀνθρωποις περι παι@@ δει@@ ας βελτισ@@ τος εἰναι ὑπο τινων προ@@ κρι@@ νο@@ μαι τουτου ἑνεκα θανα@@ του ὑπο σου διω@@ κε@@ σθαι	xenophon
πλειους ἐσονται ὑμας οἱ ἐλεγ@@ χ@@ οντες οὑς νυν ἐγω κα@@ τειχ@@ ον ὑμεις δε οὐκ ᾐσθ@@ α@@ νε@@ σθε	plato
τον μεν γαρ δια@@ φθει@@ ρο@@ ντα ἐξ@@ ευ@@ ρων ὡς φῃς ἐμε εἰ@@ σα@@ γ@@ εις του@@ το@@ ισ@@ ι και κατη@@ γο@@ ρεις	plato
ταυτα λεγω ὡς το παρα@@ παν οὐ νομιζ@@ εις θεους	plato
τουτου δε του ἐγ@@ κλη@@ ματος ἑν ἑκαστον ἐξε@@ τα@@ σω@@ μεν	plato
οὐκ αὐ@@ θα@@ δι@@ ζομενος ὠ ἀνδρες Ἀθηναιοι οὐδʼ ὑμας ἀ@@ τιμα@@ ζων ἀλλʼ εἰ μεν θαρ@@ ρα@@ λε@@ ως ἐγω ἐχω προς θανα@@ τον ἠ μη ἀλλος λογος προς δʼ οὐν δοξαν και ἐμοι και ὑμιν και ὁ@@ λῃ τῃ πολει οὐ μοι δοκει καλον εἰναι ἐμε τουτων οὐδεν ποιειν και τη@@ λι@@ κο@@ νδε ὀντα και τουτο τοὐ@@ νο@@ μα ἐχοντα εἰ@@ τʼ οὐν ἀληθες εἰ@@ τʼ οὐν ψευ@@ δος ἀλλʼ οὐν δε@@ δο@@ γ@@ μενον γε ἐστι τῳ Σωκρατη δια@@ φερειν των πολλων ἀνθρωπων	plato
ἐγω γαρ δη οὐτε μεγα οὐτε σμικρον συ@@ νοι@@ δα ἐμαυ@@ τῳ σοφ@@ ος ὠν	plato
ἐμαυ@@ τῳ γαρ συν@@ ῃ@@ δη οὐδεν ἐπιστα@@ μενῳ ὡς ἐ@@ πος εἰπειν τουτους δε γʼ ᾐ@@ δη ὁτι εὑ@@ ρησ@@ οι@@ μι πολλα και καλα ἐπιστα@@ μενους	plato
ἁτε οὐν οἰμαι φιλο@@ τι@@ μοι ὀντες και σφοδ@@ ροι και πολλοι και συντ@@ ε@@ τα@@ μενως και πι@@ θα@@ νως λεγοντες περι ἐμου ἐμ@@ πε@@ πλη@@ κα@@ σιν ὑμων τα ὠ@@ τα και παλαι και σφοδ@@ ρως δια@@ βαλλ@@ οντες	plato
ἐμε δε θεῳ μεν οὐκ εἰ@@ κα@@ σεν ἀνθρωπων δε πολλ@@ ῳ προε@@ κρι@@ νεν ὑπερ@@ φερειν	xenophon
ἀλλοι δε ἀρα αὐτας οἰ@@ σ@@ ουσι ῥᾳδιως	plato
ἐκεινου δε τι φησ@@ ομεν αἰτι@@ ον εἰναι του παντας εἰδεναι ὁτι ἐγω ἡκ@@ ισ@@ τʼ ἀν ἐχ@@ οι@@ μι χρηματα ἀντι@@ διδοναι ὁμως πολλους ἐπιθυ@@ μειν ἐμοι τι δω@@ ρει@@ σθαι	xenophon
το δε τους ἀλλους μεν τας εὐ@@ πα@@ θει@@ ας ἐκ της ἀγο@@ ρας πολυ@@ τε@@ λεις πο@@ ρι@@ ζεσθαι ἐμε δε ἐκ της ψυχης ἀνευ δα@@ παν@@ ης ἡδι@@ ους ἐκεινων μηχα@@ νασθαι	xenophon
ἀλλʼ ὠ προς Δι@@ ος οὑτ@@ ωσι σοι δοκω	plato
ἐτι γαρ και νυν πολυ καλλι@@ ους ὑ@@ μ@@ νους παρεχ@@ εται Ὀ@@ δυσ@@ σεως του ἀδι@@ κως ἀποκτει@@ να@@ ντος αὐτον	xenophon
και πολυν μεν χρονον ἠ@@ πορ@@ ουν τι ποτε λεγει	plato
Ἀ@@ νυ@@ τος μεν δη δια την του υ@@ ἱ@@ ου πονη@@ ραν παι@@ δει@@ αν και δια την αὑτου ἀγ@@ νω@@ μο@@ συν@@ ην ἐτι και τε@@ τελευτη@@ κως τυγχανει κα@@ κο@@ δο@@ ξι@@ ας	xenophon
και οὐχ ὡς ἀ@@ τιμα@@ ζων λεγω την τοιαυ@@ την ἐπιστημην εἰ τις περι των τοιουτων σοφ@@ ος ἐσ@@ τι@@ ν@@ μη πως ἐγω ὑπο Με@@ λη@@ του τοσαυ@@ τας δι@@ κας φευγ@@ οι@@ μι ἀλλα γαρ ἐμοι τουτων ὠ ἀνδρες Ἀθηναιοι οὐδεν μετε@@ στιν	plato
δοκειν γαρ εἰδεναι ἐστιν ἁ οὐκ οἰδεν	plato
ταυτʼ οὐν ἐγω μεν ἐτι και νυν περι@@ ι@@ ων ζη@@ τω και ἐ@@ ρευ@@ νω κατα τον θεον και των ἀσ@@ των και ξε@@ νων ἀν τινα οἰ@@ ω@@ μαι σοφ@@ ον εἰναι	plato
ἐπει γαρ ἐγ@@ νω του ἐτι ζην το τεθ@@ να@@ ναι αὐτῳ κρει@@ ττον εἰναι ὡσπερ οὐδε προς τἀλλα τ@@ ἀγαθα προσα@@ ντ@@ ης ἠν οὐδε προς τον θανα@@ τον ἐμα@@ λα@@ κισ@@ α@@ το ἀλλʼ ἱ@@ λα@@ ρως και προσε@@ δεχ@@ ετο αὐτον και ἐπε@@ τελε@@ σατο	xenophon
και ταυτα γε ἀγαθον τοιουτον ὁτι ἀν πρε@@ ποι ἐμοι	plato
οὐ γαρ ἐστιν ὁστις ἀνθρωπων σω@@ θησ@@ εται οὐτε ὑμιν οὐτε ἀλλῳ πλη@@ θει οὐδενι γ@@ νησ@@ ι@@ ως ἐναντι@@ ου@@ μενος και δια@@ κωλυ@@ ων πολλα ἀδι@@ κα και παρα@@ νο@@ μα ἐν τῃ πολει γιγνεσθαι ἀλλʼ ἀναγκαιον ἐστι τον τῳ ὀντι μαχ@@ ου@@ μενον ὑπερ του δικαι@@ ου και εἰ μελλ@@ ει ὀλι@@ γον χρονον σω@@ θησ@@ εσθαι ἰδιω@@ τευ@@ ειν ἀλλα μη δημο@@ σι@@ ευ@@ ειν	plato
λεγεται γαρ εἰς τον να@@ ον εἰ@@ σι@@ οντα προσει@@ πειν αὐτον	xenophon
προς δε Με@@ λη@@ τον τον ἀγαθον και φιλο@@ πολιν ὡς φησ@@ ι και τους ὑ@@ σ@@ τερους μετα ταυτα πειρα@@ σομαι ἀπο@@ λογ@@ ησασθαι	plato
ἐπει ὡς ἐγ@@ ᾠ@@ μαι εἰ ἠν ὑμιν νο@@ μος ὡσπερ και ἀλλοις ἀνθρωποις περι θανα@@ του μη μιαν ἡμεραν μονον κρι@@ νειν ἀλλα πολλ@@ ας ἐπει@@ σθη@@ τε ἀν	plato
κ@@ ἀπει@@ τα οἰμαι εὑ@@ ρισ@@ κ@@ ουσι πολλην ἀφθο@@ νιαν οἰ@@ ομενων μεν εἰδεναι τι ἀνθρωπων εἰδο@@ των δε ὀλιγ@@ α ἠ οὐδεν	plato
η αὐτον οἰει φρο@@ ντ@@ ισ@@ αι θανα@@ του και κινδυ@@ νου	plato
εἰ μεν οὐν ταυτα λεγων δια@@ φθει@@ ρω τους νε@@ ους ταυτʼ ἀν εἰη βλαβ@@ ε@@ ρα	plato
κινδυνευ@@ ει μεν γαρ ἡμων οὐδε@@ τερος οὐδεν καλον κ@@ ἀγαθον εἰδεναι ἀλλʼ οὑτος μεν οἰ@@ εται τι εἰδεναι οὐκ εἰδως ἐγω δε ὡσπερ οὐν οὐκ οἰδα οὐδε οἰ@@ ομαι	plato
ἀν γαρ νυν κατα@@ κρι@@ θῃ μου δηλον ὁτι ἐξε@@ σται μοι τῃ τελευ@@ τῃ χρησθαι ἡ ῥᾳ@@ στη μεν ὑπο των τουτου ἐπιμε@@ ληθε@@ ντων κε@@ κρι@@ ται ἀπ@@ ρα@@ γ@@ μο@@ νε@@ στα@@ τη δε τοις φιλοις πλεισ@@ τον δε πο@@ θον ἐμ@@ ποι@@ ουσα των τελευ@@ τω@@ ντων	xenophon
νυν δε οὐ γαρ ἐστιν εἰ μη ἀρα ὁσον ἀν ἐγω δυναι@@ μην ἐκ@@ τει@@ σαι τοσου@@ του βουλε@@ σθε μοι τι@@ μησ@@ αι	plato
ἐαν δια των αὐτων λογων ἀκου@@ η@@ τε μου ἀπο@@ λογ@@ ου@@ μενου διʼ ὡ@@ νπερ εἰω@@ θα λεγειν και ἐν ἀγο@@ ρᾳ ἐπι των τρα@@ πε@@ ζων ἱνα ὑμων πολλοι ἀκηκο@@ α@@ σι και ἀλλο@@ θι μητε θαυμα@@ ζειν μητε θο@@ ρυ@@ β@@ ειν τουτου ἑνεκα	plato
ὡστε φη@@ μι αὐτον ἐπι τῃ δου@@ λο@@ πρε@@ πει διατριβ@@ ῃ ἡν ὁ πατηρ αὐτῳ παρεσκευα@@ κεν οὐ δια@@ μενειν	xenophon
ὡσπερ οὐν ἀν εἰ τῳ ὀντι ξε@@ νος ἐτυγχα@@ νον ὠν συνε@@ γιγνω@@ σκε@@ τε δηπου ἀν μοι εἰ ἐν ἐκει@@ νῃ τῃ φω@@ νῃ τε και τῳ τροπῳ ἐλεγον ἐν οἱ@@ σ@@ περ ἐ@@ τεθ@@ ρα@@ μ@@ μην και δη και νυν τουτο ὑμων δε@@ ομαι δικαιον ὡς γε μοι δοκω τον μεν τροπον της λε@@ ξεως ἐα@@ ν@@ ἰσως μεν γαρ χει@@ ρων ἰσως δε βελτι@@ ων ἀν εἰ@@ η@@ αὐτο δε τουτο σκο@@ πειν και τουτῳ τον νουν προσε@@ χειν εἰ δικαια λεγω ἠ μη	plato
εὐ μεντοι ἰσ@@ τε πασαν ὑμιν την ἀληθ@@ ειαν ἐρ@@ ω	plato
και μοι μη ἀ@@ χθε@@ σθε λεγ@@ οντι τ@@ ἀληθη	plato
ἀλλʼ ἐκεινοι δει@@ νο@@ τεροι ὠ ἀνδρες οἱ ὑμων τους πολλους ἐκ παι@@ δων παρα@@ λαμβα@@ νοντες ἐπει@@ θον τε και κατη@@ γο@@ ρουν ἐμου μαλλον οὐδεν ἀληθες ὡς ἐστιν τις Σωκρατης σοφ@@ ος ἀνηρ τα τε μετε@@ ω@@ ρα φρο@@ ντ@@ ισ@@ της και τα ὑπο γης παντα ἀνε@@ ζη@@ τη@@ κως και τον ἡτ@@ τω λογον κρει@@ τ@@ τω ποιων	plato
οἱ μεν βελτι@@ ους ποιου@@ ντες αὐτους παντες ἀνθρωποι εἰναι εἱς δε τις ὁ δια@@ φθει@@ ρων	plato
νυν δε ὡς ἐοικεν εἰ τριακοντα μο@@ ναι μετε@@ πε@@ σον των ψη@@ φων ἀπε@@ πε@@ φευγ@@ η ἀν	plato
ἐκ ταυ@@ τη@@ σι δη της ἐξε@@ τα@@ σεως ὠ ἀνδρες Ἀθηναιοι πολλ@@ αι μεν ἀπεχ@@ θει@@ αι μοι γεγο@@ να@@ σι και οἱ@@ αι χαλε@@ πω@@ τα@@ ται και βα@@ ρυ@@ τα@@ ται ὡστε πολλ@@ ας δια@@ βο@@ λας ἀπʼ αὐτων γεγο@@ νεναι ὀνομα δε τουτο λεγεσθαι σοφ@@ ος εἰναι	plato
ὑμεις δε ὁπερ κατʼ ἀρχ@@ ας ὑμας παρ@@ ῃ@@ τη@@ σα@@ μην μεμνη@@ σθε μοι μη θο@@ ρυ@@ β@@ ειν ἐαν ἐν τῳ εἰω@@ θο@@ τι τροπῳ τους λογους ποι@@ ω@@ μαι	plato
ἀλλα γαρ ὠ Με@@ λη@@ τε ἱκανως ἐπιδεικνυ@@ σαι ὁτι οὐδε@@ πωποτε ἐφ@@ ρο@@ ντ@@ ισ@@ ας των νεων και σαφως ἀπο@@ φαι@@ νεις την σαυ@@ του ἀμε@@ λειαν ὁτι οὐδεν σοι με@@ με@@ λη@@ κεν περι ὡν ἐμε εἰ@@ σα@@ γ@@ εις	plato
και ἀλλους πολλους ἐγω ἐχω ὑμιν εἰπειν ὡν τινα ἐχ@@ ρ@@ ην μαλιστα μεν ἐν τῳ ἑαυτου λογῳ παρα@@ σχ@@ εσθαι Με@@ λη@@ τον μαρτυ@@ ρα	plato
ὡσπερ οὐν κατη@@ γο@@ ρων την ἀντ@@ ω@@ μο@@ σιαν δει ἀναγ@@ νω@@ ναι αὐτων	plato
ἐγω δʼ οὐν και αὐτος ὑπʼ αὐτων ὀλιγ@@ ου ἐμαυ@@ του ἐπε@@ λα@@ θο@@ μην οὑτω πι@@ θα@@ νως ἐλεγον	plato
καιτοι οὐκ αἰσχρον σοι δοκει εἰναι και ἱκανον τεκμη@@ ριον οὑ δη ἐγω λεγω ὁτι σοι οὐδεν με@@ με@@ λη@@ κεν	plato
οὐ γαρ ἐμ@@ ον ἐρ@@ ω τον λογον ὁν ἀν λεγω ἀλλʼ εἰς ἀξι@@ ο@@ χ@@ ρε@@ ων ὑμιν τον λεγ@@ οντα ἀνο@@ ισ@@ ω	plato
εἰ δε τις των ἀρετης ἐφ@@ ι@@ ε@@ μενων ὠφελι@@ μω@@ τερῳ τινι Σωκρα@@ τους συνε@@ γενετο ἐκεινον ἐγω τον ἀνδρα ἀξι@@ ο@@ μακα@@ ρισ@@ το@@ τατον νομιζ@@ ω	xenophon
ὁρᾳς ὠ Με@@ λη@@ τε ὁτι σι@@ γ@@ ᾳς και οὐκ ἐχεις εἰπειν	plato
και ἰσ@@ τε δη οἱος ἠν Χ@@ αι@@ ρε@@ φων ὡς σφοδ@@ ρος ἐφʼ ὁτι ὁρ@@ μησ@@ ειεν	plato
ἀ@@ γε δη ἀκουσ@@ α@@ τε και ἀλλα ἱνα ἐτι μαλλον οἱ βουλο@@ μενοι ὑμων ἀπισ@@ τω@@ σι τῳ ἐμε τε@@ τι@@ μη@@ σθαι ὑπο δαιμο@@ νων	xenophon
πρωτον μεν γαρ κελευ@@ ομενος ὑπο@@ τιμα@@ σθαι οὐτε αὐτος ὑπε@@ τι@@ μ@@ ησα@@ το οὐτε τους φιλους εἰ@@ α@@ σεν ἀλλα και ἐλεγεν ὁτι το ὑπο@@ τιμα@@ σθαι ὁμολογ@@ ου@@ ντος εἰη ἀδι@@ κειν	xenophon
ἐμοι δε τουτο ὡς ἐγω φη@@ μι προσ@@ τετα@@ κ@@ ται ὑπο του θε@@ ου πραττειν και ἐκ μαντ@@ ει@@ ων και ἐξ ἐ@@ νυ@@ π@@ νι@@ ων και παντι τροπῳ ᾡ@@ περ τις ποτε και ἀλλη θει@@ α μοι@@ ρα ἀνθρω@@ πῳ και ὁτιουν προσε@@ ταξ@@ ε πραττειν	plato
εἰ γαρ τις ἀφικο@@ μενος εἰς Ἁ@@ ι@@ δου ἀπαλλα@@ γ@@ εις του@@ τω@@ νι των φασκ@@ οντων δικα@@ σ@@ των εἰναι εὑ@@ ρησ@@ ει τους ὡς ἀληθως δικα@@ στας οἱ@@ περ και λεγ@@ ονται ἐκει δικα@@ ζειν Μ@@ ι@@ νως τε και Ῥ@@ α@@ δα@@ μα@@ ν@@ θυ@@ ς και Α@@ ἰα@@ κος και Τ@@ ρι@@ πτο@@ λε@@ μος και ἀλλοι ὁσοι των ἡ@@ μι@@ θεων δικαι@@ οι ἐγενοντο ἐν τῳ ἑαυτων βι@@ ῳ ἀρα φαυ@@ λη ἀν εἰη ἡ ἀπο@@ δη@@ μια	plato
ἰσως οὐν ὑμιν και ταυ@@ τι λεγων παρα@@ πλησι@@ ως δοκω λεγειν ὡσπερ περι του οἰκ@@ του και της ἀντι@@ βο@@ λησ@@ εως ἀπα@@ υ@@ θα@@ δι@@ ζομενος	plato
αἰσχυ@@ νο@@ μαι οὐν ὑμιν εἰπειν ὠ ἀνδρες τ@@ ἀληθη	plato
ὡς δε τουτο οὑτως ἐχει πειρα@@ σομαι και ὑμιν ἐπι@@ δειξαι	plato
και δη ποτε και εἰς Δ@@ ε@@ λφ@@ ους ἐλθων ἐ@@ τολ@@ μησ@@ ε τουτο μαντ@@ ευ@@ σα@@ σθ@@ αι@@ και ὁπερ λεγω μη θο@@ ρυ@@ β@@ ει@@ τε ὠ ἀνδ@@ ρε@@ ς@@ ἠ@@ ρετο γαρ δη εἰ τις ἐμου εἰη σοφ@@ ω@@ τερος	plato
εὐ γαρ ἰσ@@ τε ὠ ἀνδρες Ἀθηναιοι εἰ ἐγω παλαι ἐπε@@ χει@@ ρησ@@ α πραττειν τα πολι@@ τικα πραγματα παλαι ἀν ἀπο@@ λω@@ λη και οὐτʼ ἀν ὑμας ὠφε@@ λη@@ κη οὐδεν οὐτʼ ἀν ἐμαυτον	plato
ἐστιν ὁστις ἀνθρωπων ὠ Με@@ λη@@ τε ἀνθρω@@ πει@@ α μεν νομιζ@@ ει πραγ@@ μα@@ τʼ εἰναι ἀνθρωπους δε οὐ νομιζ@@ ει	plato
μετα γαρ τους πολι@@ τι@@ κους ᾐ@@ α ἐπι τους ποιη@@ τας τους τε των τρα@@ γ@@ ῳ@@ δι@@ ων και τους των δι@@ θυ@@ ρα@@ μ@@ β@@ ων και τους ἀλλους ὡς ἐνταυθα ἐπʼ αὐτο@@ φω@@ ρῳ κατα@@ ληψ@@ ομενος ἐμαυτον ἀ@@ μα@@ θε@@ στερον ἐκεινων ὀντα	plato
και οὑτω κατα@@ φρο@@ νεις τω@@ νδε και οἰει αὐτους ἀπει@@ ρους γραμ@@ ματων εἰναι ὡστε οὐκ εἰδεναι ὁτι τα Ἀ@@ να@@ ξα@@ γο@@ ρου βι@@ β@@ λι@@ α του Κ@@ λα@@ ζο@@ μενι@@ ου γε@@ μει τουτων των λογων	plato
τουτʼ ἐστιν ὁ μοι ἐναντι@@ ου@@ ται τα πολι@@ τικα πραττειν και πα@@ γ@@ καλως γε μοι δοκει ἐναντι@@ ου@@ σθαι	plato
ἠ αὐ Ὀ@@ ρ@@ φ@@ ει συγ@@ γενεσθαι και Μ@@ ουσ@@ αι@@ ῳ και Ἡ@@ σι@@ ο@@ δῳ και Ὁμη@@ ρῳ ἐπι πο@@ σῳ ἀν τις δε@@ ξ@@ αι@@ τʼ ἀν ὑμων	plato
φη@@ μι γαρ ὠ ἀνδρες οἱ ἐμε ἀπεκ@@ το@@ να@@ τε τιμω@@ ριαν ὑμιν ἡ@@ ξειν εὐθυς μετα τον ἐμ@@ ον θανα@@ τον πολυ χαλε@@ πω@@ τεραν νη Δια ἠ οἱ@@ αν ἐμε ἀπεκ@@ το@@ να@@ τε	plato
οἱ γαρ ἀκου@@ οντες ἡγου@@ νται τους ταυτα ζητου@@ ντας οὐδε θεους νομι@@ ζειν	plato
παντως οὐ δηπου τουτου γε ἑνεκα οἱ ἐκει ἀποκτει@@ νουσι	plato
ἀλλʼ ὠ ἀνδρες Ἀθηναιοι ταὐτον μοι ἐδοξ@@ αν ἐχειν ἁμαρ@@ τη@@ μα ὁπερ και οἱ ποιη@@ ται και οἱ ἀγαθοι δημιου@@ ργ@@ οι@@ δια το την τεχνην καλως ἐξ@@ ερ@@ γα@@ ζεσθαι ἑκαστος ἠ@@ ξι@@ ου και τἀλλα τα μεγ@@ ιστα σοφ@@ ω@@ τατος εἰ@@ ναι@@ και αὐτων αὑτη ἡ πλη@@ μ@@ με@@ λει@@ α ἐκει@@ νην την σοφιαν ἀποκ@@ ρυ@@ πτειν	plato
οὐκουν εἰπερ δαιμο@@ νας ἡγου@@ μαι ὡς συ φῃς εἰ μεν θεοι τινες εἰσιν οἱ δαιμο@@ νες τουτʼ ἀν εἰη ὁ ἐγω φη@@ μι σε αἰ@@ νι@@ τ@@ τεσθαι και χαρι@@ ε@@ ντι@@ ζεσθαι θεους οὐχ ἡγου@@ μενον φαναι με θεους αὐ ἡγεισθαι παλιν ἐπει@@ δη@@ περ γε δαιμο@@ νας ἡγου@@ μαι	plato
ἀλλα μεντοι και το προει@@ δε@@ ναι γε τον θεον το με@@ λλον και το προση@@ μαι@@ νειν ᾡ βουλεται και τουτο ὡσπερ ἐγω φη@@ μι οὑτω παντες και λεγ@@ ουσι και νομιζ@@ ουσιν	xenophon
και ἰσως μεν δοξ@@ ω τισ@@ ιν ὑμων παι@@ ζειν	plato
νυν δε εἰ ἐτι προ@@ β@@ ησ@@ εται ἡ ἡλικι@@ α οἰδʼ ὁτι ἀναγκη ἐσται τα του γη@@ ρως ἐπι@@ τε@@ λεισθαι και ὁραν τε χει@@ ρον και ἀκουειν ἡττον και δυσ@@ μα@@ θε@@ στερον εἰναι και ὡν ἐ@@ μαθ@@ ον ἐπι@@ λησ@@ μο@@ νε@@ στερον	xenophon
ἐμοι δε οὐτε ἐξι@@ οντι ἑω@@ θεν οἰκο@@ θεν ἠ@@ ναντι@@ ω@@ θη το του θε@@ ου ση@@ μειον οὐτε ἡνι@@ κα ἀνε@@ βαι@@ νον ἐνταυ@@ θ@@ οι ἐπι το δικα@@ στη@@ ριον οὐτε ἐν τῳ λογῳ οὐδα@@ μου μελλ@@ οντι τι ἐρ@@ ειν	plato
προς δε τουτοις οἱ νε@@ οι μοι ἐπα@@ κολου@@ θ@@ ου@@ ντ@@ ε@@ ς@@ οἱς μαλιστα σχο@@ λη ἐστιν οἱ των πλουσι@@ ω@@ τα@@ τω@@ ν@@ αὐτο@@ μα@@ τοι χαι@@ ρ@@ ουσιν ἀκου@@ οντες ἐξε@@ τα@@ ζο@@ μενων των ἀνθρωπων και αὐτοι πολλακις ἐμε μι@@ μου@@ νται εἰ@@ τα ἐπιχει@@ ρ@@ ουσιν ἀλλους ἐξε@@ τα@@ ζειν	plato
ἐμοι μεν οὐν δοκει θε@@ ο@@ φιλους μοι@@ ρας τε@@ τυχ@@ η@@ κεναι	xenophon
μη οὐν ἀξι@@ ου@@ τε με ὠ ἀνδρες Ἀθηναιοι τοιαυτα δειν προς ὑμας πραττειν ἁ μητε ἡγου@@ μαι καλα εἰναι μητε δικαια μητε ὁ@@ σια ἀλλως τε μεντοι νη Δια παντως και ἀ@@ σε@@ β@@ ειας φευγ@@ οντα ὑπο Με@@ λη@@ του του@@ του@@ ϊ	plato
λεγω δε και τοδε προς τους αὐτους τουτους	plato
μελλ@@ ω γαρ ὑμας διδα@@ ξειν ὁθεν μοι ἡ δια@@ βο@@ λη γεγο@@ νεν	plato
προς αὐτων τοινυν ὠ Με@@ λη@@ τε τουτων των θεων ὡν νυν ὁ λογος ἐστιν εἰπε ἐτι σα@@ φε@@ στερον και ἐμοι και τοις ἀνδρα@@ σιν του@@ το@@ ισ@@ ι	plato
καιτοι οὐ ταυτῃ τῃ διανοι@@ ᾳ κατε@@ ψη@@ φι@@ ζοντο μου και κατη@@ γο@@ ρουν ἀλλʼ οἰ@@ ομενοι βλα@@ πτειν	plato
δηλον γαρ ὁτι ἐαν μαθ@@ ω παυ@@ σομαι ὁ γε ἀκ@@ ων ποι@@ ω	plato
εἰ δʼ αὐ οἱον ἀπο@@ δη@@ μησ@@ αι ἐστιν ὁ θανα@@ τος ἐν@@ θε@@ νδε εἰς ἀλλον το@@ πον και ἀληθη ἐστιν τα λεγο@@ μενα ὡς ἀρα ἐκει εἰσι παντες οἱ τεθ@@ νεω@@ τες τι μειζον ἀγαθον τουτου εἰη ἀν ὠ ἀνδρες δικα@@ σται	plato
και ἐπειδαν τις αὐτους ἐρω@@ τ@@ ᾳ ὁτι ποιων και ὁτι διδασκ@@ ων ἐχ@@ ουσι μεν οὐδεν εἰπειν ἀλλʼ ἀγνο@@ ουσιν ἱνα δε μη δο@@ κω@@ σιν ἀπο@@ ρειν τα κατα παντων των φιλοσοφ@@ ου@@ ντων προ@@ χει@@ ρα ταυτα λεγουσιν ὁτι τα μετε@@ ω@@ ρα και τα ὑπο γης και θεους μη νομι@@ ζειν και τον ἡτ@@ τω λογον κρει@@ τ@@ τω ποιειν	plato
ἐγω γαρ ὠ ἀνδρες Ἀθηναιοι ἀλλην μεν ἀρχην οὐδε@@ μιαν πωποτε ἠρ@@ ξ@@ α ἐν τῃ πολει ἐ@@ βουλευ@@ σα δε	plato
ἀλλα ταὐτον μοι ἐστιν ὁπερ νυνδη ἐλεγον	plato
ἀλλʼ οὐδε μεντοι ὁτι ἀδι@@ κως ἀπο@@ θνῃσκ@@ ω δια τουτο μειον φρο@@ νη@@ τεον	xenophon
οὐδεν γαρ ἀλλο πρατ@@ των ἐγω περι@@ ερ@@ χο@@ μαι ἠ πειθ@@ ων ὑμων και νεω@@ τερους και πρεσβυ@@ τερους μητε σω@@ ματων ἐπιμελεισθαι μητε χρηματων προτερον μηδε οὑτω σφοδρα ὡς της ψυχης ὁπως ὡς ἀρισ@@ τη ἐσται λεγων ὁτι οὐκ ἐκ χρηματων ἀρε@@ τη γιγνεται ἀλλʼ ἐξ ἀρετης χρηματα και τα ἀλλα ἀγαθα τοις ἀνθρωποις ἁπαντα και ἰδι@@ ᾳ και δημο@@ σιᾳ	plato
οὐ γαρ δη και στρατηγ@@ ους αἱ@@ ρει@@ σθε και προ πα@@ τερων και προ ἀδε@@ λ@@ φων και ναι μα Δια γε ὑμεις προ ὑμων αὐτων οὑς ἀν ἡγ@@ η@@ σθε περι των πολεμι@@ κων φρονι@@ μω@@ τατους εἰναι	xenophon
ὁμολογ@@ ω φαναι τον Σωκρα@@ την περι γε παι@@ δει@@ ας	xenophon
και νυν ἐγω μεν ἁτε βρα@@ δυ@@ ς ὠν και πρεσβυ@@ της ὑπο του βρα@@ δυ@@ τερου ἑ@@ α@@ λων οἱ δʼ ἐμοι κατη@@ γο@@ ροι ἁτε δει@@ νοι και ὀ@@ ξ@@ εις ὀντες ὑπο του θα@@ ττο@@ νος της κα@@ κι@@ ας	plato
οὐχ οὑτως ἐχει ὠ Με@@ λη@@ τε και περι ἱππων και των ἀλλων ἁπαντων ζῳ@@ ων	plato
οὑτω γαρ ἐχει ὠ ἀνδρες Ἀθηναιοι τῃ ἀληθ@@ ει@@ ᾳ	plato
ἐγω γαρ οὐ δυνα@@ μαι μαθειν ποτερον λεγεις διδασκειν με νομι@@ ζειν εἰναι τινας θε@@ ου@@ ς@@ και αὐτος ἀρα νομιζ@@ ω εἰναι θεους και οὐκ εἰμι το παρα@@ παν ἀ@@ θεος οὐδε ταυτῃ ἀδι@@ κ@@ ω οὐ μεντοι οὑ@@ σ@@ περ γε ἡ πολις ἀλλα ἑ@@ τερους και τουτʼ ἐστιν ὁ μοι ἐγ@@ καλ@@ εις ὁτι ἑ@@ τερους ἠ παντα@@ πασι με φῃς οὐτε αὐτον νομι@@ ζειν θεους τους τε ἀλλους ταυτα διδασκειν	plato
συ δε εἰπε εἰ τινα οἰσθα ὑπʼ ἐμου γεγενη@@ μενον ἠ ἐξ εὐ@@ σε@@ β@@ ους ἀνο@@ σιον ἠ ἐκ σωφρο@@ νος ὑβ@@ ρισ@@ την ἠ ἐξ εὐ@@ διαι@@ του πολυ@@ δαπα@@ νον ἠ ἐκ μετρι@@ ο@@ πο@@ του οἰ@@ νο@@ φ@@ λυ@@ γ@@ α ἠ ἐκ φιλο@@ πο@@ νου μαλα@@ κον ἠ ἀλλ@@ ης πονη@@ ρας ἡδονης ἡτ@@ τη@@ μενον	xenophon
ὁπως δε συ τινα πειθ@@ οις ἀν και σμικρον νουν ἐχοντα ἀνθρωπων ὡς οὐ του αὐτου ἐστιν και δαιμο@@ νια και θει@@ α ἡγεισθαι και αὐ του αὐτου μητε δαιμο@@ νας μητε θεους μητε ἡ@@ ρω@@ ας οὐδε@@ μια μηχα@@ νη ἐστιν	plato
και ἀλλ@@ αι μηχα@@ ναι πολλ@@ αι εἰσιν ἐν ἑκασ@@ τοις τοις κινδυ@@ νοις ὡστε δια@@ φευγειν θανα@@ τον ἐαν τις τολ@@ μ@@ ᾳ παν ποιειν και λεγειν	plato
ἐγω μεν γαρ πολλακις ἐθελ@@ ω τεθ@@ να@@ ναι εἰ ταυτʼ ἐστιν ἀληθη	plato
και χαλε@@ πω@@ τεροι ἐσονται ὁσῳ νεω@@ τεροι εἰσιν και ὑμεις μαλλον ἀγα@@ να@@ κτη@@ σε@@ τε	plato
ἐγω δε δη τινος ὑμιν ἀντι@@ τι@@ μησ@@ ομαι ὠ ἀνδρες Ἀθηναιοι	plato
ὁρα@@ τε γαρ δη την ἡλικι@@ αν ὁτι πορ@@ ρω ἠδη ἐστι του βι@@ ου θανα@@ του δε ἐγγυς	plato
Σωκρα@@ τους δε ἀξιον μοι δοκει εἰναι μεμνη@@ σθαι και ὡς ἐπειδη ἐκ@@ ληθ@@ η εἰς την δικην ἐ@@ βουλευ@@ σατο περι τε της ἀπο@@ λογι@@ ας και της τελευ@@ της του βι@@ ου	xenophon
τινα δε ἀνθρωπων ἐλευθε@@ ρι@@ ωτερον ὁς παρʼ οὐδενος οὐτε δω@@ ρα οὐτε μισθον δε@@ χο@@ μαι	xenophon
ἀλλα μεντοι εἰ μεν ἀγαθων ἐπι@@ ρ@@ ρε@@ οντων προ@@ α@@ πολλυ@@ μαι δηλον ὁτι ἐμοι και τοις ἐ@@ μοις εὐ@@ νοις λυ@@ πη@@ τεον	xenophon
τον δε το μεν πρωτον ἀποκρι@@ νασθαι	xenophon
ἰσως δε τοι φαναι αὐτον και ὁ θεος διʼ εὐ@@ μεν@@ ειαν προ@@ ξε@@ νει μοι οὐ μονον το ἐν και@@ ρῳ της ἡλικι@@ ας κατα@@ λυ@@ σαι τον βιον ἀλλα και το ᾑ ῥᾳ@@ στα	xenophon
οὐχ οἱ μεν πονη@@ ροι κακον τι ἐργα@@ ζονται τους ἀει ἐγγυ@@ τα@@ τω αὑτων ὀντας οἱ δʼ ἀγαθοι ἀγαθον τι	plato
ὁπο@@ τεροι δε ἡμων ἐρ@@ χ@@ ονται ἐπι ἀμεινον πραγμα ἀ@@ δηλον παντι πλην ἠ τῳ θεῳ	plato
ἀλλα μοι ὠ ἀνδρες παρα@@ μει@@ να@@ τε τοσουτον χρονον	plato
ἠ και περι ἱππους οὑτω σοι δοκει ἐχειν	plato
ἐτι δε ἡμιν εἰπε ὠ προς Δι@@ ος Με@@ λη@@ τε ποτερον ἐστιν οἰ@@ κειν ἀμεινον ἐν πολι@@ ταις χρησ@@ τοις ἠ πονη@@ ροις	plato
οὑ ἀν τις ἑαυτον ταξ@@ ῃ ἡγ@@ ησα@@ μενος βελτισ@@ τον εἰναι ἠ ὑπʼ ἀρχ@@ οντος ταχ@@ θῃ ἐνταυθα δει ὡς ἐμοι δοκει μενο@@ ντα κινδυνευ@@ ειν μηδεν ὑπο@@ λογι@@ ζο@@ μενον μητε θανα@@ τον μητε ἀλλο μηδεν προ του αἰσχ@@ ρου	plato
περι δε ὑγι@@ ειας τοις ἰα@@ τρο@@ ις μαλλον οἱ ἀνθρωποι πειθ@@ ονται ἠ τοις γο@@ νευ@@ σι	xenophon
ἀλλο τι ἠ περι πλεισ@@ του ποι@@ ῃ ὁπως ὡς βελτισ@@ τοι οἱ νεω@@ τεροι ἐσονται	plato
θαυμα@@ στα λεγεις τον δʼ αὐ ἀποκρι@@ νασθαι	xenophon
οὐδε γαρ ἀν ἀλλος ἀνθρωπων οὐδεις	plato
μελλ@@ ω γαρ οὐν ἀττα ὑμιν ἐρ@@ ειν και ἀλλα ἐφʼ οἱς ἰσως βο@@ ησ@@ εσθε	plato
τι οὐν πρε@@ πει ἀνδρι πε@@ νη@@ τι εὐεργε@@ τῃ δε@@ ο@@ μενῳ ἀγειν σχο@@ λην ἐπι τῃ ὑμε@@ τερ@@ ᾳ παρα@@ κελευ@@ σει	plato
ἰσως ἀν οὐν δοξ@@ ειεν ἀτο@@ πον εἰναι ὁτι δη ἐγω ἰδι@@ ᾳ μεν ταυτα συμβουλευ@@ ω περι@@ ι@@ ων και πολυ@@ πραγ@@ μο@@ νω δημο@@ σιᾳ δε οὐ τολ@@ μ@@ ω ἀνα@@ βαι@@ νων εἰς το πληθος το ὑμε@@ τερον συμβουλευ@@ ειν τῃ πολει	plato
και ὀ@@ μω@@ μο@@ κεν οὐ χαρι@@ εισθαι οἱς ἀν δοκ@@ ῃ αὐτῳ ἀλλα δικα@@ σειν κατα τους νομους	plato
εἰ δε δαιμο@@ νια νομιζ@@ ω και δαιμο@@ νας δηπου πολλη ἀναγκη νομι@@ ζειν με ἐστιν	plato
δια@@ σκο@@ πων οὐν του@@ το@@ ν@@ ὀνο@@ ματι γαρ οὐδεν δε@@ ομαι λεγειν ἠν δε τις των πολι@@ τι@@ κων προς ὁν ἐγω σκο@@ πων τοιουτον τι ἐπα@@ θον ὠ ἀνδρες Ἀθηναιοι και δια@@ λεγο@@ μενος αὐ@@ τῳ@@ ἐδοξε μοι οὑτος ὁ ἀνηρ δοκειν μεν εἰναι σοφ@@ ος ἀλλοις τε πολλοις ἀνθρωποις και μαλιστα ἑαυτῳ εἰναι δʼ οὐ	plato
και ἐαν ταυτα ποιη@@ τε δικαια πεπον@@ θ@@ ως ἐγω ἐσ@@ ομαι ὑφʼ ὑμων αὐτος τε και οἱ ὑ@@ εις	plato
τοιουτον τι μοι ἐφα@@ νησ@@ αν παθος και οἱ ποιη@@ ται πεπον@@ θο@@ τες και ἁμα ᾐσθ@@ ο@@ μην αὐτων δια την ποιησ@@ ιν οἰ@@ ομενων και τἀλλα σοφ@@ ω@@ τα@@ των εἰναι ἀνθρωπων ἁ οὐκ ἠσαν	plato
δει@@ νον τ@@ ἀν εἰη και ὡς ἀληθως το@@ τʼ ἀν με δικαιως εἰ@@ σα@@ γ@@ οι τις εἰς δικα@@ στη@@ ριον ὁτι οὐ νομιζ@@ ω θεους εἰναι ἀπει@@ θων τῃ μαντ@@ ει@@ ᾳ και δε@@ δι@@ ως θανα@@ τον και οἰ@@ ομενος σοφ@@ ος εἰναι οὐκ ὠν	plato
ταυτα γαρ ὠ ἀνδρες Ἀθηναιοι οὐτε ὑμας χρη ποιειν τους δοκ@@ ουντας και ὁπ@@ ῃ@@ ουν τι εἰναι οὐτʼ ἀν ἡμεις ποι@@ ωμεν ὑμας ἐπιτρε@@ πειν ἀλλα τουτο αὐτο ἐν@@ δεικνυ@@ σθαι ὁτι πολυ μαλλον κατα@@ ψη@@ φι@@ ει@@ σθε του τα ἐ@@ λει@@ να ταυτα δρα@@ ματα εἰ@@ σα@@ γο@@ ντος και κατα@@ γελα@@ στον την πολιν ποιου@@ ντος ἠ του ἡσυχι@@ αν ἀγ@@ οντος	plato
ὑπο@@ λαβ@@ οι ἀν οὐν τις ὑμων ἰσως	plato
Χ@@ αι@@ ρε@@ φω@@ ντος γαρ ποτε ἐπε@@ ρω@@ τω@@ ντος ἐν Δ@@ ε@@ λφ@@ οις περι ἐμου πολλων παρο@@ ντων ἀν@@ ει@@ λε@@ ν ὁ Ἀ@@ πολλων μηδε@@ να εἰναι ἀνθρωπων ἐμου μητε ἐλευθε@@ ρι@@ ωτερον μητε δικαιο@@ τερον μητε σωφρο@@ νε@@ στερον	xenophon
και τουτων ὑμιν ἐσονται πολλοι μαρτυ@@ ρες	plato
ὁ δε παντων ἀ@@ λογ@@ ω@@ τατον ὁτι οὐδε τα ὀνοματα οἱον τε αὐτων εἰδεναι και εἰπειν πλην εἰ τις κω@@ μ@@ ῳ@@ δο@@ ποι@@ ος τυγχανει ὠν	plato
τουτων γαρ ἑκαστος ὠ ἀνδρες οἱος τʼ ἐστιν ἰ@@ ων εἰς ἑκασ@@ την των πολεων τους νε@@ ου@@ ς@@ οἱς ἐξε@@ στι των ἑαυτων πολι@@ των προ@@ ι@@ κα συνει@@ ναι ᾡ ἀν βουλω@@ ντ@@ αι@@ τουτους πειθ@@ ουσι τας ἐκεινων συνουσι@@ ας ἀπο@@ λι@@ πο@@ ντας σφισ@@ ιν συνει@@ ναι χρηματα διδο@@ ντας και χαριν προσει@@ δε@@ ναι	plato
μη θο@@ ρυ@@ β@@ ει@@ τε ὠ ἀνδρες Ἀθηναιοι ἀλλʼ ἐμ@@ μει@@ να@@ τε μοι οἱς ἐδε@@ ηθ@@ ην ὑμων μη θο@@ ρυ@@ β@@ ειν ἐφʼ οἱς ἀν λεγω ἀλλʼ ἀκουειν	plato
ἰσως με οἰ@@ εσθε ὠ ἀνδρες Ἀθηναιοι ἀπο@@ ριᾳ λογων ἑ@@ α@@ λω@@ κεναι τοιουτων οἱς ἀν ὑμας ἐπει@@ σα εἰ ᾠ@@ μην δειν ἁπαντα ποιειν και λεγειν ὡστε ἀπο@@ φυ@@ γειν την δικην	plato
ὁτι δε οὑτως ἐγι@@ γνω@@ σκ@@ ε κατα@@ δη@@ λο@@ τερον ἐγενετο ἐπειδη και ἡ δι@@ κη κατε@@ ψη@@ φι@@ σθη	xenophon
νυν γαρ τουτο εἰ@@ ργα@@ σθε οἰ@@ ομενοι μεν ἀπαλλα@@ ξ@@ εσθαι του διδοναι ἐλεγ@@ χον του βι@@ ου το δε ὑμιν πολυ ἐναντιον ἀπο@@ β@@ ησ@@ εται ὡς ἐγω φη@@ μι	plato
οὐ πολλου γʼ ἑνεκα χρονου ὠ ἀνδρες Ἀθηναιοι ὀνομα ἑ@@ ξε@@ τε και αἰτι@@ αν ὑπο των βουλο@@ μενων την πολιν λοι@@ δο@@ ρειν ὡς Σωκρατη ἀπεκ@@ το@@ να@@ τε ἀνδρα σο@@ φο@@ ν@@ φησ@@ ουσι γαρ δη σοφ@@ ον εἰναι εἰ και μη εἰμι οἱ βουλο@@ μενοι ὑμιν ὀ@@ νει@@ δι@@ ζειν εἰ γουν περιε@@ μει@@ να@@ τε ὀλι@@ γον χρονον ἀπο του αὐτο@@ μα@@ του ἀν ὑμιν τουτο ἐγενετο	plato
εἰ γαρ τουτο διε@@ πρα@@ ξα@@ μην δηλον ὁτι ἡ@@ τοι@@ μα@@ σα@@ μην ἀν ἀντι του ἠδη λη@@ ξαι του βι@@ ου ἠ νο@@ σ@@ οις ἀλ@@ γυ@@ νο@@ μενος τελευτη@@ σαι ἠ γη@@ ρᾳ εἰς ὁ παντα τα χαλε@@ πα συ@@ ρ@@ ρει και μαλα ἐρη@@ μα των εὐ@@ φρο@@ συ@@ νων	xenophon
ἐοικεν γαρ ὡσπερ αἰ@@ νι@@ γμα συ@@ ντι@@ θε@@ ντι δια@@ πειρω@@ μενῳ ἀρα γνω@@ σεται Σωκρατης ὁ σοφ@@ ος δη ἐμου χαρι@@ ε@@ ντι@@ ζο@@ μενου και ἐναντι@@ ʼ ἐμαυ@@ τῳ λεγο@@ ντος ἠ ἐξα@@ πατη@@ σ@@ ω αὐτον και τους ἀλλους τους ἀκου@@ οντας	plato
νυν δε οὐδα@@ μου περι ταυτην την πραξ@@ ιν οὐτʼ ἐν ἐργῳ οὐδενι οὐτʼ ἐν λογῳ ἠ@@ ναντι@@ ω@@ ται μοι	plato
οἰδʼ ὁτι και ἐμοι μαρτυ@@ ρησ@@ εται ὑπο τε του ἐπι@@ οντος και ὑπο του παρε@@ ληλυ@@ θο@@ τος χρονου ὁτι ἠ@@ δι@@ κ@@ ησ@@ α μεν οὐδενα πωποτε οὐδε πονη@@ ρο@@ τερον ἐποιησ@@ α εὐ@@ η@@ ρ@@ γε@@ του@@ ν δε τους ἐμοι δια@@ λεγο@@ μενους προ@@ ι@@ κα διδασκ@@ ων ὁ τι ἐδυνα@@ μην ἀγαθον	xenophon
ἐρ@@ ρη@@ θη μεν δηλον ὁτι τουτων πλειω ὑπο τε αὐτου και των συνα@@ γορευ@@ οντων φιλων αὐτῳ	xenophon
το δʼ ἐμε μεν μηδʼ ὑφʼ ἑνος ἀ@@ παι@@ τει@@ σθαι εὐεργε@@ σιας ἐμοι δε πολλους ὁμολογ@@ ειν χαρι@@ τας ὀ@@ φ@@ ει@@ λειν	xenophon
και φαινεται τουτον λεγειν τον Σωκρατη προσ@@ κε@@ χρησθαι δε τῳ ἐμ@@ ῳ ὀνο@@ ματι ἐμε παραδει@@ γμα ποιου@@ μενος ὡσπερ ἀν εἰ εἰ@@ ποι ὁτι οὑτος ὑμων ὠ ἀνθρωποι σοφ@@ ω@@ τατος ἐστιν ὁστις ὡσπερ Σωκρατης ἐγ@@ νω@@ κεν ὁτι οὐδενος ἀξι@@ ος ἐστι τῃ ἀληθ@@ ει@@ ᾳ προς σοφιαν	plato
νυν οὐν ὠ ἀνδρες Ἀθηναιοι πολλου δε@@ ω ἐγω ὑπερ ἐμαυ@@ του ἀπο@@ λογ@@ εισθαι ὡς τις ἀν οἰ@@ οιτο ἀλλα ὑπερ ὑμων μη τι ἐξα@@ μαρ@@ τη@@ τε περι την του θε@@ ου δο@@ σιν ὑμιν ἐμου κατα@@ ψη@@ φισ@@ α@@ μενοι	plato
ἐγω δε διδασκα@@ λος μεν οὐδενος πω@@ ποτʼ ἐγενο@@ μην	plato
ταχ@@ α δʼ ἀν τις ὑμων ἀγα@@ να@@ κτη@@ σ@@ ειεν ἀνα@@ μνη@@ σθεις ἑαυτου εἰ ὁ μεν και ἐλατ@@ τω του@@ του@@ ϊ του ἀγω@@ νος ἀγω@@ να ἀγω@@ νι@@ ζομενος ἐδε@@ ηθ@@ η τε και ἱ@@ κε@@ τευ@@ σε τους δικα@@ στας μετα πολλων δα@@ κρυ@@ ων παι@@ δια τε αὑτου ἀνα@@ βι@@ βα@@ σαμενος ἱνα ὁτι μαλιστα ἐ@@ λε@@ η@@ θειη και ἀλλους των οἰκει@@ ων και φιλων πολλους ἐγω δε οὐδεν ἀρα τουτων ποιησ@@ ω και ταυτα κινδυνευ@@ ων ὡς ἀν δοξ@@ αι@@ μι τον ἐσ@@ χα@@ τον κινδυ@@ νον	plato
και τουτʼ ἐστιν ὁ ἐμε αἱ@@ ρει ἐα@@ νπερ αἱ@@ ρ@@ ῃ οὐ Με@@ λη@@ τος οὐδε Ἀ@@ νυ@@ τος ἀλλʼ ἡ των πολλων δια@@ βο@@ λη τε και φθο@@ νος	plato
και γαρ οἱ φθο@@ γγ@@ οις οἰ@@ ω@@ νων και οἱ φη@@ μα@@ ις ἀνθρωπων χρω@@ μενοι φω@@ ναις δηπου τεκ@@ μαι@@ ρο@@ νται	xenophon
ἀλλʼ οὐ τουτο ἐρω@@ τω ὠ βελτισ@@ τε ἀλλα τις ἀνθρωπος ὁστις πρωτον και αὐτο τουτο οἰ@@ δε τους νομους	plato
ἐγω γουν και αὐτος ἐ@@ καλλ@@ υ@@ νο@@ μην τε και ἡ@@ βρυ@@ νο@@ μην ἀν εἰ ἠ@@ πισ@@ τα@@ μην ταυτα	plato
ἀλλʼ οἱ μεν οἰ@@ ω@@ νους τε και φη@@ μας και συμ@@ βο@@ λους τε και μαντ@@ εις ὀνομα@@ ζ@@ ουσι τους προση@@ μαι@@ νοντας εἰναι ἐγω δε τουτο δαιμο@@ νι@@ ον καλ@@ ω και οἰμαι οὑτως ὀνομα@@ ζων και ἀληθε@@ στερα και ὁ@@ σιω@@ τερα λεγειν των τοις ὀρ@@ νισ@@ ιν ἀνα@@ τιθε@@ ντων την των θεων δυναμιν	xenophon
οὐδε γαρ ἀνα@@ βι@@ βα@@ σασθαι οἱον τʼ ἐστιν αὐτων ἐνταυ@@ θ@@ οι οὐδʼ ἐλεγ@@ ξαι οὐδενα ἀλλʼ ἀναγκη ἀ@@ τεχ@@ νως ὡσπερ σ@@ κι@@ α@@ μαχ@@ ειν ἀπο@@ λογ@@ ου@@ μενον τε και ἐλεγ@@ χειν μηδενος ἀποκρι@@ νο@@ μενου	plato
πολλου γε δει ὠ ἀνδρες Ἀθηναιοι	plato
ἐπειτα των ἑται@@ ρων ἐκ@@ κλε@@ ψαι βουλο@@ μενων αὐτον οὐκ ἐφ@@ ει@@ πε@@ το ἀλλα και ἐπισ@@ κω@@ ψαι ἐδοκει ἐ@@ ρο@@ μενος εἰ που εἰ@@ δει@@ εν τι χωριον ἐξω της Ἀ@@ τ@@ τικης ἐνθα οὐ προσ@@ βα@@ τον θανα@@ τῳ	xenophon
ἐφʼ οἱς γε μην ἐργ@@ οις κειται θανα@@ τος ἡ ζη@@ μια ἱε@@ ρο@@ συ@@ λι@@ ᾳ τοι@@ χωρ@@ υχ@@ ι@@ ᾳ ἀνδραπο@@ δι@@ σει πολεως προ@@ δο@@ σιᾳ οὐδʼ αὐτοι οἱ ἀντι@@ δι@@ κοι τουτων πρα@@ ξαι τι κατʼ ἐμου φασιν	xenophon
το μεν μη ἀγα@@ να@@ κ@@ τειν ὠ ἀνδρες Ἀθηναιοι ἐπι τουτῳ τῳ γεγο@@ νο@@ τι ὁτι μου κατε@@ ψη@@ φισ@@ α@@ σθε ἀλλα τε μοι πολλα συμ@@ βαλλ@@ εται και οὐκ ἀνε@@ λ@@ πισ@@ τον μοι γεγο@@ νεν το γεγο@@ νος τουτο ἀλλα πολυ μαλλον θαυμα@@ ζω ἑκα@@ τερων των ψη@@ φων τον γεγο@@ νο@@ τα ἀριθ@@ μον	plato
τι δη οὐν οὐδεν τουτων ποιησ@@ ω	plato
τις ἠν δʼ ἐγω και πο@@ δα@@ πος και πο@@ σου διδασ@@ κει	plato
ταυτα γαρ ἐγω ἀκουσας ἐνε@@ θυ@@ μου@@ μην οὑτ@@ ωσι	plato
οἰμαι γαρ σε ἐσ@@ κε@@ φ@@ θαι δια την των ὑ@@ εων κτη@@ σιν	plato
το μεν δη ἐγ@@ κλη@@ μα τοιουτον ἐστιν	plato
οὑτος γαρ ἐμοι φαινεται τα ἐναντια λεγειν αὐτος ἑαυτῳ ἐν τῃ γραφ@@ ῃ ὡσπερ ἀν εἰ εἰ@@ ποι	plato
ἡ δε Π@@ υ@@ θ@@ οι ἐν τῳ τρι@@ πο@@ δι ἱ@@ ερ@@ εια οὐ και αὐτη φω@@ νῃ τα παρα του θε@@ ου δια@@ γγελλ@@ ει	xenophon
ὁτι δʼ ἐγω τυγχα@@ νω ὠν τοιουτος οἱος ὑπο του θε@@ ου τῃ πολει δε@@ δο@@ σθαι ἐν@@ θε@@ νδε ἀν κατα@@ νο@@ ησ@@ αι@@ τε	plato
ταυτα μεν που ἰσως οὑτως και ἐδει σχ@@ ειν και οἰμαι αὐτα μετρι@@ ως ἐχειν	plato
οὐδε γαρ ἐγωγε ἀντι Δι@@ ος και Ἡ@@ ρας και των συν τουτοις θεων οὐτε θυ@@ ων τισ@@ ι και@@ νοις δαιμο@@ σιν οὐτε ὀμ@@ νυ@@ ς οὐτε νομιζων ἀλλους θεους ἀνα@@ πε@@ φη@@ να	xenophon
κἀν μεν τουτους ἀπε@@ λαυ@@ νω οὑτοι με αὐτοι ἐξε@@ λω@@ σι πειθ@@ οντες τους πρεσβυ@@ τερους	plato
αὐτοι μεν γαρ οἱ διε@@ φ@@ θαρ@@ μενοι ταχ@@ ʼ ἀν λογον ἐχ@@ οιεν βοηθ@@ ουντες	plato
τοτε μεντοι ἐγω οὐ λογῳ ἀλλʼ ἐργῳ αὐ ἐνε@@ δει@@ ξα@@ μην ὁτι ἐμοι θανα@@ του μεν με@@ λει εἰ μη ἀγ@@ ροι@@ κο@@ τερον ἠν εἰπειν οὐδʼ ὁτιουν του δε μηδεν ἀδι@@ κον μηδʼ ἀνο@@ σιον ἐργα@@ ζεσθαι τουτου δε το παν με@@ λει	plato
ἀλλα χρηματων και δε@@ δε@@ σθαι ἑως ἀν ἐκ@@ τει@@ σ@@ ω	plato
ἐπει ἐμοιγε και αὐτῳ θαυμα@@ στη ἀν εἰη ἡ διατριβ@@ η αὐτο@@ θι ὁποτε ἐντ@@ υχ@@ οι@@ μι Πα@@ λα@@ μη@@ δει και Α@@ ἰα@@ ντι τῳ Τ@@ ε@@ λαμ@@ ω@@ νος και εἰ τις ἀλλος των παλαι@@ ων δια κ@@ ρισ@@ ιν ἀδι@@ κον τεθ@@ νη@@ κεν ἀντι@@ παρα@@ βαλλ@@ οντι τα ἐμαυ@@ του πα@@ θη προς τα ἐκει@@ νω@@ ν@@ ὡς ἐγω οἰμαι οὐκ ἀν ἀ@@ η@@ δες εἰ@@ η@@ και δη το μεγιστον τους ἐκει ἐξε@@ τα@@ ζ@@ οντα και ἐ@@ ρευ@@ νω@@ ντα ὡσπερ τους ἐνταυθα δια@@ γειν τις αὐτων σοφ@@ ος ἐστιν και τις οἰ@@ εται μεν ἐστιν δʼ οὐ	plato
αὐθις γαρ δη ὡσπερ ἑ@@ τερων τουτων ὀντων κατη@@ γο@@ ρων λαβ@@ ωμεν αὐ την τουτων ἀντ@@ ω@@ μο@@ σιαν	plato
ἀλλʼ ὁμως οὐδενα αὐτων δευ@@ ρ@@ ο ἀνα@@ βι@@ βα@@ σαμενος δεησ@@ ομαι ὑμων ἀπο@@ ψη@@ φισ@@ α@@ σθαι	plato
οἱ ἐμοι δοκουσιν αἰσχυ@@ νην τῃ πολει περι@@ α@@ πτειν ὡστʼ ἀν τινα και των ξε@@ νων ὑπο@@ λαβειν ὁτι οἱ διαφερο@@ ντες Ἀθηναιων εἰς ἀρετην οὑς αὐτοι ἑαυτων ἐν τε ταις ἀρ@@ χα@@ ις και ταις ἀλλ@@ αις τιμα@@ ις προ@@ κρι@@ νουσιν οὑτοι γυναι@@ κων οὐδεν δια@@ φερ@@ ουσιν	plato
και ἐν ταις ἐκ@@ κ@@ λησι@@ αις γε παντες δηπου οἱ Ἀθηναιοι τοις φρονι@@ μω@@ τατα λεγ@@ ουσι πειθ@@ ονται μαλλον ἠ τοις προση@@ κ@@ ουσιν	xenophon
δικα@@ σ@@ του μεν γαρ αὑτη ἀρε@@ τη ῥη@@ το@@ ρος δε τ@@ ἀληθη λεγειν	plato
ἐτυχ@@ ον γαρ προσε@@ λθων ἀνδρι ὁς τε@@ τελε@@ κε χρηματα σοφισ@@ ταις πλειω ἠ συμ@@ παντες οἱ ἀλλοι Καλλ@@ ι@@ ᾳ τῳ Ἱ@@ π@@ πο@@ νι@@ κου	plato
ἐκ τουτων και Με@@ λη@@ τος μοι ἐπε@@ θε@@ το και Ἀ@@ νυ@@ τος και Λυ@@ κων Με@@ λη@@ τος μεν ὑπερ των ποιη@@ των ἀ@@ χ@@ θο@@ μενος Ἀ@@ νυ@@ τος δε ὑπερ των δημιου@@ ργ@@ ων και των πολι@@ τι@@ κων Λυ@@ κων δε ὑπερ των ῥη@@ το@@ ρων	plato
νομιζ@@ ω τε γαρ ὠ ἀνδρες Ἀθηναιοι ὡς οὐδεις των ἐμ@@ ων κατη@@ γο@@ ρων και ὑμιν ἐπιτρε@@ πω και τῳ θεῳ κρι@@ ναι περι ἐμου ὁπῃ μελλ@@ ει ἐμοι τε ἀρ@@ ιστα εἰναι και ὑμιν	plato
ἀλλα ταυτα οὑτος μεν ἰσως οἰ@@ εται και ἀλλος τις που μεγαλα κακα ἐγω δʼ οὐκ οἰ@@ ομαι ἀλλα πολυ μαλλον ποιειν ἁ οὑ@@ το@@ σι νυν ποιει ἀνδρα ἀδι@@ κως ἐπιχει@@ ρειν ἀποκτει@@ νυ@@ ναι	plato
ἐμε μεν γαρ οὐδεν ἀν βλα@@ ψ@@ ειεν οὐτε Με@@ λη@@ τος οὐτε Ἀ@@ νυ@@ το@@ ς@@ οὐδε γαρ ἀν δυναι@@ το@@ οὐ γαρ οἰ@@ ομαι θε@@ μι@@ τον εἰναι ἀμει@@ νο@@ νι ἀνδρι ὑπο χει@@ ρο@@ νος βλα@@ π@@ τεσθαι	plato
δικαιο@@ τερον δε τινα ἀν εἰκο@@ τως νομισ@@ αι@@ τε του προς τα παρο@@ ντα συνη@@ ρμο@@ σ@@ μενου ὡς των ἀλλο@@ τρι@@ ων μηδενος προσ@@ δεισθαι	xenophon
ἀξι@@ ω@@ σα@@ τε οὐν και ὑμεις ὡσπερ ἐγω λεγω δι@@ τ@@ τους μου τους κατη@@ γο@@ ρους γεγο@@ νεναι ἑ@@ τερους μεν τους ἀρτι κατη@@ γο@@ ρ@@ ησα@@ ντας ἑ@@ τερους δε τους παλαι οὑς ἐγω λεγω και οἰ@@ η@@ θη@@ τε δειν προς ἐκεινους πρωτον με ἀπο@@ λογ@@ ησασθαι	plato
ἠ μη πα@@ θ@@ ω τουτο οὑ Με@@ λη@@ τος μοι τιμα@@ ται ὁ φη@@ μι οὐκ εἰδεναι οὐτʼ εἰ ἀγαθον οὐτʼ εἰ κακον ἐστιν	plato
τους δε δαιμο@@ νας οὐχι ἠ@@ τοι θεους γε ἡγου@@ μεθα ἠ θεων παιδας	plato
ἀλλʼ ὠ Σωκρατες το σον τι ἐστι πραγμα	plato
οὐ γαρ ἐστι μοι χρηματα ὁπο@@ θεν ἐκ@@ τει@@ σ@@ ω	plato
εἰ γε μην ὁσα εἰρη@@ κα περι ἐμαυ@@ του μη@@ δεις δυναι@@ τʼ ἀν ἐξε@@ λεγ@@ ξαι με ὡς ψευ@@ δο@@ μαι πως οὐκ ἀν ἠδη δικαιως και ὑπο θεων και ὑπʼ ἀνθρωπων ἐπαι@@ νοι@@ μην	xenophon
ταυτα μεν οὐν ὑμιν τοις κατα@@ ψη@@ φισ@@ α@@ μενοις μαντ@@ ευ@@ σαμενος ἀπαλλα@@ ττο@@ μαι	plato
και τουτου μεν οὐκ ἐ@@ ψευ@@ σθ@@ ην ἀλλʼ ἠ@@ πισ@@ τα@@ ντο ἁ ἐγω οὐκ ἠ@@ πισ@@ τα@@ μην και μου ταυτῃ σοφ@@ ω@@ τεροι ἠσαν	plato
ἀλλʼ ὁ μεν ἀνηρ ὁ@@ δε κυ@@ δ@@ ρος ὡς μεγα τι και καλον δια@@ πε@@ πραγ@@ μενος εἰ ἀπεκ@@ το@@ νε με ὁτι αὐτον των μεγισ@@ των ὑπο της πολεως ὁρων ἀξι@@ ου@@ μενον οὐκ ἐφην χρηναι τον υ@@ ἱ@@ ον περι βυ@@ ρ@@ σας παιδευ@@ ειν	xenophon
δηλον γαρ ὁτι οἰσθα με@@ λον γε σοι	plato
καιτοι ἐπιστα@@ μεθα μεν δηπου τινες εἰσι νεων δια@@ φθο@@ ραι	xenophon
οὐδε ἡλι@@ ον οὐδε σε@@ λη@@ νην ἀρα νομιζ@@ ω θεους εἰναι ὡσπερ οἱ ἀλλοι ἀνθρωποι	plato
το δε μη ἀποθα@@ νειν οὐκ ᾠετο λι@@ παρη@@ τεον εἰναι ἀλλα και και@@ ρον ἠδη ἐνομιζ@@ εν ἑαυτῳ τελευ@@ ταν	xenophon
εἰ γαρ δη ἐγωγε των νεων τους μεν δια@@ φθει@@ ρω τους δε διε@@ φ@@ θαρ@@ κα χρ@@ ην δηπου εἰτε τινες αὐτων πρεσβυ@@ τεροι γενο@@ μενοι ἐγ@@ νω@@ σαν ὁτι νε@@ οις οὐ@@ σιν αὐτοις ἐγω κακον πωποτε τι συνε@@ βουλευ@@ σα νυ@@ νι αὐτους ἀνα@@ βαι@@ νοντας ἐμου κατη@@ γο@@ ρειν και τιμω@@ ρει@@ σθαι	plato
τοιουτος οὐν ἀλλος οὐ ῥᾳδιως ὑμιν γε@@ νησ@@ εται ὠ ἀνδρες ἀλλʼ ἐαν ἐμοι πει@@ θη@@ σθε φ@@ ει@@ σε@@ σθε μου	plato
ἀδι@@ κει Σωκρατης θεους οὐ νομιζων ἀλλα θεους νομιζων	plato
ὠ παι εἰ τιμω@@ ρησ@@ εις Πα@@ τρο@@ κ@@ λῳ τῳ ἑται@@ ρῳ τον φο@@ νον και Ἑ@@ κ@@ το@@ ρα ἀποκ@@ τε@@ νεις αὐτος ἀποθα@@ νῃ@@ αὐ@@ τικα γαρ τοι φησ@@ ι μεθʼ Ἑ@@ κ@@ το@@ ρα πο@@ τ@@ μος ἑ@@ τοι@@ μος ὁ δε τουτο ἀκουσας του μεν θανα@@ του και του κινδυ@@ νου ὠ@@ λι@@ γω@@ ρησ@@ ε πολυ δε μαλλον δει@@ σας το ζην κα@@ κος ὠν και τοις φιλοις μη τιμω@@ ρειν αὐ@@ τικα φησ@@ ι τεθ@@ ναι@@ ην δικην ἐπι@@ θεις τῳ ἀδικου@@ ντι ἱνα μη ἐνθαδε μεν@@ ω κατα@@ γελα@@ σ@@ τος παρα νη@@ υ@@ σι κο@@ ρω@@ νισ@@ ιν ἀ@@ χ@@ θος ἀρ@@ ου@@ ρ@@ ης	plato
ἐγω μεν δη κατα@@ νο@@ ων του ἀνδρος την τε σοφιαν και την γεν@@ ναι@@ ο@@ τητα οὐτε μη μεμνη@@ σθαι δυνα@@ μαι αὐτου οὐτε μεμνη@@ μενος μη οὐκ ἐπαι@@ νειν	xenophon
οὑτος ἐ@@ μος τε ἑται@@ ρος ἠν ἐκ νε@@ ου και ὑμων τῳ πλη@@ θει ἑται@@ ρος τε και συνε@@ φυ@@ γε την φυ@@ γην ταυτην και μεθʼ ὑμων κατη@@ λθε	plato
τι οὐν ποτε λεγει φασκ@@ ων ἐμε σοφ@@ ω@@ τατον εἰναι	plato
ἠ@@ λθον ἐπι τινα των δοκ@@ ου@@ ντων σοφ@@ ων εἰναι ὡς ἐνταυθα εἰπερ που ἐλεγ@@ ξ@@ ων το μαντ@@ ει@@ ον και ἀπο@@ φα@@ νων τῳ χρησ@@ μῳ ὁτι οὑ@@ το@@ σι ἐμου σοφ@@ ω@@ τερος ἐστι συ δʼ ἐμε ἐφη@@ σθα	plato
ἐκεινος γαρ ἐφη ὁρων αὐτον περι παντων μαλλον δια@@ λεγομενον ἠ περι της δι@@ κης εἰπειν	xenophon
σι@@ γων δε και ἡσυχι@@ αν ἀγ@@ ων ὠ Σωκρατες οὐχ οἱος τʼ ἐσ@@ ῃ ἡμιν ἐξε@@ λθων ζην	plato
εἰ δη τις ὑμων οὑτως ἐχ@@ ει@@ οὐκ ἀξι@@ ω μεν γαρ ἐγωγε εἰ δʼ οὐ@@ ν@@ ἐπι@@ ει@@ κη ἀν μοι δοκω προς τουτον λεγειν λεγων ὁτι ἐμοι ὠ ἀρισ@@ τε εἰσιν μεν που τινες και οἰκει@@ οι	plato
του@@ τι δη ἐστι παντων χαλε@@ πω@@ τατον πει@@ σαι τινας ὑμων	plato
μα Διʼ εἰπειν αὐτον ὠ Ἑρμο@@ γε@@ νες ἐγω ταυτα οὐδε προθυ@@ μησ@@ ομαι ἀλλʼ ὁ@@ σων νομιζ@@ ω τε@@ τυχ@@ η@@ κεναι καλων και παρα θεων και παρʼ ἀνθρωπων και ἡν ἐγω δοξαν ἐχω περι ἐμαυ@@ του ταυτην ἀνα@@ φαι@@ νων εἰ βα@@ ρυ@@ νω τους δικα@@ στας αἱ@@ ρησ@@ ομαι τελευ@@ ταν μαλλον ἠ ἀνε@@ λευθε@@ ρως το ζην ἐτι προσ@@ αι@@ των κερ@@ δα@@ ναι τον πολυ χει@@ ρω βιον ἀντι θανα@@ του	xenophon
και γαρ ὡς ἐγω οἰμαι ὀ@@ νησ@@ εσθε ἀκου@@ οντες	plato
ταυ@@ τι μοι δοκει δικαια λεγειν ὁ λεγων κ@@ ἀγ@@ ω ὑμιν πειρα@@ σομαι ἀπο@@ δειξαι τι ποτʼ ἐστιν τουτο ὁ ἐμοι πεποιη@@ κεν το τε ὀνομα και την δια@@ βο@@ λην	plato
μεγαλα δʼ ἐγωγε ὑμιν τεκμη@@ ρια παρε@@ ξ@@ ομαι τουτων οὐ λογους ἀλλʼ ὁ ὑμεις τιμα@@ τε ἐργα	plato
ἀλλα τουτο ἐγωγε ὠ Σωκρατες χαλε@@ πω@@ τατα φερ@@ ω ὁτι ὁρω σε ἀδι@@ κως ἀπο@@ θνῃσκ@@ οντα	xenophon
οὑτοι δε ταχ@@ ʼ ἀν οὑς ἀρτι ἐλεγον μειζω τινα ἠ κατʼ ἀνθρωπον σοφιαν σοφ@@ οι εἰεν ἠ οὐκ ἐχω τι λεγω	plato
τοσουτον συ ἐμου σοφ@@ ω@@ τερος εἰ τη@@ λι@@ κου@@ του ὀντος τη@@ λι@@ κοσ@@ δε ὠν ὡστε συ μεν ἐγ@@ νω@@ κας ὁτι οἱ μεν κα@@ κοι κακον τι ἐργα@@ ζονται ἀει τους μαλιστα πλησι@@ ον ἑαυτων οἱ δε ἀγαθοι ἀγαθον ἐγω δε δη εἰς τοσουτον ἀ@@ μαθ@@ ιας ἡκ@@ ω ὡστε και τουτʼ ἀγνο@@ ω ὁτι ἐαν τινα μο@@ χ@@ θη@@ ρον ποιησ@@ ω των συνο@@ ντων κινδυνευ@@ σ@@ ω κακον τι λαβειν ὑπʼ αὐτου ὡστε τουτο το τοσουτον κακον ἑ@@ κων ποι@@ ω ὡς φῃς συ	plato
το δε ἀδι@@ κειν και ἀπει@@ θειν τῳ βελτι@@ ο@@ νι και θεῳ και ἀνθρω@@ πῳ ὁτι κακον και αἰσχρον ἐστιν οἰδα	plato
οὐ μεντοι μα Δια οὐδʼ ὁπ@@ ω@@ στι@@ ουν	plato
ἀλλα μη οὐ τουτʼ ᾐ χαλεπον ὠ ἀνδρες θανα@@ τον ἐκ@@ φυ@@ γειν ἀλλα πολυ χαλε@@ πω@@ τερον πονη@@ ριαν	plato
ἡ@@ νπερ νομιζ@@ ω μελε@@ την εἰναι καλλισ@@ την ἀπο@@ λογι@@ ας	xenophon
γε@@ γρα@@ φα@@ σι μεν οὐν περι τουτου και ἀλλοι και παντες ἐτυχ@@ ον της μεγα@@ λη@@ γο@@ ριας αὐτου	xenophon
ἐντευθεν οὐν τουτῳ τε ἀπη@@ χ@@ θο@@ μην και πολλοις των παρο@@ ντων	plato
