ἀλλα γαρ εἰμι ἀνηρ ἀθηναιος οὑτος μεν ἠδος δηλος οὑγω λεγω1 ὁστις μελητος οὑτος οὐτε μεγας οὐτε μικρον πωποτε μελω	plato
οὐδε γαρ ἀν δηπου πρεπω εἰμι ἀνηρ ὁδε ὁ ἡλικια ὡσπερ μειρακιον πλασσω λογοω εἰς συ εἰσειμι	plato
ἐαν δε μη ἀπελαυνω ὁ οὑτος πατηρ δε και οἰκειος διʼ αὐτους οὑτος	plato
τιθημι γαρ συ ὁμολογεω ἐπειδη οὐ ἀποκρινω	plato
οὐδεν γαρ κωλυω διαμυθολογεω προς ἀλληλων ἠως ἐξεστι	plato
ἐμοι δε τις προσηκω νυν μειων φρονεω ἠ πριν κατακρινω μηδεν ἐλεγχω ὡς πεποιηκα τις ὁς ἐγραψαντο ἐγω	xenophon
τις ποτε λεγω1 ὁ θεος και τις ποτε αἰνισσομαι	plato
ὡς μοχθηρος οὑτος φημι ὁς οὐ ἐοικα οἰδα ὁστις ὁποτερος ἐγω και συμφορος και καλος εἰς τον ἀει χρονος διαπρασσω οὑτος εἰμι και ὁ νικαω	xenophon
παραμυθεομαι δʼ ἐτι ἐγω και παλαμηδης ὁ παραπλησιος ἐμοι τελευταω	xenophon
και γαρ συ κενοω προτερος ἀκουω κατηγορεω και πολυ μαλλον ἠ ὁδε ὁ ὑστερος	plato
εἰ δε ἀεκων διαφθειρω ὁ τοιουτος και ἀκουω ἁμαρτημα οὐ δευρο νομος εἰσαγω εἰμι ἀλλα ἰδιος λαμβανω διδασκω και νουθετεω	plato
οὑτος εἰμι ἀνηρ ἀθηναιος ὁ οὑτος την φημη κατασκεδαννυμι ὁ δεινος εἰμι ἐγω κατηγορος	plato
πανυ μεν οὐν σφοδρα οὑτος λεγω1	plato
ἐπειτα εἰμι οὑτος ὁ κατηγορος πολλοι και πολυν χρονος ἠδος κατηγορεω ἐτι δε και ἐν οὑτος ὁ ἡλικια λεγω1 προς συ ἐν ἱημι ἀν μαλιστα πιστευω παις εἰμι ἐνιοι συ και μειρακιον ἀτεχνος ἐραομαι κατηγορεω ἀπολογεομαι οὐδεις	plato
εἰμι οὐν ὁστις βουλομαι ὑπο ὁ συνειμι1 βλαπτω μαλλον ἠ ὠφελεω	plato
νυν δε ὁραω δη και αὐτοι ὁστις ὁ κατηγορος ἀλλος πας ἀναισχυντος οὑτως κατηγορεω τουτο γε οὐ οἱοι τε γιγνομαι ἀπαναισχυντεω παρεχω μαρτυς ὡς ἐγω ποτε τις ἠ πρασσω μισθον ἠ αἰτεω	plato
εἰ δε χαλεπος προσδοκαω καταλυω τον βιοω ἐγω μεν οἰομαι ὡς εὐπραγεω ἐμεω πας συ εὐθυμητεον εἰμι	xenophon
οὐ γαρ ἐσθʼ ὁπως οὐ ἐναντιοομαι ἀνα ἐγω το εἰωθος σημειον εἰ μη τις μελλω ἐγω ἀγαθον πρασσω	plato
οὐ γαρ οἰομαι ἐγω οὑτως παρʼ ὀλιγος εἰμι ἀλλα παρα πολυς	plato
συ δε ἐγω ἀποκρινω εἰμι μελω	plato
οὑτως δε γιγνωσκω αὐτον φημι ἐπειδη κατηγορεω αὐτος ὁ ἀντιδικος ὡς οὑς μεν ὁ πολις νομιζω θεους οὐ νομιζω ἑτερος δε καινα δαιμονιον εἰσφερω και τους νεος διαφθειρω παρερχομαι εἰπον	xenophon
εὐ γαρ οἰδʼ ὁστις ὁποι ἀν ἐρχομαι λεγω1 ἐμεω ἀκροαομαι ὁ νεω ὡσπερ ἐνθαδε	plato
τα γαρ ἀληθης οἰομαι οὐ ἀν ἐθελω λεγω1 ὁστις καταδηλος γιγνομαι προσποιεω μεν οἰδα οἰδα δε οὐδεις	plato
και ὑπο οὑτος ὁ ἀσχολια οὐτε τις ὁ ὁ πολις πραξαι ἐγω σχολη γιγνομαι ἀξιος λογοω οὐτε ὁ οἰκεω ἀλλʼ ἐν πενια μυριος εἰμι δια την ὁ θεαομαι λατρεια	plato
ὁταν γαρ ἀσχημων μεν μηδεν μηδε δυσχερες ἐν ὁ γνωμη ὁ παρειμι1 καταλειπηται τις ὑγιες δε το σωμα ἐχω και την ψυχην δυναμαι φιλοφρονεομαι ἀπομαραινομαι πως οὐ ἀναγκη οὑτος ποθεινον εἰμι	xenophon
ἀλλʼ ἀρον εἰμι μελω μη ὁ ἐν ὁ ἐκκλησια ὁ ἐκκλησιαστης διαφθειρω τους νεος	plato
ὡστε οὐδʼ εἰ ἐγω νυν συ ἀφιημι ἀνυτος ἀπιστεω ὁς φημι ἠ την ἀρχην οὐ δεω1 ἐμε δευρο εἰσερχομαι ἠ1 ἐπειδη εἰσερχομαι οὐ οἱον τʼ εἰμι το μη ἀποκτειναι ἐγω λεγω1 προς συ ὡς εἰ διαφευγω ἠδος ἀν συ ὁ υἱος ἐπιτηδευω ἁ σωκρατης διδασκω πας πανταπασι διαφθειρω εἰ ἐγω προς οὑτος εἰπον	plato
ἐμεω γαρ πολλοι κατηγορος γιγνομαι προς συ και παλλω πολλα ἠδος ἐτος και οὐδεν ἀληθες λεγω1 οὑς ἐγω μαλλον φοβεω ἠ τους ἀμφι ἀνυω καιπερ εἰμι και οὑτος δεινος	plato
ἐγω οὐν δεινα ἀν εἰμι ἐργαζομαι εἰμι ἀνηρ ἀθηναιος εἰ ὁστε μεν ἐγω ὁ ἀρχω τασσω οὑς συ αἱρεω ἀρχω ἐγω και ἐν ποτειδαια και ἐν ἀμφιπολεω και ἐπι δηλιος τοτε μεν ἱημι ἐκεινος τασσω μενω ὡσπερ και ἀλλος τις και κινδυνευω ἀποθνησκω ὁ δε θεαομαι τασσω ὡς ἐγω οἰομαι τε και ὑπολαμβανω φιλοσοφουντα ἐγω δεω1 ζαω και ἐξεταζω ἐμαυτον και τους ἀλλος ἐνταυθα δε φοβηθεις ἠ θανατος ἡ ἀλλʼ ὁτιουν πραγμα λειπω την ταξις	plato
ἐπειτα πειραω αὐτος δεικνυμι ὁστις οἰομαι μεν εἰμι σοφος εἰμι δʼ οὐ	plato
ἀλλʼ εἰπον ἀγαθος τις αὐτους ἀμεινων ποιεω	plato
ὡστε ἀφρων αὐτος φαινω εἰμι ὁ μεγαληγορια	xenophon
και γαρ ἐν ὁ μαχη πολλακις δηλος γιγνομαι ὁστις ὁ γε ἀποθνησκω ἀνα τις ἐκφευγω και ὁπλον ἀφεις και ἐφʼ ἱκετεια τρεπω ὁ διωκω	plato
πειθω δη ἐγω μηδεις ἀδικεω πολυς δεω1 ἐμαυτου γε ἀδικεω και κατʼ ἐμαυτου ἐρω αὐτος ὡς ἀξιος εἰμι τις κακοω και τιμαω τοιουτος τινος ἐμαυτου	plato
ἀπιστος γʼ εἰμι εἰμι μελω και οὑτος μεντοι ὡς ἐμοι δοκεω σαυτου	plato
ἠ αὐλητας μεν οὐ νομιζω εἰμι αὐλητικα δε πραγμα	plato
οὑτος μεν οὐν ὡσπερ ἐγω λεγω1 ἠ1 τις ἠ οὐδεν ἀληθες ἐρω συ δε ἐγω ἀκουω πας την ἀληθειανοὐ μεντοι μα διος εἰμι ἀνηρ ἀθηναιος καλλιεπεομαι γε λογοω ὡσπερ ὁ οὑτος ῥημασι τε και ὀνομα οὐδε κοσμεω ἀλλʼ ἀκουω εἰκαζω λεγω1 ὁ ἐπιτυγχανω ὀνομασινπιστευω γαρ δικαιος εἰμι ἁ λεγωκαι μηδεις συ προσδοκαω ἀλλος	plato
ἀλλα ναι μα Διʼ φημι ὁ μελητος κενοω οἰδα οὑς συ πειθω σοι πειθω μαλλον ἠ ὁ γεινομαι	xenophon
οὐκουν δαιμονιον μεν φημι ἐγω και νομιζω και διδασκω εἰτʼ οὐν καινα εἰτε παλαιος ἀλλʼ οὐν δαιμονια γε νομιζω κατα τον σον λογος και οὑτος και διομνυμι ἐν ὁ ἀντιγραφω	plato
και ἐγω τε ὁ τιμημα ἐμμενω και οὑτος	plato
εἰμι σωκρατης νυν μεν ἀνυτος οὐ πειθω ἀλλʼ ἀφιεμεν συ ἐπι οὑτος μεντοι ἐφʼ ὁστε μηκετι ἐν οὑτος ὁ ζητεω διατριβω μηδε φιλοσοφεω	plato
τιμαω δʼ οὐν ἐγω ὁ ἀνηρ θανατοω	plato
και τις ἐγω δεω1 ζαω ἐν δεσμωτηριον δουλευω ὁ ἀει καθιστημι ἀρχη ὁ ἑνδεκα	plato
συ δʼ ἰσοω ταχʼ ἀν ἀχθομαι ὡσπερ ὁ νυσταζω ἐγειρω κρουω ἀνα ἐγω πειθω ἀνυτος ῥαιδιος ἀν ἀποκτεινω εἰτα τον λοιπον βιοω καθευδω διατελεω ἀνα εἰ μη τις ἀλλος ὁ θεος συ ἐπιπεμπω κηδω συ	plato
ἐσθʼ ὁστις δαιμονιον μεν νομιζω πραγματʼ εἰμι δαιμων δε οὐ νομιζω	plato
καιτοι πως οὐ ἀμαθια ἐστιν οὑτος ὁ ἐπονειδιστος ὁ ὁ οἰομαι οἰδα ἁ οὐ οἰδα	plato
ἐαν δε ἁλισκομαι ἐτι οὑτος πρασσω ἀποθνησκω εἰ οὐν ἐγω ὁσπερ εἰπον ἐπι οὑτος ἀφιημι εἰποιμʼ ἀν συ ὁστις ἐγω συ εἰμι ἀνηρ ἀθηναιος ἀσπαζομαι μεν και φιλεω πειθω δε μαλλον ὁ θεαω ἠ συ και ἑωσπερ ἀν ἐμπνεω και οἱος τε εἰμι οὐ μη παυω φιλοσοφεω και συ παρακελευομενος τε και ἐνδεικνυμι ὁστις ἀν ἀει ἐντυγχανω συ λεγω1 οἱαπερ ἐθω ὁστις εἰμι ἀριστος ἀνδροω ἀθηναιος εἰμι πολις ὁ μεγας και εὐδοκιμος εἰς σοφια και ἰσχυς χρημα μεν οὐ αἰσχυνω ἐπιμελεομαι ὁπως συ εἰμι ὡς πλειστος και δοξα και τιμαω φρονησις δε και ἀληθεια και ὁ ψυχη ὁπως ὡς βελτιστος εἰμι οὐ ἐπιμελεομαι οὐδε φροντιζω	plato
ἀναξαγορης οἰομαι κατηγορεω εἰμι φιλος μελω	plato
ἐπιδεικνυμι δε ὁ ψυχη την ῥωμη	xenophon
εἰ δʼ αὐ2 ὁ δαιμων θεαω παιδες εἰμι νοθος τινες ἠ ἐκ νυμφη ἠ ἐκ τις ἀλλος ὁς δη και λεγω1 τις ἀν ἀνθρωπος θεαω μεν παις ἡγεομαι εἰμι θεους δε μη	plato
χωρις δε ὁ δοξα εἰμι ἀνηρ οὐδε δικαιον ἐγω δοκεω εἰμι δεομαι ὁ δικαστης οὐδε δεω1 ἀποφευγω ἀλλα διδασκω και πειθω	plato
ἀλλα ναι μα διος φαινω αὐτος και δις ἠδος ἐπιχειρησαντος ἐγω σκοπαω περι ὁ ἀπολογια ἐναντιουται ἐγω το δαιμοναω	xenophon
οἰδα μεν γαρ οὐδεις τον θανατος οὐδʼ εἰ τυγχανω ὁ ἀνθρωπος πας μεγας ὀν ὁ ἀγαθος δειδω δʼ ὡς εὐ οἰδα ὁστις μεγας ὁ κακοω εἰμι	plato
εἰμι θαυμαστον νομιζω εἰ και ὁ θεαω δοκεω ἐμε βελτιων εἰμι ἠδος τελευταω	xenophon
ἠ ἐναντιος οὑτος πας εἱς μεν τις ὁ βελτιοω οἱος τʼ ὠν ποιεω ἠ πανυ ὀλιγος ὁ ἱππικος ὁ δε πολλοι ἐαν συνιημι και χραω2 ἱππος διαφθειρω	plato
ἐγω γαρ εἰμι ἀνηρ ἀθηναιος διʼ οὐδεν ἀλλʼ ἠ δια σοφια τινα οὑτος το ὀνομα ἐχω	plato
ὁστις ἀκουω χαιρω ἐξεταζω ὁ οἰομαι μεν εἰμι σοφος εἰμι δʼ οὐ	plato
ὁ μεν γαρ βιοω το χαλεπος ἀπολειπω ὁ δε θαναταω ὁ ῥαιδιος τυγχανω	xenophon
ταχʼ ἀν οὐν τις οὑτος ἐννοεω αὐθαδης ἀν προς ἐγω ἐχω και ὀργισθεις αὐτος οὑτος τιθημι ἀν μετʼ ὀργαω την ψηφος	plato
καινος γε μην δαιμονιον πως ἀν ἐγω εἰσφερω λεγω1 ὁστις θεαομαι ἐγω φωνη φαινω σημαινω ὁ τις χρη ποιεω	xenophon
συ δε συγγιγνομαι μεν ἐγω και διδασκω φευγω και οὐ ἐθελω δευρο δε εἰσαγω ὁ νομος ἐστιν εἰσαγω τους κολασις δεω1 ἀλλʼ οὐ μαθησις	plato
λεγω1 δε και ἀνυω παρειμι1 ἰδων εἰπον	xenophon
ἀλλʼ ἐγω εἰμι ἀνηρ οὑτος μεν προτερος θαυμαζω μελητος ὁστις ποτε γνους λεγω1 ὡς ἐγω οὑς ὁ πολις νομιζω θεους οὐ νομιζω	xenophon
οὐ γαρ ἐπι οὑτος καθιημι ὁ δικαστης ἐπι ὁ καταχαριζομαι τα δικαιος ἀλλʼ ἐπι ὁ κρινω οὑτος	plato
τα δε ἐχω μεν οὑτως ὡς ἐγω φημι εἰμι ἀνηρ πειθω δε οὐ ῥαιδιος	plato
ἰσοω δʼ ἀν δυναμαι ἐκτινω συ που μνα ἀργυριον	plato
ὁς γε μην οὐ ψευδω κατα ὁ θεαομαι και τουτʼ ἐχω τεκμηριον	xenophon
ἀλλʼ ὁστις ἠδος ἑαυτου ἡγεομαι αἱρετος εἰμι ὁ βιοω θανατος οὑτος οὐ διασαφηνιζω	xenophon
σωκρατης δε δια το μεγαλυνω ἑαυτον ἐν ὁ δικαστηριον φθονος ἐπαγω μαλλον καταψηφιζομαι ἑαυτου ποιεω τους δικαστης	xenophon
δυο γαρ θατερον εἰμι το θνησκω	plato
ὡστε ἰσχυρος ἀγαω ἐμαυτον ταὐτα εὑρισκω και τους ἐμοι συγγιγνομαι γιγνωσκω περι ἐμεω	xenophon
οὐκουν χρη οὐτε ἐγω ἐθιζω συ ἐπιορκεω οὐθʼ συ ἐθιζω	plato
ἀλλʼ ἐγω δια παντος ὁ βιοω δημοσιος τε εἰ που τις πρασσω τοιουτος φαινω και ἰδιος ὁ αὐτος οὑτος οὐδενι πωποτε συγχωρεω οὐδεν παρα το δικαιος οὐτε ἀλλος οὐτε οὑτος οὐδενι οὑς δη διαβαλλω ἐγω φημι ἐμους μαθητας εἰμι	plato
σωκρατης ἀδικεω και περιεργαζομαι ζητεω ὁ τε ὑπο γαια και οὐρανιος και τον ἡσσων λογος κρεισσων ποιεω και ἀλλος ταὐτα οὑτος διδασκω	plato
και γαρ ὁ νομος κελευω ἀποκρινω	plato
ὁδε δε ἀδειμαντος ὁ ἀριστων ἱημι ἀδελφος οὑτοσι πλατων και Αἰαντοδωρος ἱημι ἀπολλοδωρος ὁδε ἀδελφος	plato
και ἐγω εἰμι ἀνηρ ἀθηναιος μη θορυβεω μηδʼ ἐαν δοκεω τις συ μεγας λεγω1	plato
οὑτος οὐν ἀνηρομηνἐστον γαρ αὐτος δυο υἱος εἰμι καλλιης εἰμι δʼ ἐγω εἰ μεν συ τω υἱος πωλος ἠ μοσχος γιγνομαι ἐχω ἀν αὐτος ἐφιστημι λαμβανω και μισθοω ὁς μελλω αὐτω καλος τε κἀγαθω ποιεω την προσηκω ἀρετη εἰμι δʼ ἀν οὑτος ἠ ὁ ἱππικος τις ἠ ὁ γεωργικος	plato
ἐμοι δε τουτʼ εἰμι ἐκ παιδος ἀρχω φωνη τις γιγνομαι ἡ ὁταν γιγνομαι ἀει ἀποτρεπω ἐγω οὑτος ὁ ἀν μελλω πρασσω προτρεπω δε οὐποτε	plato
οὑτος και νεος και πρεσβυς ὁστις ἀν ἐντυγχανω ποιεω και ξενος και ἀστος μαλλον δε ὁ ἀστος ὁσος ἐγω ἐγγυτερος ἐστε γενος	plato
εἰπων δε οὑτος μαλης ὁμολογεω δη ὁ ἐρω ἀπειμι2 και ὀμμα και σχημα και βαδισμα φαιδρος	xenophon
και ἐγω δευρο εἰμι μελω εἰπον	plato
ὁσος δε φθονος και διαβολη χραω2 συ ἀνεπειθονοἱ δε και αὐτοι πειθω ἀλλος πειθοντεςοὑτοι πας ἀπορωτατοι εἰμι	plato
εἰ δε τις φημι παρʼ ἐμεω πωποτε τις μανθανω ἠ ἀκουω ἰδιος ὁστις μη και ὁ ἀλλος πας εὐ οἰδα ὁστις οὐ ἀληθης λεγω1	plato
εἰ δε τις ἐγω λεγω1 και τα ἐμαυτου πρασσω ἐπιθυμεω ἀκουω εἰτε νεος εἰτε πρεσβυς οὐδενι πωποτε φθονεω οὐδε χρημα μεν λαμβανω διαλεγω μη λαμβανω δε οὐ ἀλλʼ ὁμοιοω και πλουσιος και πενης παρεχω ἐμαυτον ἐρωταω και ἐαν τις βουλομαι ἀποκρινω ἀκουω ὁς ἀν λεγω1	plato
πλατων δε ὁδε εἰμι ἀνηρ ἀθηναιος και κριτων και κριτοβουλος και ἀπολλοδωρος κελευουσι ἐγω τριακοντα μνα τιμαω αὐτοι δʼ ἐγγυαω	plato
ἀλλα μεντοι φαινω αὐτος ἀνατιθημι μεν και ὁμηρος εἰμι ὁς ὁ ἐν καταλυω ὁ βιοω προγιγνωσκω τα μελλω βουλομαι δε και ἐγω χρησμῳδησαι τις	xenophon
το δε κινδυνευω εἰμι ἀνηρ ὁ εἰμι ὁ θεος σοφος εἰμι και ἐν ὁ χρησμος οὑτος οὑτος λεγω1 ὁστις ὁ ἀνθρωπινος σοφια ὀλιγος τινος ἀξιος ἐστιν και οὐδεις	plato
τον δε δη βελτιοω ποιεω εἰμι εἰπε και μηνυω αὐτος τις εἰμι	plato
ἀλλʼ οὐ γαρ ἐφιστημι εἰμι ἀνηρ ἀθηναιος	plato
ἐπειτα μογις πανυ ἐπι ζητησις αὐτος τοιουτος τινα τρεπω	plato
ὡς ὀνινημι ὁστις μογις ἀποκρινω ὑπο τουτωνι ἀναγκαζω	plato
οὐ γαρ ἐμοι ἀλλα ὁ καταγιγνωσκω οὑτος αἰσχρος εἰμι	xenophon
πας ἀρον ὡς ἐοικα ἀθηναιος καλους κἀγαθους ποιεω πλην ἐμεω ἐγω δε μονος διαφθειρω	plato
ἀκουω εἰμι ἀνηρ ἀθηναιος πας συ την ἀληθεια ἐγω εἰπον	plato
τοτʼ ἐγω μονος ὁ πρυτανις ἐναντιοομαι συ μηδεν ποιεω παρα τους νομος και ἐναντιος ψηφιζομαι	plato
οἰομαι γαρ ἐγω ἑκαστοτε ὁ παρειμι1 οὑτος αὐτον εἰμι σοφον ἁ ἀν ἀλλος ἐξελεγχω	plato
νυν ἐγω προτερος ἐπι δικαστηριον ἀναβαινω ἐτος γεγονως ἑβδομηκοντα	plato
και νυν ἐγω μεν ἀπειμι1 ὑφʼ συ θανατοω δικη ὀφλισκανω οὑτος δʼ ὑπο ὁ ἀληθεια ὀφλεω μοχθηρια και ἀδικια	plato
οὐ οὑτος λεγω1 ὁστις διδασκω διαφθειρω	plato
και ἑτοιμος εἰμι ἐνδεικνυμι ἐγω και ἀπαγω ὁ ῥητωρ και συ κελευω και βοαω μετα ὁ νομος και ὁ δικαιοω οἰομαι μαλλον ἐγω δεω1 διακινδυνευω ἠ μεθʼ συ γιγνομαι μη δικαιος βουλευω φοβεω δεσμον ἠ θανατος	plato
ὡστε ὁσπερ ἀρχω ἐγω λεγω1 θαυμαζοιμʼ ἀν εἰ οἱος τʼ εἰμι ἐγω συ οὑτος την διαβολην ἐξαιρεω ἐν οὑτως ὀλιγος χρονος οὑτως πολλην γιγνομαι	plato
δια δε το μηδεις ἐχω σπουδαιος ἐπιμελητην προσπεσεισθαι τις αἰσχρος ἐπιθυμια και προβαινω μεντοι προσω μοχθηρια	xenophon
ἀντι οὑτος δη αἱρεω ὁς εὐ οἰδα τις κακοω εἰμι οὑτος τιμαω	plato
νυν δʼ ἐπειδη ἀνθρωπος εἰμι τις αὐτος ἐν ἐγω ἐχω ἐφιστημι λαμβανω	plato
ἀναλαμβανω οὐν ἐκ ἀρχη τις ὁ κατηγορια ἐστιν ἐκ ὁς ὁ ἐμη διαβολη γιγνομαι ἱημι δη και πιστευω Μελητος ἐγω γραφω την γραφην οὑτος	plato
οὐ χρη μεντοι σκοπαω εἰμι σωκρατης και ὁ τις ἀπολογεομαι	xenophon
το δε οὐ εἰμι εἰμι ἀνηρ ἀθηναιος τοιουτος ἀλλα τοιοσδε μαλλον	plato
ἀρʼ οὐν ἀνα ἐγω οἰομαι τοσοσδε ἐτος διαγιγνομαι εἰ πρασσω τα δημοσιος και πρασσω ἀξιοω ἀνδρος ἀγαθος βοηθεω ὁ δικαιος και ὡσπερ χρη οὑτος περι πλειστος ποιεω	plato
οὑτως γαρ φαινω τον μελω εἰμι σωκρατης και συμφερω και νομιζω	xenophon
ὡς δε τελος ἐχω ὁ δικη εἰπον αὐτος	xenophon
σαφης γαρ ἀνα εἰ πειθω συ και ὁ δεομαι βιαζω ὀμνυμι θεους ἀν διδασκω μη ἡγεομαι συ εἰμι και ἀτεχνος ἀπολογεομαι κατηγορεω ἀν ἐμαυτου ὡς θεους οὐ νομιζω	plato
συγγιγνομαι γαρ ποτε βραχυς ὁ ἀνυω υἱος και ἐδοξε ἐγω οὐ ἀρρωστος την ψυχην εἰμι	xenophon
οὐ γαρ δηπου σευω γε οὐδεν ὁ ἀλλος περισσος πραγματευομαι ἐπειτα τοσουτος φημη τε και λογος γιγνομαι εἰ μη τις πρασσω ἀλλοιος ἠ ὁ πολυς	plato
και ἐαν νυν ἐαν αὐθις ζητεω οὑτος οὑτως εὑρισκω	plato
ἱκανον γαρ οἰομαι ἐγω παρεχω τον μαρτυς ὡς ἀληθης λεγω1 την πενια	plato
ἐμοι γαρ δοκεω οὑτος εἰμι ἀνηρ ἀθηναιος πανυ εἰμι ὑβριστης και ἀκολαστος και ἀτεχνος την γραφην οὑτος ὑβρις τινι και ἀκολασια και νεοτης γραφω	plato
πολλη γαρ ἀνα τις εὐδαιμονια εἰμι περι τους νεος εἰ εἱς μεν μονος αὐτους διαφθειρω ὁ δʼ ἀλλος ὠφελεω	plato
ἐπει θυοντα γε ἐγω ἐν ὁ κοινος ἑορτη και ἐπι ὁ δημοσιος βωμος και ὁ ἀλλος ὁ παρατυγχανω ὁραω και αὐτος μελητος εἰ βουλομαι	xenophon
ἀλλʼ ἠ οὐ διαφθειρω ἠ εἰ διαφθειρω ἀεκων ὡστε συ γε κατʼ ἀμφοτερος ψευδω	plato
πολλη μεντοι ἐγω φιλοψυχια ἐχω εἰμι ἀνηρ ἀθηναιος εἰ οὑτως ἀλογιστος εἰμι ὡστε μη δυναμαι λογιζομαι ὁστις συ μεν εἰμι πολιται ἐγω οὐ οἱοι τε γιγνομαι φερω τας ἐμας διατριβας και τους λογοω ἀλλʼ συ βαρυς γιγνομαι και ἐπιφθονος ὡστε ζητεω αὐτος νυνι ἀπαλλασσω	plato
εὐ γε νη την ἡρα λεγω1 και πολλην ἀφθονια ὁ ὠφελεω	plato
ἀποκρινω οὐν ἐμαυτου και ὁ χρησμος ὁστις ἐγω λυσιτελεω ὡσπερ ἐχω ἐχω	plato
ἀλλʼ ἀπορια μεν ἁλισκομαι οὐ μεντοι λογαω ἀλλα τολμαω και ἀναισχυντια και ὁ μη ἐθελω λεγω1 προς συ τοιουτος οἱʼ ἀν συ μεν ἡδυς εἰμι ἀκουω θρηνουντος συ ἐγω και ὀδυρομαι και ἀλλος ποιεω και λεγω1 πολλα και ἀναξιος ἐμεω ὡς ἐγω φημι οἱος δη και ἐθιζω συ ὁ ἀλλος ἀκουω	plato
τελευταω οὐν ἐπι τους χειροτεχνης εἰμι	plato
φροντιζω ποτερος θεος συ εἰπον ἠ ἀνθρωπος	xenophon
οὐδε τα ἐμα νυν ἀπο ὁ αὐτοματος γιγνομαι ἀλλα ἐγω δηλον εἰμι οὑτος ὁστις ἠδος θνησκω και ἀπαλλασσω πραγμα βελτιων εἰμι ἐγω	plato
εἰτʼ οὐ αἰσχυνω εἰμι σωκρατης τοιουτος ἐπιτηδευμα ἐπιτηδευω ἐκ ἱημι κινδυνευω νυνι ἀποθνησκω	plato
βουλομαι μεν οὐν ἀν οὑτος οὑτως γιγνομαι εἰ τις ἀμεινων και συ και ἐγω και πλεω τις ἐγω ποιεω ἀπολογεομαι	plato
καιτοι οἰδα σχεδον ὁστις αὐτος οὑτος ἀπεχθανομαι ὁ και τεκμηριον ὁστις ἀληθης λεγω1 και ὁστις οὑτος ἐστιν ὁ διαβολη ὁ ἐμη και τα αἰτιος ταυτα εἰμι	plato
τ τις ἀξιος εἰμι πασχω ἠ ἀποτινω ὁστις μαθων ἐν ὁ βιος οὐ ἡσυχια ἀγω ἀλλʼ ἀμελεω ὁς ὁ πολυς χρηματισμος τε και οἰκονομια και στρατηγιαω και δημηγορια και ὁ ἀλλος ἀρχη και συνωμοσια και στασις ὁ ἐν ὁ πολεω γιγνομαι ἡγεομαι ἐμαυτον ῳ εἰμι ἐπιεικης εἰμι ἠ ὡστε εἰς ταυτʼ εἰμι σωζω ἐνταυθα μεν οὐ εἰμι ὁ ἐλθων μητε συ μητε ἐμαυτου μελλω μηδεν ὀφελος εἰμι ἐπι δε το ἰδιος ἑκαστος ἰων εὐεργετεω την μεγας εὐεργεσια ὡς ἐγω φημι ἐνταυθα εἰμι ἐπιχειρεω ἑκαστος συ πειθω μη προτερος μητε ὁ ἑαυτου μηδενος ἐπιμελεομαι πριν ἑαυτου ἐπιμελεομαι ὁπως ὡς βελτιστος και φρονιμος εἰμι μητε ὁ ὁ πολις πριν αὐτος ὁ πολις ὁ τε ἀλλος οὑτως κατα τον αὐτον τροπος ἐπιμελεισθαιτι οὐν εἰμι ἀξιος πασχω τοιουτος εἰμι	plato
ὁ δε ἀδιαφθαρτος πρεσβυς ἠδος ἀνηρ ὁ οὑτος προσηκω τις ἀλλος ἐχω λογος βοηθεω ἐμοι ἀλλʼ ἠ τον ὀρθος τε και δικαιος ὁστις συνοιδα μελητος μεν ψευδω ἐμοι δε ἀληθευω	plato
τις ὁ τοιουτος ἀρεταω ὁ ἀνθρωπινος τε και πολιτικος ἐπιστημων εἰμι	plato
ἀλλα γαρ ἠδος ὁραω ἀφιημι ἐμοι μεν ἀποθνησκω συ δε βιοω	plato
ὁ γε μην νεος πως ἀν διαφθειρω καρτερια και εὐτελεια προσεθιζω	xenophon
το γαρ συ θανατος δειδω εἰμι ἀνηρ οὐδεν ἀλλος ἐστιν ἠ δοκεω σοφον εἰμι μη εἰμι	plato
εἰ γαρ οἰομαι ἀποκτεινω ἀνθρωπος ἐπωχατο ὁ ὀνειδιζω τινα συ ὁστις οὐ ὀρθοω ζαω οὐ καλος διανοεομαι	plato
ἁ μεν ἐγω ἐχοιμʼ ἀν ἀπολογεομαι σχεδον εἰμι οὑτος και ἀλλος ἰσοω τοιουτος	plato
ποτερος ἁπας ἠ ὁ μεν αὐτος ὁ δʼ οὐ	plato
ἐαν γαρ ἐγω ἀποκτεινω οὐ ῥαιδιος ἀλλος τοιουτος εὑρισκω ἀτεχνωςεἰ και γελοιος εἰπεινπροσκειμενον ὁ πολεω ὑπο ὁ θεαομαι ὡσπερ ἱππος μεγας μεν και γενναιος ὑπο μεγεθος δε νωθης και δεω1 ἐγειρω ὑπο μυωπος τις οἱος δη ἐγω δοκεω ὁ θεος ἐμε ὁ πολεω προστιθημι τοιουτον τις ὁς συ ἐγειρω και πειθω και ὀνειδιζω εἱς ἑκαστος οὐδεν παυω την ἡμερος ὁλοξ πανταχου προσκαθιζω	plato
λεγω1 δε οὑτος οὐ προς πας συ ἀλλα προς τους ἐμεω καταψηφιζομαι θανατος	plato
και νη τον κυναω εἰμι ἀνηρ ἀθηναιος δεω1 γαρ προς συ ἀληθης λεγεινἠ μην ἐγω ἐπαθον τις τοιουτος	plato
ὁ δε ἀκροαται βελτιοω ποιεω ἠ οὐ	plato
οὐ ἐσθʼ ὁστις μαλλον εἰμι ἀνηρ ἀθηναιος πρεπω οὑτως ὡς τον τοιουτος ἀνηρ ἐν πρυτανειον σιτεομαι πολυς γε μαλλον ἠ εἰ τις συ ἱππος ἠ συνωρις ἠ ζευγος νικαω ὀλυμπιασι	plato
παντως δε παρειμι1 αὐτος πολλοι ἐνταυθοι οὑς ἐγω ὁραω προτερος μεν κριτων οὑτος ἐμος ἡλικιωτης και δημοτης κριτοβουλος ὁδε πατηρ ἐπειτα λυσανιας ὁ σφηττιος αἰσχινης ὁδε πατηρ ἐτι δʼ ἀντιφων ὁ Κηφισιευς οὑτος ἐπιγενης πατηρ ἀλλος τοινυν οὑτος ὁς ὁ ἀδελφοι ἐν οὑτος ὁ διατριβω γιγνομαι νικοστρατος Θεοζοτιδου ἀδελφος Θεοδοτουκαι ὁ μεν θεοδοτος τελευταω ὡστε οὐ ἀν ἐκεινος γε αὐτος καταδεηθειηκαι παραλιος ὁδε ὁ δημοδοκος ἱημι εἰμι θεαγης ἀδελφος	plato
και οὑτος ἐγω εἰτε τις χρηστος γιγνομαι εἰτε μη οὐ ἀν δικαιοω την αἰτιος ὑπεχω ὁς μητε ὑπεχω μηδενι μηδεν πωποτε μαθημα μητε διδασκω	plato
προς οὑτος φημι ἀνα εἰμι ἀνηρ ἀθηναιος ἠ πειθω ἀνυτος ἠ μη και ἠ ἀφιετε ἐγω ἠ μη ὡς ἐμεω οὐ ἀν ποιεω ἀλλος οὐδʼ εἰ μελλω πολλακις θνησκω	plato
παρων δε τις ἀπολλοδωρος ἐπιθυμητης μεν ὠν ἰσχυρος αὐτος ἀλλος δʼ εὐηθης εἰπον ἀρον	xenophon
ἀλλʼ ὁμοω συ ἐγω φημι εἰμι μελω τοιουτος ἐπιτηδευω τους νεος διαφθειρω	xenophon
ὁ εἰμι γαρ κινδυνευω οὑτος εἰμι σοφος	plato
τις μεν γαρ ἐφιστημι ἡσσων ἐμεω δουλευω ὁ ὁ σωμα ἐπιθυμια	xenophon
παντως δηπου ἐαν συ και ἀνυτος οὐ φημι ἐαν φημι	plato
και ἐγω τον εὐηνος μακαριζω εἰ ὡς ἀληθης ἐχω οὑτος την τεχνη και οὑτως ἐμμελης διδασκω	plato
ταυτʼ εἰμι συ εἰμι ἀνηρ ἀθηναιος ἀληθης και συ οὐτε μεγας οὐτε μικρον ἀποκρυπτω ἐγω λεγω1 οὐδʼ ὑποστελλω	plato
εἰ δε τοτε ἐπιλανθανομαι νυν παρασχεσθωἐγω παραχωρωκαι λεγω1 εἰ τις ἐχω τοιουτος	plato
σοφον δε πως οὐ ἀνα τις ἐοικοτως ἀνηρ φημι εἰμι ὁς ἐκ ὁστις συνειμι2 τα λεγω1 ἀρχω οὐπωποτε διαλειπω και ζητεω και μανθανω ὁ τις δυναμαι ἀγαθος	xenophon
οὐ γαρ ἀνθρωπινος ἐοικα το ἐμε ὁ μεν ἐμαυτου πας ἀμελεω και ἀνεχω ὁ οἰκεω ἀμελεω τοσουτος ἠδος ἐτος το δε ὑμετερος πρασσω ἀει ἰδιος ἑκαστος προσειμι1 ὡσπερ πατηρ ἠ ἀδελφον πρεσβυς πειθω ἐπιμελεομαι ἀρεταω	plato
περι μεν οὐν ὁς ὁ πρωτοι ἐγω κατηγορος κατηγορεω οὑτος ἱστημι ἱκανη ἀπολογια προς συ	plato
ὁς και δηλος ὁστις ὁ εἰμι οὑτως ἐρω ὑπο σωκρατης	xenophon
εἰμι θαυμασιος μελω ἱνα τις οὑτος λεγω1	plato
ἀποκτεινω μεντἀν ἰσοω ἠ ἐξελαυνω ἠ ἀτιμοω	plato
εἰ δε μη αὐτοι ἐθελω ὁ οἰκεω τινας ὁ κενοω πατηρ και ἀδελφους και ἀλλος τους προσηκω εἰπερ ὑπʼ ἐμεω τις κακον πασχω αὐτος ὁ οἰκειος νυν μιμνησκω και τιμωρεω	plato
ἐγω δε οὑτος ἀν δικαιος λογος ἀντειπον ὁστις οὐ καλος λεγω1 εἰμι ἀνθρωπος εἰ οἰομαι δεω1 κινδυνος ὑπολογιζομαι ὁ ζαω ἠ θνησκω ἀνηρ ὁστις τις και σμικρον ὀφελος εἰμι ἀλλʼ οὐ ἐκεινος μονος σκοπαω ὁταν πρασσω ποτερος δικαιος ἠ ἀδικος πρασσω και ἀνδρος ἀγαθος ἐργον ἠ κακοω	plato
ἀλλα γαρ οὐτε οὑτος οὐδεις εἰμι οὐδος γʼ εἰ τις ἀκουω ὡς ἐγω παιδευω ἐπιχειρεω ἀνθρωπος και χρημα πρασσω οὐδε οὑτος ἀληθης	plato
ἀτεχνος οὐν ξενοω ἐχω ὁ ἐνθαδε λεξις	plato
οἰομαι δε αὐτο χαλεπον εἰμι και οὐ πανυ ἐγω λανθανω οἱον εἰμι	plato
και γαρ οὐδεν πλεω ὁ πας χρονος φαινω οὑτως δη εἰμι ἠ εἱς νυξ	plato
ἐμοι γαρ εἰμι ἀνηρ δικασταιὑμας γαρ δικαστας καλεω ὀρθοω ἀν καλοιηνθαυμασιον τις γιγνομαι	plato
ἀγαθος τις εἰμι ἀνηρ ἀθηναιος εἰ δεω1 γε κατα την ἀξιος ὁ ἀληθεια τιμαω	plato
σωκρατης φησιν ἀδικεω ὁ τε νεος διαφθειρω και θεους οὑς ὁ πολις νομιζω οὐ νομιζω ἑτερος δε δαιμονιον καινος	plato
ἀλλα το ἐπι οὑτος γε ἀποκρινω	plato
μετα ταυτʼ οὐν ἠδος ἐπωχατο εἰμι αἰσθανομαι μεν και λυπεω και δεδιως ὁστις ἀπεχθανομαι ὁμοω δε ἀναγκαιος δοκεω εἰμι το ὁ θεαομαι περι πλειστος ποιεισθαιἰτεον οὐν σκοπαω τον χρησμον τις λεγω1 ἐπι ἁπας ὁ τις δοκεω οἰδα	plato
φησι γαρ δη τους νεος ἀδικεω ἐγω διαφθειρω	plato
νυν δʼ οὐ ῥαιδιος ἐν χρονος ὀλιγος μεγας διαβολας ἀπολυω	plato
εἰ μεν γαρ οὑτος λεγω1 ὁμολογεω ἀν ἐγω οὐ κατα οὑτος εἰμι ῥητωρ	plato
ἐπει και ἀλλος ἀνηρ εἰμι παριος ἐνθαδε σοφος ὁν ἐγω αἰσθανομαι ἐπιδημεω	plato
συνἐπισκεπτομαι δη εἰμι ἀνηρ ἱημι ἐγω φαινω οὑτος λεγω1	plato
ἐντευθεν ἐπʼ ἀλλος εἰμι ὁ κενοω δοκεω σοφος εἰμι και ἐγω ταὐτα οὑτος δοκεω και ἐνταυθα ἐκεινος και ἀλλος πολυς ἀπεχθανομαι	plato
μελω μεν οὐν ὡς ἐμοι δοκεω και νυν ἀποφευγω και οὐ μονος ἀποφευγω ἀλλα παντι δηλος τουτο γε ὁστις εἰ μη ἀναβαινω ἀνυτος και λυκος κατηγορεω ἐμεω κἀν ὀφλισκανω χιλιοι δραχμη οὐ μεταλαβων το πεμπτος μερος ὁ ψηφος	plato
φαυλος γαρ ἀν ὁ γε σος λογος εἰμι ὁ ἡμιθεος ὁσος ἐν τροια τελευταω ὁ τε ἀλλος και ὁ ὁ θετις υἱος ὁς τοσουτος ὁ κινδυνος καταφρονεω παρα το αἰσχρος τις ὑπομενω ὡστε ἐπειδη εἰπον ὁ μητηρ αὐτος προθυμεομαι ἑκτωρ ἀποκτεινω θεος εἰμι οὑτωσι πως ὡς ἐγω οἰομαι	plato
ἀλλα και συ χρη εἰμι ἀνηρ δικαστης εὐελπις εἰμι προς τον θανατος και ἱημι τις οὑτος διανοεομαι ἀληθης ὁστις οὐ εἰμι ἀνδρι ἀγαθος κακον οὐδεν οὐτε ζαω οὐτε τελευταω οὐδε ἀμελεω ὑπο θεαω τα οὑτος πραγμα	plato
και ἐαν τις συ ἀμφισβητεω και φημι ἐπιμελεομαι οὐ εὐθυς ἀφιημι αὐτον οὐδʼ ἀπειμι1 ἀλλʼ ἐραομαι αὐτον και ἐξεταζω και ἐλεγχω και ἐαν ἐγω μη δοκεω κταομαι ἀρετη φαινω δε ὀνειδιζω ὁστις τα πλειστος ἀξιος περι ἐλαχιστος ποιεω τα δε φαυλος περι πλειων	plato
εἰμι τις φημι ἐγω ἠ οὐ	plato
δεω1 δη συ την ἐμην πλαναω ἐπιδεικνυμι ὡσπερ πονος τινας πονεω ἱνα ἐγω και ἀνελεγκτος ὁ μαντεια γιγνομαι	plato
ὡς δε οὐ ματαω πονεω οὐ δοκεω συ και ὁδε τεκμηριον εἰμι το πολλους μεν πολιτης ὁ ἀρεταω ἐφιημι πολλους δε ξενοω ἐκ πας προαιρεω ἐμοι συνιημι	xenophon
ἐαντʼ αὐ2 λεγω1 ὁστις και τυγχανω μεγας ἀγαθον ὀν ἀνθρωπος οὑτος ἑκαστος ἡμερος περι ἀρεταω τους λογοω ποιεω και ὁ ἀλλος περι ὁς συ ἐμεω ἀκουω διαλεγω και ἐμαυτον και ἀλλος ἐξεταζω ὁ δε ἀνεξεταστος βιος οὐ βιωτος ἀνθρωπος οὑτος δʼ ἐτι ἡσσων πεισεσθε ἐγω λεγω1	plato
οὑτος γαρ κελευω ὁ θεος εὐ οἰδα και ἐγω οἰομαι οὐδεις πω συ μεγας ἀγαθον γιγνομαι ἐν ὁ πολεω ἠ την ἐμην ὁ θεαω ὑπηρεσια	plato
οὐ γαρ παλλω οἰδα ὁστις ἐκ ὁστις γιγνομαι καταψηφιζομαι εἰμι ἐγω ὑπο ὁ φυσις ὁ θανατος	xenophon
ἐγω δε γε εἰμι ἀνηρ ἀθηναιος ἀδικεω φημι μελω ὁστις σπουδαζω χαριεντιζομαι ῥαιδιος εἰς ἀγων καθιστας ἀνθρωπος περι πραγμα προσποιεω σπουδαζω και κηδω ὁς οὐδεν οὑτος πωποτε μελω	plato
μα Διʼ εἰμι ἀνηρ δικαστης ἐπει τον μεν ἡλιος λιθος φησιν εἰμι την δε σεληνη γαια	plato
ἀλλʼ ἐγω οὐ τα πας εἰπον τα ἐκ ὁ δικη σπουδαζω ἀλλʼ ἠρκεσε ἐγω δηλοω ὁστις σωκρατης το μεν μητε περι θεους ἀσεβεω μητε περι ἀνθρωπος ἀδικος φαινω περι παντος ποιεω	xenophon
ἐρω δε συ φορτικα μεν και δικανικος ἀληθης δε	plato
ἠ δηλος δη ὁστις κατα την γραφην ἡν γραφω θεους διδασκω μη νομιζω οὑς ὁ πολις νομιζω ἑτερος δε δαιμονιον καινος	plato
οὐδεν δε δεινον μη ἐν ἐμοι ἱστημι	plato
προ οὐν ὁ κακοω ὁς οἰδα ὁστις κακος εἰμι ἁ μη οἰδα εἰ και ἀγαθα εἰμι τυγχανω οὐδεποτε φοβεω οὐδε φευγω	plato
γιγνωσκω οὐν αὐ2 και περι ὁ ποιητος ἐν ὀλιγος οὑτος ὁστις οὐ σοφια ποιεω ἁ ποιεω ἀλλα φυω τινι και ἐνθουσιαζω ὡσπερ ὁ θεομαντις και ὁ χρησμωιδος	plato
εἰ μεν γαρ εἰμι ἐγω χρημα τιμαω ἀν χρημα ὁσος μελλω ἐκτινω οὐδεν γαρ ἀν βλαπτω	plato
πολυς γε δεω1 εἰμι ἀνηρ ἀθηναιος	plato
φερω δη ποτερος ἐμε εἰσαγω δευρο ὡς διαφθειρω τους νεος και πονηρος ποιεω ἑκων ἠ ἀεκων	plato
οὐ γαρ ἐσθʼ οὑτος ὁ ἀπαλλαγη οὐτε πανυ δυνατη οὐτε καλος ἀλλʼ ἐκεινος και καλος και ῥαιδιος μη τους ἀλλος κολουω ἀλλʼ ἑαυτον παρασκευαζω ὁπως εἰμι ὡς βελτιστος	plato
καλος οὐν ἀνα ἐγω ὁ βιος εἰμι ἐξερχομαι τηλικοσδε ἀνθρωπος ἀλλος ἐκ ἀλλος πολις ἀμειβω και ἐξελαυνω ζαω	plato
οὐ γαρ δοκεω συ ἀπολογεομαι μελεταω διαβιοω	xenophon
τιμαω οὐν τοσουτος ἐγγυηται δε συ εἰμι ὁ ἀργυριον οὑτος ἀξιοχρεως	plato
οὐ ὁραω τα ἀθηναιος δικαστηριον ὡς πολλακις μεν οὐδεν ἀδικεω λογος παραγω ἀποκτεινω πολλακις δε ἀδικεω ἠ ἐκ ὁ λογοω οἰκτιζω ἠ ἐπιχαρις εἰπον ἀπολυω	xenophon
και οὑτος μεν εἰμι ἐτι δημοκρατεομαι ὁ πολις	plato
ἀποκρινω εἰμι ἀνηρ και μη ἀλλος και ἀλλος θορυβεω	plato
το δʼ ἐν ὁ πολιορκια τους μεν ἀλλος οἰκτειρω ἑαυτου ἐμε δε μηδεν ἀπορος διαγω ἠ ὁστε τα μαλιστα ὁ πολις εὐδαιμονεω	xenophon
προς ἐμαυτον δʼ οὐν ἀπιων λογιζομαι ὁστις οὑτος μεν ὁ ἀνθρωπος ἐγω σοφωτερος εἰμι	plato
και εἰτε δη μηδεις αἰσθησις εἰμι ἀλλʼ οἱος ὑπνος ἐπειδαν τις καθευδω μηδʼ ὀναρ μηδεν ὁραω θαυμασιος κερδος ἀν εἰμι ὁ θανατοςἐγω γαρ ἀν οἰομαι εἰ τις ἐκλεγω δεω1 οὑτος την νυξ ἐν ἱημι οὑτως καταδαρθανω ὡστε μηδε ὀναρ εἰδον και τας ἀλλος νυξ τε και ἡμερος τας ὁ βιοω ὁ ἑαυτου ἀντιπαρατιθημι οὑτος ὁ νυκτι δεω1 σκεπτομαι εἰπον ποσος ἀμεινων και ἡδυς ἡμερος και νυξ οὑτος ὁ νυκτος βιοω ἐν ὁ ἑαυτου βιος οἰομαι ἀν μη ὁστις ἰδιωτης τις ἀλλα τον μεγας βασιλις εὐαριθμητος ἀν εὑρισκω αὐτον οὑτος προς τας ἀλλος ἡμερος και νυκταςεἰ οὐν τοιουτος ὁ θανατος εἰμι κερδος ἐγω λεγω1	plato
εἰ δε τις ἐγω φημι ἀλλος λεγω1 ἠ οὑτος οὐδεν λεγω1	plato
ὁ μεν μαλιστα εὐδοκιμεω ἐδοξαν ἐγω ὀλιγος δεω1 ὁ πλειστος ἐνδεω2 εἰμι ζητεω κατα τον θεος ἀλλος δε δοκεω φαυλος ἐπιεικης εἰμι ἀνηρ προς το φρονιμος ἐχω	plato
οὑτος δʼ εἰπων οὐ ψευδω ἀλλʼ ὁ νεανισκος ἡσθεις οἰνος οὐτε νυκτος οὐτε ἡμερος παυω πινω και τελος οὐτε ὁ ἑαυτου πολεω οὐτε ὁ φιλος οὐτε ἑαυτου ἀξιος οὐδενος γιγνομαι	xenophon
ἀλλα οὑτος πας ἐναντιος εὑρισκω εἰμι ἀνηρ πας ἐμοι βοηθεω ἑτοιμος ὁ διαφθειρω ὁ κακα ἐργαζομαι τους οἰκειοω αὐτος ὁς φημι μελητος και ἀνυτος	plato
ὡστε ἐγω ἐμαυτον ἀνερωταω ὑπερ ὁ χρησμος ποτερος δεικνυμι ἀν οὑτως ὡσπερ ἐχω ἐχω μητε τις σοφος ὠν την κενοω σοφια μητε ἀμαθης την ἀμαθια ἠ ἀμφοτερος ἁ ἐκεινος ἐχω ἐχω	plato
ὁ γαρ ἐμεω εἰ δη τις εἰμι σοφια και οἱος μαρτυς συ παρεχω τον θεον τον ἐν δελφοι	plato
κινδυνευω γαρ ἐγω το συμβεβηκος οὑτος ἀγαθον γιγνομαι και οὐ ἐσθʼ ὁπως ἐγω ὀρθοω ὑπολαμβανω ὁσος οἰομαι κακον εἰμι το θνησκω	plato
ἑρμογενης μεντοι ὁ ἱππονικος ἑταιρος τε εἰμι αὐτος και ἐξαγγελλω περι αὐτος τοιουτος ὡστε πρεπω φαινω την μεγαληγορια αὐτος ὁ διανοια	xenophon
νυνι δε συμβεβηκε ἐγω ὁ ὁραω και αὐτος ταυτι ὁ γε δη οἰομαι ἀνα τις και νομιζω ἐσχατος κακοω εἰμι	plato
συ δε εἰμι φιλτατος ἀπολλοδωρος μαλλον βουλομαι ἐγω ὁραω δικαιοω ἠ ἀδικος ἀποθνησκω	xenophon
ἐγω δʼ εἰμι ἀνηρ οὑτος και ἐνταυθα ἰσοω διαφερω ὁ πολυς ἀνθρωπος και εἰ δη τις σοφωτερος τις φημι εἰμι οὑτος ἀνα ὁστις οὐ εἰδως ἱκανοω περι ὁ ἐν ἁιδης οὑτως και οἰομαι οὐ οἰδα	plato
ὡστε θαυμαστον ἐγω δοκεω εἰμι ὁπως ποτε φαινω συ ὁ θανατοω ἐργνυμι ἀξιος ἐμοι ἐργαζομαι	xenophon
και γαρ εἰμι ἠδος ἐνταυθα ἐν ὁς μαλιστα ἀνθρωπος χρησμωιδεω ὁταν μελλω ἀποθνησκω	plato
ἰσοω γαρ ἀνα ἐγω οὑτος τιμαω	plato
ὡς ἐπος γαρ εἰπον ὀλιγος αὐτος ἁπας ὁ παρειμι1 ἀν βελτιων λεγω1 περι ὁς αὐτοι ποιεω	plato
ἐμε γαρ ἐκεινος ὁ ἀρχη οὐ ἐκπλησσω οὑτως ἰσχυρα εἰμι ὡστε ἀδικον τις ἐργαζομαι ἀλλʼ ἐπειδη ἐκ ὁ θολοω ἐξερχομαι ὁ μεν τεσσαρες οἰχομαι εἰς σαλαμις και ἀγω λεων ἐγω δε οἰχομαι ἀπιων οἰκαδε	plato
το δε δη μετα οὑτος ἐπιθυμεω συ χρησμωιδεω εἰμι καταψηφισαμενοι ἐγω	plato
ἐντευθεν οὐν ὁ ὑπʼ αὐτος ἐξεταζω ἐμοι ὀργιζω οὐ ἑαυτου και λεγω1 ὡς σωκρατης τις εἰμι μιαρος και διαφθειρω τους νεος	plato
και εἰ μεν τις ἀπο οὑτος ἀπολαυω και μισθον λαμβανω οὑτος παρακελευομαι ἐχω ἀνα τις λογος	plato
καιτοι ἀληθης γε ὡς ἐπος εἰπον οὐδεν ἐρω	plato
και γαρ ὁ φιλοω πολυς δη ἐξαγγελλω τα ὁ θεαομαι συμβουλευμα οὐδεπωποτε ψευδω φαινω	xenophon
οὑτος ἐγω συ οὐ πειθω εἰμι μελω οἰομαι δε οὐδε ἀλλος ἀνθρωπος οὐδεις	plato
ἁ δη πολλους και ἀλλος και ἀγαθους ἀνηρ αἱρεω οἰομαι δε και αἱρεω	plato
ὁ δε και ἐν ὁ ἐμπροσθεν λεγω1 ὁστις πολυς ἐγω ἀπεχθεια γιγνομαι και προς πολυς εὐ οἰδα ὁστις ἀληθης εἰμι	plato
ἐπειδη δε ὀλιγαρχια γιγνομαι ὁ τριακοντα αὐ2 μεταπεμψαμενοι ἐγω πεμπτος αὐτον εἰς την θολος προστασσω ἀγω ἐκ σαλαμις λεων τον σαλαμινιος ἱνα ἀποθνησκω οἱος δη και ἀλλος ἐκεινος πολυς πολλα προστασσω βουλομαι ὡς πλειστος ἀναπιμπλημι αἰτια	plato
ἀλλʼ εἰμι μελω οὐ εἰμι ὁπως συ οὑτος οὐχι ἀποπειραομαι ἐγω γραφω την γραφην οὑτος ἠ ἀπορεω ὁστις ἐγκαλεω ἐμοι ἀληθες ἀδικημα	plato
εὐηνος φημι εἰμι σωκρατης παριος πεντε μνα	plato
ἠ γαρ οἱος μηδεν εἰμι μηδε αἰσθανομαι μηδεις μηδενος ἐχω τον θνησκω ἠ κατα τα λεγω1 μεταβολη τις τυγχανω εἰμι και μετοικησις ὁ ψυχω ὁ τοπος ὁ ἐνθενδε εἰς ἀλλος τοπος	plato
ὁ μεν γαρ συ ποιεω εὐδαιμων δοκεω εἰμι ἐγω δε εἰμι και ὁ μεν τρεφω οὐδεν δεομαι ἐγω δε δεω1	plato
ὁμοω οὑτος μεν εἰμι ὁπη ὁ θεαω φιλος ὁ δε νομος πειστεος και ἀπολογητεον	plato
δια οὑτος και ἐμε οὐδαμος ἀποτρεπω το σημειον και ἐγω ὁ καταψηφιζομαι ἐγω και ὁ κατηγορος οὐ πανυ χαλεπαινω	plato
ὡς δε αἰσθανομαι ἀρον τους παρεπομαι δακρυω τις οὑτος	xenophon
ὡς δʼ αὐ2 ταυτʼ ἀκουω ὁ δικασται ἐτι μαλλον ἐοικοτως θορυβεω αὐθις εἰπον τον σωκρατης	xenophon
ἐννοεω δε και ὁδε ὡς πολλη ἐλπις εἰμι ἀγαθον αὐτο εἰμι	plato
ἐπει δε οὑτος ἀκουω ὁ δικασται θορυβεω ὁ μεν ἀπιστεω ὁ λεγω1 ὁ δε και φθονεω εἰ και παρα θεαω μεγας ἠ αὐτοι τυγχανω παλιν εἰπον τον σωκρατης	xenophon
ἀπολογητεον δη εἰμι ἀνηρ ἀθηναιος και ἐπιχειρητεον συ ἐξαιρεω την διαβολην ἡν συ ἐν πολυς χρονος ἐχω οὑτος ἐν οὑτως ὀλιγος χρονος	plato
οὑτος εἰμι ἀνηρ ἀθηναιος και ἀληθης εἰμι και εὐελεγκτος	plato
και ἰσοω ἀν δια οὑτος ἀποθνησκω εἰ μη ὁ ἀρχη δια ταχυς καταλυω	plato
ὁστις μεν συ εἰμι ἀνηρ ἀθηναιος πασχω ὑπο ὁ ἐμεω κατηγορος οὐ οἰδα	plato
λεγω1 οὐν ἐγω τις εἰμι ἱνα μη ἐγω περι σευω αὐτοσχεδιαζω	plato
εἰ μη συ βουλομαι ἀποκρινω ἐγω σοι λεγω1 και ὁ ἀλλος οὑτος	plato
ὁμοω δε δη λεγω1 ἐγω πως ἐγω φῃς διαφθειρω εἰμι μελω τους νεος	plato
και μεντοι και πανυ εἰμι ἀνηρ ἀθηναιος οὑτος συ δεω1 και παριημι	plato
ὁδε τους νεος παιδευω οἱοι συ εἰμι και βελτιοω ποιεω	plato
και γαρ οὑτος αὐτο το ὁ ὁμηρος οὐδʼ ἐγω ἀπο δρυος οὐδʼ ἀπο πετρα φυω ἀλλʼ ἐκ ἀνθρωπος ὡστε και οἰκειοι ἐγω εἰμι και υἱος γε εἰμι ἀνηρ ἀθηναιος τρεω εἱς μεν μειρακιον ἠδος δυο δε παιδια	plato
ἀναιρεω οὐν ὁ πυθιος μηδεις σοφος εἰμι	plato
οὑτος γαρ ὁραω και αὐτοι ἐν ὁ ἀριστοφανης κωμωιδια σωκρατης τινα ἐκει περιφερω φασκοντα τε ἀεροβατεω και ἀλλος πολλην φλυαρια φλυαρεω ὁς ἐγω οὐδεν οὐτε μεγας οὐτε μικρον περι ἐπαϊω	plato
μαλιστα δε αὐτος ἑν θαυμαζω ὁ πολυς ὁς ψευδω οὑτος ἐν ὁς λεγω1 ὡς χραω2 συ εὐλαβεομαι μη ὑπʼ ἐμεω ἐξαπαταω ὡς δεινος εἰμι λεγω1	plato
τους υἱος ἐγω ἐπειδαν ἡβαω τιμωρεω εἰμι ἀνηρ ταὐτα οὑτος λυπεω ὁ ἐγω συ λυπεω ἐαν συ δοκεω ἠ χρημα ἠ ἀλλος τις προτερος ἐπιμελεομαι ἠ ἀρεταω και ἐαν δοκωσι τις εἰμι μηδεν εἰμι ὀνειδιζω αὐτος ὡσπερ ἐγω συ ὁστις οὐ ἐπιμελεομαι ὁς δεω1 και οἰονται τις εἰμι εἰμι οὐδενος ἀξιος	plato
εἰ οὐν συ ὁ δοκεω διαφερω εἰτε σοφια εἰτε ἀνδρεια εἰτε ἀλλος ὁστις ἀρεταω τοιουτος εἰμι αἰσχρον ἀν εἰμι	plato
πινω ὁ διαβολη συ οὑτος γιγνομαι	plato
εὐ γαρ οἰδα ἐαν ἐγω ἀποκτεινω τοιουτος εἰμι οἱος ἐγω λεγω1 οὐ ἐμε μεγας βλαπτω ἠ συ αὐτος	plato
και δη και ὁ νεω οὑτος παρʼ ἐμεω μανθανω ἁ ἐξεστι ἐνιοτε εἰ πανυ πολυς δραχμη ἐκ ὁ ὀρχηστρα πριαμαι σωκρατης καταγελαω ἐαν προσποιεω ἑαυτου εἰμι ἀλλος τε και οὑτως ἀτοπος εἰμι	plato
οὑτος δε αἰτιον εἰμι ὁ συ ἐμεω πολλακις ἀκουω πολλαχου λεγω1 ὁστις ἐγω θειον τις και δαιμοναω γιγνομαι φωνη ὁ δη και ἐν ὁ γραφω ἐπικωμῳδεω μελητος γραφω	plato
ἀκουω δη ἐγω τα συμβαινω ἱνα οἰδα ὁστις οὐδʼ ἀν ἑνι ὑπεικω παρα το δικαιος δειδω θανατος μη ὑπεικω δε ἀλλα κἀν ἀπολλυμι	plato
ἀλλα δια τις δη ποτε μετʼ ἐμεω χαιρουσι τις πολυν χρονος διατριβω	plato
μαρτυς δε αὐ2 συ τους πολλους παρεχω και ἀξιοω συ ἀλληλων διδασκω τε και φραζω ὁσος ἐμεω πωποτε ἀκουω διαλεγομενουπολλοι δε συ ὁ τοιουτοι εἰμι φραζω οὐν ἀλληλων εἰ πωποτε ἠ μικρον ἠ μεγας ἠκουσε τις συ ἐμεω περι ὁ τοιουτος διαλεγω και ἐκ οὑτος γιγνωσκω ὁστις τοιαυτʼ ἐστι και ἀλλος περι ἐμεω ἁ ὁ πολλοι λεγω1	plato
και οὑτος περι ὁ ἀδελφος συ αὐτος οὑτοσι μαρτυρεω ἐπειδη ἐκεινος τελευταω	plato
εἰ οὐν δεω1 ἐγω κατα το δικαιος ὁ ἀξιος τιμαω οὑτος τιμαω ἐν πρυτανειον σιτησις	plato
ἀπειμι2 οὐν και ἐντευθεν ὁ αὐτος οἰομαι περιγιγνομαι ὁς και ὁ πολιτικος	plato
ἀν δε αἰσθανομαι χειροω γιγνομαι και καταμεμφομαι ἐμαυτου πως ἀνα εἰπον ἐγω ἐτι ἀν ἡδυς βιοτευω	xenophon
ἐπι ποσος δʼ ἀνα τις εἰμι ἀνηρ δικαστης δεικνυμι ἐξεταζω τον ἐπι τροια ἀγω την πολλην στρατιαν ἠ ὀδυσσευς ἠ σισυφος ἠ ἀλλος μυριος ἀνα τις εἰπον και ἀνηρ και γυνη ὁς ἐκει διαλεγω και συνιημι και ἐξεταζω ἀμηχανος ἀν εἰμι εὐδαιμονια	plato
ἀλλʼ οὐτε τοτε οἰομαι δεω1 ἑνεκα ὁ κινδυνος πρασσω οὐδεν ἀνελευθερος οὐτε νυν ἐγω μεταμελομαι οὑτως ἀπολογεομαι ἀλλα πολυ μαλλον αἱρεω ὡδε ἀπολογεομαι θνησκω ἠ κενοω ζαω	plato
ὁσπερ γαρ ἡδιστον εἰμι οἰδα ὁσιος ἐγω και δικαιοω ἁπας τον βιοω βιοω	xenophon
συ γαρ ὡς φιλος εἰμι ἐπιδεικνυμι ἐθελω το νυνι ἐγω συμβεβηκος τις ποτε νοεω	plato
και τυγχανω ἐγω ὁ φυλη Ἀντιοχις πρυτανευω ὁστε συ τους δεκαω στρατηγους τους οὐ ἀναιρεω τους ἐκ ὁ ναυμαχια βουλευω ἀθροος κρινω παρανομος ὡς ἐν ὁ ὑστερος χρονος πας συ δοκεω	plato
ὁμοω δε συ μηδε ταυτʼ εἰκαζω πιστευω ὁ θεαω ἀλλα καθʼ ἑν ἑκαστος ἐπισκοπεω ὁς εἰπον ὁ θεος	xenophon
ὁ τε γαρ ἀλλος εὐδαιμονεστεροι εἰμι ὁ ἐκει ὁ ἐνθαδε και ἠδος τον λοιπον χρονος ἀθανατοι εἰμι εἰπερ γε τα λεγω1 ἀληθης	plato
και ἐπειδαν ἐγω μη δοκεω ὁ θεαω βοηθεω ἐνδεικνυμι ὁστις οὐ εἰμι σοφος	plato
τον δε λεγω1 καταψαω αὐτος την κεφαλην εἰπον	xenophon
βροντας δε ἀμφιλεγω τις ἠ μη φωνεω ἠ μη μεγας οἰωνιστηριον εἰμι	xenophon
ἐοικα γουν οὑτος γε μικρος τις αὐτος οὑτος σοφος εἰμι ὁστις ἁ μη οἰδα οὐδε οἰομαι οἰδα	plato
και ἐγω ἁμα οὐ ἐθιζω ἐμαυτον ἀξιοω κακοω οὐδεις	plato
ὁμοιοω γαρ ἀν ἀτοπος εἰμι ὡσπερ ἀν εἰ τις ἱππος μεν παις ἡγεομαι ἠ και ὀνος τους ἡμιονος ἱππος δε και ὀνος μη ἡγεομαι εἰμι	plato
ὁ δε ἀποψηφιζομαι ἡδυς ἀν διαλεγω ὑπερ ὁ γιγνομαι τουτουϊ πραγμα ἐν ὁς ὁ ἀρχω ἀσχολια ἀγω και οὐπω ἐρχομαι ὁ ἐρχομαι ἐγω δεω1 θνησκω	plato
οἱος ἐγω πολλακις ἑωρακα τις ὁταν κρινω δοκεω μεν τις εἰμι θαυμασιος δε ἐργαζομαι ὡς δεινος τις οἰομαι πασχω εἰ ἀποθνησκω ὡσπερ ἀθανατος εἰμι ἀν συ αὐτους μη ἀποκτεινω	plato
ἐαν γαρ λεγω1 ὁστις ὁ θεαω ἀπειθεω τουτʼ ἐστιν και δια τουτʼ ἀδυνατος ἡσυχια ἀγω οὐ πεισεσθε ἐγω ὡς εἰρωνευομαι	plato
τις δη λεγω1 διαβαλλω ὁ διαβαλλω	plato
οὐ γαρ δη ἐγω αὐτην ἐφιστημι ἀλλʼ ὁστις φησι ψευδεται τε και ἐπι διαβολη ὁ ἐμεω λεγω1	plato
ὁ γαρ εἰωθυια ἐγω μαντικη ὁ ὁ δαιμονιος ἐν μεν ὁ προσθεν χρονος παντι πανυ πυκνη ἀει εἰμι και πανυ ἐπι μικρος ἐναντιοομαι εἰ τις μελλω μη ὀρθοω πρασσω	plato
το γαρ μη αἰσχυνω ὁστις αὐτικα ὑπʼ ἐμεω ἐξελεγχω ἐργον ἐπειδαν μηδʼ ὁπωσουν φαινω δεινος λεγω1 τουτο ἐγω δοκεω αὐτος ἀναισχυντος εἰμι εἰ μη ἀρον δεινον καλεω οὑτος λεγω1 τον ἀληθης λεγω1	plato
οὐ οἰδα ὁστις μεχρι μεν ὁδε οὐδενι ἀνθρωπος ὑφιημι ἀν βελτιων ἐμεω βιοω	xenophon
ὀρθοω δε ὁ θεοι τοτε ἐγω ἐναντιοομαι φαινω αὐτος ὁ ὁ λογοω ἐπισκεπτομαι ὁστε δοκεω ἐγω ζητητης εἰμι ἐκ παντος τροποω τα ἀποφευκτικος	xenophon
ἐπει και τουτο γε ἐγω δοκεω καλον εἰμι εἰ τις οἱος τʼ εἰμι παιδευω ἀνθρωπος ὡσπερ γοργιης τε ὁ Λεοντινος και προδικος ὁ κεως και ἱππιος ὁ ἠλειος	plato
προτερος μεν οὐν δικαιος εἰμι ἀπολογεομαι εἰμι ἀνηρ ἀθηναιος προς τα πρωτα ἐγω ψευδης κατηγορεω και τους προτερος κατηγορος ἐπειτα δε προς τα ὑστερος και τους ὑστερος	plato
οὐτε γαρ ἐν δικειν οὐτʼ ἐν πολεμος οὐτʼ ἐμε οὐτʼ ἀλλος οὐδεις δεω1 οὑτος μηχαναομαι ὁπως ἀποφευγω πας ποιεω θανατος	plato
ἀλλα μεγας μεν εἰμι ἀνηρ εἰπον ὁ θεος ἐν χρησμος περι λυκουργος ὁ λακεδαιμονιος νομοθετεω ἠ περι ἐμεω	xenophon
εἰμι δη νυν εἰπε οὑτος τις αὐτους βελτιοω ποιεω	plato
και γαρ οὑτος λεγω1 μεν πολλα και καλος οἰδα δε οὐδεν ὁς λεγω1	plato
ἀναλαμβανω οὐν αὐτος τα ποιημα ὁ ἐγω δοκεω μαλιστα πραγματευομαι αὐτος διερωταω ἀν αὐτους τις λεγω1 ἱνʼ ἁμα τις και μανθανω παρʼ αὐτος	plato
ἀλλʼ εἰμι ἀνηρ τους μεν διδασκω τους μαρτυς ὡς χρη ἐπιορκεω καταψευδομαρτυρεω ἐμεω και τους πειθω οὑτος ἀναγκη ἐστι πολλην ἑαυτου συνοιδα ἀσεβεια και ἀδικια	xenophon
σκεπτομαι δη ὁς ἑνεκα οὑτος λεγω1	plato
ἐσθʼ ὁστις ἱππος μεν οὐ νομιζω ἱππικα δε πραγμα	plato
πειθω ἐγω ἑκων εἰμι μηδεις ἀδικεω ἀνθρωπος ἀλλα συ οὑτος οὐ πειθω	plato
καιτοι ἐν ἀλλος λογος πολλαχου δη ἐγω ἐπωχατο λεγω1 μεταξυ	plato
ἀλλα γαρ εἰμι ἀνηρ ἀθηναιος ὡς μεν ἐγω οὐ ἀδικεω κατα την μελητος γραφης οὐ πολυς ἐγω δοκεω εἰμι ἀπολογια ἀλλα ἱκανα και οὑτος	plato
οὐκουν εἰπον τον σωκρατης θαυμαστον και τουτο συ δοκεω εἰμι το ἐν μεν ὁ ἀλλος πραξις μη μονος ἰσομοιρια τυγχανω τους κρατιστος ἀλλα και προτιμαω ἐμε δε ὁστις περι ὁ μεγας ἀγαθος ἀνθρωπος περι παιδεια βελτιστος εἰμι ὑπο τις προκρινω οὑτος ἑνεκα θανατοω ὑπο σευω διωκω	xenophon
πλεως εἰμι συ ὁ ἐλεγχω οὑς νυν ἐγω κατεχω συ δε οὐ αἰσθανομαι	plato
τον μεν γαρ διαφθειρω ἐξευρισκω ὡς φημι ἐγω εἰσαγω τουτοισι και κατηγορεω	plato
οὑτος λεγω1 ὡς το παραπαν οὐ νομιζω θεος	plato
οὑτος δε ὁ ἐγκλημα ἑν ἑκαστος ἐξεταζω	plato
οὐ αὐθαδιζομαι εἰμι ἀνηρ ἀθηναιος οὐδʼ συ ἀτιμαζω ἀλλʼ εἰ μεν θαρσαλεος ἐγω ἐχω προς θανατος ἠ μη ἀλλος λογος προς δʼ οὐν δοκεω και ἐμοι και συ και ὁλοξ ὁ πολεω οὐ ἐγω δοκεω καλον εἰμι ἐμε οὑτος οὐδεν ποιεω και τηλικοσδε εἰμι και οὑτος ὀνομα ἐχω εἰτʼ οὐν ἀληθες εἰτʼ οὐν ψευδος ἀλλʼ οὐν δοκεω γε εἰμι τις σωκρατης διαφερω ὁ πολυς ἀνθρωπος	plato
ἐγω γαρ δη οὐτε μεγας οὐτε σμικρον συνοιδα ἐμαυτου σοφος εἰμι	plato
ἐμαυτου γαρ συνοιδα οὐδεν ἐφιστημι ὡς ἐπος εἰπον οὑτος δε γʼ οἰδα ὁστις εὑρισκω πολλα και καλα ἐφιστημι	plato
ἁτε οὐν οἰομαι φιλοτιμος εἰμι και σφοδροι και πολυς και συντεινω και πιθανος λεγω1 περι ἐμεω ἐμπιπλημι συ τα ἀτη και παλλω και σφοδρος διαβαλλω	plato
ἐμε δε θεαω μεν οὐ εἰκαζω ἀνθρωπος δε πολυς προκρινω ὑπερφερω	xenophon
ἀλλος δε ἀρον αὐτας φερω ῥαιδιος	plato
κενοω δε τις φημι αἰτεω εἰμι ὁ πας οἰδα ὁστις ἐγω ἡκιστʼ ἀν ἐχω χρημα ἀντιδιδωμι ὁμοω πολλους ἐπιθυμεω ἐγω τις δωρεομαι	xenophon
το δε τους ἀλλος μεν τας εὐπαθεια ἐκ ὁ ἀγοραζω πολυτελης ποριζω ἐμε δε ἐκ ὁ ψυχη ἀνω1 δαπαναω ἡδυς κενοω μηχαναομαι	xenophon
ἀλλʼ εἰμι προς ζευς οὑτωσι συ δοκεω	plato
ἐτι γαρ και νυν πολυ καλος ὑμνος παρεχω ὀδυσσευς ὁ ἀδικος ἀποκτεινω αὐτος	xenophon
και πολυν μεν χρονος ἀπορεω τις ποτε λεγω1	plato
ἀνυτος μεν δη δια την ὁ υἱος πονηραν παιδεια και δια την ἑαυτου ἀγνωμοσυνη ἐτι και τετελευτηκως τυγχανω κακοδοξια	xenophon
και οὐ ὡς ἀτιμαζω λεγω1 την τοιουτος ἐπιστημη εἰ τις περι ὁ τοιουτος σοφος ἐστινμη πως ἐγω ὑπο μελητος τοσουτος δικη φευγω ἀλλα γαρ ἐμοι οὑτος εἰμι ἀνηρ ἀθηναιος οὐδεν μετειμι1	plato
δοκεω γαρ οἰδα ἐστιν ἁ οὐ οἰδα	plato
ταυτʼ οὐν ἐγω μεν ἐτι και νυν περιιων ζητεω και ἐρευναω κατα τον θεον και ὁ ἀστος και ξενοω ἀνα τις οἰομαι σοφον εἰμι	plato
ἐπει γαρ γιγνωσκω ὁ ἐτι ζαω το θνησκω αὐτος κρεισσων εἰμι ὡσπερ οὐδε προς ἀλλος τἀγαθα προσαντης εἰμι οὐδε προς τον θανατος μαλακιζομαι ἀλλʼ ἱλαρος και προσδεχομαι αὐτον και ἐπιτελεω	xenophon
και ταυτα γε ἀγαθον τοιουτος ὁστις ἀν πρεπω ἐγω	plato
οὐ γαρ εἰμι ὁστις ἀνθρωπος σωζω οὐτε συ οὐτε ἀλλος πληθω οὐδενι γνησιος ἐναντιοομαι και διακωλυω πολλα ἀδικος και παρανομος ἐν ὁ πολεω γιγνομαι ἀλλʼ ἀναγκαιον εἰμι τον ὁ εἰμι συμμαχεω ὑπερ ὁ δικαιοω και εἰ μελλω ὀλιγος χρονος σωζω ἰδιωτευω ἀλλα μη δημοσιευω	plato
λεγω1 γαρ εἰς τον ναον εἰσειμι προσειπον αὐτος	xenophon
προς δε μελω τον ἀγαθον και φιλοπολις ὁς φημι και τους ὑστερος μετα οὑτος πειραω ἀπολογεομαι	plato
ἐπει ὡς οἰομαι εἰ εἰμι συ νομος ὡσπερ και ἀλλος ἀνθρωπος περι θανατοω μη εἱς ἡμερος μονος κρινω ἀλλα πολυς πειθω ἀνα	plato
ἐπειτα οἰομαι εὑρισκω πολλην ἀφθονια οἰομαι μεν οἰδα τις ἀνθρωπος οἰδα δε ὀλιγος ἠ οὐδεις	plato
η αὐτον οἰομαι φροντιζω θανατοω και κινδυνος	plato
εἰ μεν οὐν οὑτος λεγω1 διαφθειρω τους νεος ταυτʼ ἀν εἰμι βλαβερος	plato
κινδυνευω μεν γαρ ἐγω οὐδετερος οὐδεν καλον κἀγαθον οἰδα ἀλλʼ οὑτος μεν οἰεται τις οἰδα οὐ οἰδα ἐγω δε ὡσπερ οὐν οὐ οἰδα οὐδε οἰομαι	plato
ἀν γαρ νυν κατακρινω ἐγω δηλος ὁστις ἐξεστι ἐγω ὁ τελευταω χραω1 ἡ ῥαιδιος μεν ὑπο ὁ οὑτος ἐπιμελεομαι κρινω ἀπραγμων δε ὁ φιλος πλειστος δε ποθος ἐμποιεω ὁ τελευταω	xenophon
νυν δε οὐ γαρ εἰμι εἰ μη ἀρον ὁσος ἀν ἐγω δυναμαι ἐκτινω τοσουτος βουλεσθε ἐγω τιμαω	plato
ἐαν δια ὁ αὐτος λογαω ἀκουητε ἐγω ἀπολογεομαι διʼ ὁς ἐθω λεγω1 και ἐν ἀγοραζω ἐπι ὁ τραπεζοω ἱνα συ πολλοι ἀκουω και ἀλλοθι μητε θαυμαζω μητε θορυβεω οὑτος ἑνεκα	plato
ὡστε φημι αὐτον ἐπι ὁ δουλοπρεπης διατριβω ἡν ὁ πατηρ αὐτος παρασκευαζω οὐ διαμενω	xenophon
ὡσπερ οὐν ἀνα εἰ ὁ εἰμι ξενος τυγχανω εἰμι συγγιγνωσκω δηπου ἀνα ἐγω εἰ ἐν ἐκεινος ὁ φωνεω τε και ὁ τροπος λεγω1 ἐν ὁς τρεφω και δη και νυν οὑτος συ δεω1 δικαιος ὁς γε ἐγω δοκεω τον μεν τροπος ὁ λεξις ἐανἰσως μεν γαρ χειροω ἰσοω δε βελτιοω ἀν εἰηαὐτο δε οὑτος σκοπαω και οὑτος τον νεω προσεχω εἰ δικαιος λεγω1 ἠ μη	plato
εὐ μεντοι οἰδα πας συ την ἀληθεια ἐρω	plato
και ἐγω μη ἀχθομαι λεγω1 ἀληθης	plato
ἀλλʼ ἐκεινος δεινος εἰμι ἀνηρ οἱ συ τους πολλους ἐκ παις παραλαμβανω ἐπειθον τε και κατηγορεω ἐμεω μαλλον οὐδεν ἀληθης ὡς εἰμι τις σωκρατης σοφος ἀνηρ ὁ τε μετεωρος φροντιστης και τα ὑπο γαια πας ἀνεζητηκως και τον ἡσσων λογος κρεισσων ποιεω	plato
ὁ μεν βελτιοω ποιεω αὐτους πας ἀνθρωπος εἰμι εἱς δε τις ὁ διαφθειρω	plato
νυν δε ὡς ἐοικα εἰ τριακοντα μονος μεταπιπτω ὁ ψηφος ἀποφευγω ἀνα	plato
ἐκ ταυτησι δη ὁ ἐξετασις εἰμι ἀνηρ ἀθηναιος πολλαι μεν ἀπεχθειαι ἐγω γιγνομαι και οἱος χαλεπος και βαρυς ὡστε πολλας διαβολας ἀπʼ αὐτος γιγνομαι ὀνομα δε οὑτος λεγω1 σοφος εἰμι	plato
συ δε ὁσπερ κατʼ ἀρχας συ παραιτεομαι μεμνησθε ἐγω μη θορυβεω ἐαν ἐν ὁ ἐθω τροπος τους λογοω ποιεω	plato
ἀλλα γαρ εἰμι μελω ἱκανοω ἐπιδεικνυμι ὁστις οὐδεπωποτε φροντιζω ὁ νεω και σαφης ἀποφαινω την σαυτου ἀμελεια ὁστις οὐδεις συ μελω περι ὁς ἐμε εἰσαγω	plato
και ἀλλος πολλους ἐγω ἐχω συ εἰπον ὁς τις χρη μαλιστα μεν ἐν ὁ ἑαυτου λογος παρεχω μελω μαρτυς	plato
ὡσπερ οὐν κατηγορος την ἀντωμοσια δεω1 ἀναγιγνωσκω αὐτος	plato
ἐγω δʼ οὐν και αὐτος ὑπʼ αὐτος ὀλιγος ἐμαυτου ἐπιλανθανομαι οὑτως πιθανος λεγω1	plato
καιτοι οὐ αἰσχρος συ δοκεω εἰμι και ἱκανον τεκμηριον ἱημι δη ἐγω λεγω1 ὁστις συ οὐδεν μελω	plato
οὐ γαρ ἐμον ἐρω τον λογος ὁν ἀν λεγω1 ἀλλʼ εἰς ἀξιοχρεως συ τον λεγω1 ἀναφερω	plato
εἰ δε τις ὁ ἀρεταω ἐφιημι ὠφελιμος τινι σωκρατης συγγιγνομαι ἐκεινος ἐγω τον ἀνηρ ἀξιομακαριστος νομιζω	xenophon
ὁραω εἰμι μελω ὁστις σιγαω και οὐ ἐχω εἰπον	plato
και οἰδα δη οἱος εἰμι χαιρεφων ὡς σφοδρος ἐφʼ ὁστις ὁρμαω	plato
ἀγω δη ἀκουω και ἀλλος ἱνα ἐτι μαλλον ὁ βουλομαι συ ἀφιστημι ὁ ἐμε τιμαω ὑπο δαιμοναω	xenophon
προτερος μεν γαρ κελευω ὑποτιμαομαι οὐτε αὐτος ὑποτιμαομαι οὐτε τους φιλοω ἐαω ἀλλα και λεγω1 ὁστις το ὑποτιμαομαι ὁμολογεω εἰμι ἀδικεω	xenophon
ἐμοι δε οὑτος ὡς ἐγω φημι προστασσω ὑπο ὁ θεαομαι πρασσω και ἐκ μαντειος και ἐκ ἐνυπνιος και παντι τροπος ᾡπερ τις ποτε και ἀλλος θειης μοιρα ἀνθρωπος και ὁτιουν προστασσω πρασσω	plato
εἰ γαρ τις ἀφικνεομαι εἰς ἁιδης ἀπαλλαγεις τουτωνι ὁ φασκω δικαστης εἰμι εὑρισκω τους ὡς ἀληθης δικαστης ὁ και λεγω1 ἐκει δικαζω μινως τε και Ῥαδαμανθυς και Αἰακος και τριπτολεμος και ἀλλος ὁσος ὁ ἡμιθεος δικαιος γιγνομαι ἐν ὁ ἑαυτου βιος αἰρω φαυλος ἀν εἰμι ὁ ἀποδημια	plato
ἰσοω οὐν συ και ταυτι λεγω1 παραπλησιος δοκεω λεγω1 ὡσπερ περι ὁ οἰκτος και ὁ ἀντιβολησις ἀπαυθαδιζομαι	plato
αἰσχυνω οὐν συ εἰπον εἰμι ἀνηρ ἀληθης	plato
ὡς δε οὑτος οὑτως ἐχω πειραω και συ ἐπιδεικνυμι	plato
και δη ποτε και εἰς Δελφους ἐλθων τολμαω οὑτος μαντευσασθαικαι ὁσπερ λεγω1 μη θορυβεω εἰμι ἀνδρεςἠρετο γαρ δη εἰ τις ἐμεω εἰμι σοφος	plato
εὐ γαρ οἰδα εἰμι ἀνηρ ἀθηναιος εἰ ἐγω παλλω ἐπιχειρεω πρασσω τα πολιτικα πραγμα παλλω ἀν ἀπολλυμι και οὐτʼ ἀν συ ὠφελεω οὐδεν οὐτʼ ἀν ἐμαυτου	plato
εἰμι ὁστις ἀνθρωπος εἰμι μελω ἀνθρωπειος μεν νομιζω πραγματʼ εἰμι ἀνθρωπος δε οὐ νομιζω	plato
μετα γαρ τους πολιτικους εἰμι ἐπι τους ποιητας ὁ τε ὁ τραγωιδια και τους ὁ διθυραμβος και τους ἀλλος ὡς ἐνταυθα ἐπʼ αὐτοφωρος καταλαμβανω ἐμαυτον ἀμαθης κενοω εἰμι	plato
και οὑτως καταφρονεω ὁδε και οἰομαι αὐτους ἀπειρος γραμμα εἰμι ὡστε οὐ οἰδα ὁστις τα ἀναξαγορης βιβλιον ὁ κλαζομενιος γεμω οὑτος ὁ λογαω	plato
τουτʼ εἰμι ὁ ἐγω ἐναντιοομαι τα πολιτικα πρασσω και παγκαλος γε ἐγω δοκεω ἐναντιοομαι	plato
ἠ αὐ2 ὀρφευς συγγιγνομαι και μουσαιος και ἡσιοδος και ὁμηρος ἐπι ποσος ἀνα τις δεξαιτʼ ἀν συ	plato
φημι γαρ εἰμι ἀνηρ οἱ ἐμε ἀποκτεινω τιμωρια συ ἡκω εὐθυς μετα τον ἐμον θανατος πολυ χαλεπος νη διος ἠ οἱος ἐμε ἀποκτεινω	plato
ὁ γαρ ἀκουω ἡγεομαι τους οὑτος ζητεω οὐδε θεους νομιζω	plato
παντως οὐ δηπου οὑτος γε ἑνεκα ὁ ἐκει ἀποκτεινω	plato
ἀλλʼ εἰμι ἀνηρ ἀθηναιος ταὐτος ἐγω δοκεω ἐχω ἁμαρτημα ὁσπερ και ὁ ποιηται και ὁ ἀγαθοι δημιουργοιδια το την τεχνη καλος ἐξεργαζομαι ἑκαστος ἀξιοω και ἀλλος τα μεγας σοφος εἰναικαι αὐτος οὑτος ὁ πλημμελεια ἐκεινος την σοφια ἀποκρυπτω	plato
οὐκουν εἰπερ δαιμων ἡγεομαι ὡς συ φημι εἰ μεν θεος τις εἰμι ὁ δαιμων τουτʼ ἀν εἰμι ὁ ἐγω φημι συ αἰνισσομαι και χαριεντιζομαι θεους οὐ ἡγεομαι φαινω ἐγω θεους αὐ2 ἡγεομαι παλιν ἐπει γε δαιμων ἡγεομαι	plato
ἀλλα μεντοι και το προοιδα γε τον θεον το μελλω και το προσημαινω ὁς βουλομαι και οὑτος ὡσπερ ἐγω φημι οὑτως πας και λεγω1 και νομιζω	xenophon
και ἰσοω μεν δοκεω τισιν συ παιζω	plato
νυν δε εἰ ἐτι προβαινω ὁ ἡλικια οἰδʼ ὁστις ἀναγκη εἰμι τα ὁ γηρας ἐπιτελεω και ὁραω τε χειρων και ἀκουω ἡσσων και δυσμαθης εἰμι και ὁς μανθανω ἐπιλησμων	xenophon
ἐμοι δε οὐτε ἐξειμι2 ἑωθεν οἰκοθεν ἐναντιοομαι το ὁ θεαομαι σημειον οὐτε ἡνικα ἀναβαινω ἐνταυθοι ἐπι το δικαστηριον οὐτε ἐν ὁ λογος οὐδαμος μελλοντι τις ἐρω	plato
προς δε οὑτος ὁ νεω ἐγω ἐπακολουθουντεςοἱς μαλιστα σχολη εἰμι ὁ ὁ πλουσιωτατωναὐτοματοι χαιρω ἀκουω ἐξεταζω ὁ ἀνθρωπος και αὐτοι πολλακις ἐμε μιμεομαι εἰτα ἐπιχειρεω ἀλλος ἐξεταζω	plato
ἐμοι μεν οὐν δοκεω θεοφιλης μοιραω τυγχανω	xenophon
μη οὐν ἀξιουτε ἐγω εἰμι ἀνηρ ἀθηναιος τοιουτος δεω1 προς συ πρασσω ἁ μητε ἡγεομαι καλα εἰμι μητε δικαιος μητε ὁσιος ἀλλος τε μεντοι νη διος παντως και ἀσεβεια φευγω ὑπο μελητος τουτουϊ	plato
λεγω1 δε και ὁδε προς τους αὐτους οὑτος	plato
μελλω γαρ συ διδασκω ὁθεν ἐγω ὁ διαβολη γιγνομαι	plato
προς αὐτος τοινυν εἰμι μελω οὑτος ὁ θεαω ὁς νυν ὁ λογος εἰμι εἰπε ἐτι σαφης και ἐμοι και ὁ ἀνηρ οὑτος	plato
καιτοι οὐ οὑτος ὁ διανοια κατεψηφιζοντο ἐγω και κατηγορεω ἀλλʼ οἰομαι βλαπτω	plato
δηλος γαρ ὁστις ἐαν μανθανω παυω ὁ γε ἀεκων ποιεω	plato
εἰ δʼ αὐ2 οἱος ἀποδημησαι εἰμι ὁ θανατος ἐνθενδε εἰς ἀλλος τοπος και ἀληθης εἰμι τα λεγω1 ὡς ἀρον ἐκει εἰμι πας ὁ θνησκω τις μεγας ἀγαθον οὑτος εἰμι ἀνα εἰμι ἀνηρ δικαστης	plato
και ἐπειδαν τις αὐτους ἐρωταω ὁστις ποιεω και ὁστις διδασκω ἐχω μεν οὐδεν εἰπον ἀλλʼ ἀγνοεω ἱνα δε μη δοκεω ἀπορεω τα κατα πας ὁ φιλοσοφεω προχειρον οὑτος λεγω1 ὁστις τα μετεωρος και τα ὑπο γαια και θεους μη νομιζω και τον ἡσσων λογος κρεισσων ποιεω	plato
ἐγω γαρ εἰμι ἀνηρ ἀθηναιος ἀλλος μεν ἀρχην οὐδεις πωποτε ἀρχω ἐν ὁ πολεω βουλευω δε	plato
ἀλλα ταὐτος ἐγω εἰμι ὁσπερ νυνδη λεγω1	plato
ἀλλʼ οὐδε μεντοι ὁστις ἀδικος ἀποθνησκω δια οὑτος μειων φρονητεον	xenophon
οὐδεν γαρ ἀλλος πρασσω ἐγω περιερχομαι ἠ πειθω συ και νεος και πρεσβυς μητε σωματοω ἐπιμελεομαι μητε χρημα προτερος μηδε οὑτως σφοδρα ὡς ὁ ψυχη ὁπως ὡς ἀρισταω εἰμι λεγω1 ὁστις οὐ ἐκ χρημα ἀρετη γιγνομαι ἀλλʼ ἐκ ἀρεταω χρημα και τα ἀλλος ἀγαθα ὁ ἀνθρωπος ἁπας και ἰδιος και δημοσιος	plato
οὐ γαρ δη και στρατηγους αἱρεω και προ πατηρ και προ ἀδελφος και ναι μα διος γε συ προ συ αὐτος οὑς ἀν ἡγεομαι περι ὁ πολεμικος φρονιμος εἰμι	xenophon
ὁμολογεω φαινω τον σωκρατης περι γε παιδεια	xenophon
και νυν ἐγω μεν ἁτε βραδυς ὠν και πρεσβυτης ὑπο ὁ βραδυς ἁλισκομαι ὁ δʼ ἐμοι κατηγορος ἁτε δεινοι και ὀξυς εἰμι ὑπο ὁ θασσων ὁ κακια	plato
οὐ οὑτως ἐχω εἰμι μελω και περι ἱππος και ὁ ἀλλος ἁπας ζωιοω	plato
οὑτως γαρ ἐχω εἰμι ἀνηρ ἀθηναιος ὁ ἀληθεια	plato
ἐγω γαρ οὐ δυναμαι μανθανω ποτερος λεγω1 διδασκω ἐγω νομιζω εἰναι τις θεουςκαι αὐτος ἀρον νομιζω εἰμι θεους και οὐ εἰμι το παραπαν ἀθεος οὐδε οὑτος ἀδικεω οὐ μεντοι ὁς γε ὁ πολις ἀλλα ἑτερος και τουτʼ εἰμι ὁ ἐγω ἐγκαλεω ὁστις ἑτερος ἠ πανταπασι ἐγω φῃς οὐτε αὐτον νομιζω θεους ὁ τε ἀλλος οὑτος διδασκω	plato
συ δε εἰπε εἰ τις οἰδα ὑπʼ ἐμεω γιγνομαι ἠ ἐκ εὐσεβης ἀνοσιος ἠ ἐκ σωφρων ὑβριστην ἠ ἐκ εὐδιαιτος πολυδαπανος ἠ ἐκ μετριοποτης οἰνοφλυξ ἠ ἐκ φιλοπονος μαλακον ἠ ἀλλος πονηρος ἡδονα ἡσσαομαι	xenophon
ὁπως δε συ τις πειθω ἀν και σμικρον νεω ἐχω ἀνθρωπος ὡς οὐ ὁ αὐτος εἰμι και δαιμονιον και θειος ἡγεομαι και αὐ2 ὁ αὐτος μητε δαιμων μητε θεους μητε ἡρως οὐδεις μηχανη εἰμι	plato
και ἀλλος μηχαναι πολυς εἰμι ἐν ἑκαστος ὁ κινδυνος ὡστε διαφευγω θανατος ἐαν τις τολμαω πας ποιεω και λεγω1	plato
ἐγω μεν γαρ πολλακις ἐθελω θνησκω εἰ ταυτʼ εἰμι ἀληθης	plato
και χαλεπος εἰμι ὁσος νεωτεροι εἰμι και συ μαλλον ἀγανακτεω	plato
ἐγω δε δη τις συ ἀντιτιμαω εἰμι ἀνηρ ἀθηναιος	plato
ὁραω γαρ δη την ἡλικια ὁστις προσω ἠδος ἐστι ὁ βιοω θανατοω δε ἐγγυς	plato
σωκρατης δε ἀξιον ἐγω δοκεω εἰμι μιμνησκω και ὡς ἐπειδη καλεω εἰς την δικη βουλευω περι τε ὁ ἀπολογια και ὁ τελευταω ὁ βιοω	xenophon
τις δε ἀνθρωπος ἐλευθεριος ὁς παρʼ οὐδενος οὐτε δωρον οὐτε μισθον δεχομαι	xenophon
ἀλλα μεντοι εἰ μεν ἀγαθος ἐπιρρεω προαπολλυμαι δηλος ὁστις ἐμοι και ὁ ἐμεω εὐνους λυπητεον	xenophon
τον δε το μεν προτερος ἀποκρινω	xenophon
ἰσοω δε συ φαινω αὐτος και ὁ θεος διʼ εὐμενεια προξενεω ἐγω οὐ μονος το ἐν καιρος ὁ ἡλικια καταλυω τον βιοω ἀλλα και το ἱημι ῥαιδιος	xenophon
οὐ ὁ μεν πονηροι κακος τις ἐργαζομαι τους ἀει ἐγγυτερος ἑαυτου εἰμι ὁ δʼ ἀγαθοι ἀγαθος τις	plato
ὁποτερος δε ἐγω ἐρχομαι ἐπι ἀμεινων πραγμα ἀδηλος παντι πλην ἠ ὁ θεαω	plato
ἀλλα ἐγω εἰμι ἀνηρ παραμενω τοσουτος χρονος	plato
εἰμι και περι ἱππος οὑτως συ δοκεω ἐχω	plato
ἐτι δε ἐγω εἰπον εἰμι προς Διος μελω ποτερον εἰμι οἰκεω ἀμεινων ἐν πολιτης χρηστος ἠ πονηρος	plato
ἱημι ἀνα τις ἑαυτον τασσω ἡγεομαι βελτιστος εἰμι ἠ ὑπʼ ἀρχω τασσω ἐνταυθα δεω1 ὡς ἐμοι δοκεω μενω κινδυνευω μηδεν ὑπολογιζομαι μητε θανατος μητε ἀλλος μηδεν προ ὁ αἰσχρος	plato
περι δε ὑγιεια ὁ ἰατρος μαλλον ὁ ἀνθρωπος πειθω ἠ ὁ γοναω	xenophon
ἀλλος τις ἠ περι πλειστος ποιεω ὁπως ὡς βελτιστος ὁ νεος εἰμι	plato
θαυμαστα λεγω1 τον δʼ αὐ2 ἀποκρινω	xenophon
οὐδε γαρ ἀν ἀλλος ἀνθρωπος οὐδεις	plato
μελλω γαρ οὐν ἀσσα συ ἐρω και ἀλλος ἐφʼ ὁς ἰσοω βοαω	plato
τις οὐν πρεπω ἀνδρι πενης εὐεργετης δεω1 ἀγω σχολην ἐπι ὁ ὑμετερος παρακελευομαι	plato
ἰσοω ἀν οὐν δοκεω ἀτοπος εἰμι ὁστις δη ἐγω ἰδιος μεν οὑτος συμβουλευω περιιων και πολυπραγμονεω δημοσιος δε οὐ τολμαω ἀναβαινω εἰς το πληθος το ὑμετερος συμβουλευω ὁ πολεω	plato
και ὀμνυμι οὐ χαριζομαι ὁς ἀν δοκεω αὐτος ἀλλα δικαζω κατα τους νομος	plato
εἰ δε δαιμονιον νομιζω και δαιμων δηπου πολλη ἀναγκη νομιζω ἐγω εἰμι	plato
διασκοπεω οὐν τουτονὀνοματι γαρ οὐδεν δεω1 λεγω1 εἰμι δε τις ὁ πολιτικος προς ὁν ἐγω σκοπαω τοιουτον τις πασχω εἰμι ἀνηρ ἀθηναιος και διαλεγω αὐτῳἐδοξε ἐγω οὑτος ὁ ἀνηρ δοκεω μεν εἰμι σοφος ἀλλος τε πολυς ἀνθρωπος και μαλιστα ἑαυτου εἰμι δʼ οὐ	plato
και ἐαν οὑτος ποιεω δικαιος πεπονθως ἐγω εἰμι ὑφʼ συ αὐτος τε και ὁ υἱος	plato
τοιουτον τις ἐγω φαινω παθος και ὁ ποιηται πασχω και ἁμα αἰσθανομαι αὐτος δια την ποιησις οἰομαι και ἀλλος σοφος εἰμι ἀνθρωπος ἁ οὐ εἰμι	plato
δεινος τἀν εἰμι και ὡς ἀληθης τοτʼ ἀνα ἐγω δικαιοω εἰσαγω τις εἰς δικαστηριον ὁστις οὐ νομιζω θεους εἰμι ἀπειθεω ὁ μαντεια και δεδιως θανατος και οἰομαι σοφος εἰμι οὐ εἰμι	plato
οὑτος γαρ εἰμι ἀνηρ ἀθηναιος οὐτε συ χρη ποιεω τους δοκεω και ὁπη τις εἰμι οὐτʼ ἀν ἐγω ποιεω συ ἐπιτρεπω ἀλλα οὑτος αὐτο ἐνδεικνυμι ὁστις πολυ μαλλον καταψηφιζομαι ὁ τα ἐλεινα οὑτος δραμα εἰσαγω και καταγελαστος την πολις ποιεω ἠ ὁ ἡσυχια ἀγω	plato
ὑπολαμβανω ἀν οὐν τις συ ἰσοω	plato
χαιρεφων γαρ ποτε ἐπερωταω ἐν δελφοι περι ἐμεω πολυς παρειμι1 ἀναιρεω ὁ ἀπολαω1 μηδεις εἰμι ἀνθρωπος ἐμεω μητε ἐλευθεριος μητε δικαιος μητε σωφρων	xenophon
και οὑτος συ εἰμι πολλοι μαρτυς	plato
ὁ δε πας ἀλογος ὁστις οὐδε τα ὀνομα οἱον τε αὐτος οἰδα και εἰπον πλην εἰ τις κωμῳδοποιος τυγχανω εἰμι	plato
οὑτος γαρ ἑκαστος εἰμι ἀνηρ οἱος τʼ ἐστιν ἰων εἰς ἑκαστος ὁ πολυς τους νεουςοἱς ἐξεστι ὁ ἑαυτου πολιτης προιξ συνιημι ὁς ἀν βουλωνταιτουτους πειθω τας κενοω συνουσια ἀπολειπω σφεις συνιημι χρημα διδωμι και χαρις προσοιδα	plato
μη θορυβεω εἰμι ἀνηρ ἀθηναιος ἀλλʼ ἐμμεινατε ἐγω ὁς δεω2 συ μη θορυβεω ἐφʼ ὁς ἀν λεγω1 ἀλλʼ ἀκουω	plato
ἰσοω ἐγω οἰομαι εἰμι ἀνηρ ἀθηναιος ἀπορια λογαω ἁλισκομαι τοιουτος ὁς ἀν συ πειθω εἰ οἰομαι δεω1 ἁπας ποιεω και λεγω1 ὡστε ἀποφευγω την δικη	plato
ὁστις δε οὑτως γιγνωσκω καταδηλος γιγνομαι ἐπειδη και ὁ δικη καταψηφιζομαι	xenophon
νυν γαρ οὑτος ἐργαζομαι οἰομαι μεν ἀπαλλασσω ὁ διδωμι ἐλεγχω ὁ βιοω το δε συ πολυ ἐναντιος ἀποβαινω ὡς ἐγω φημι	plato
οὐ πολυς γʼ ἑνεκα χρονος εἰμι ἀνηρ ἀθηναιος ὀνομα ἐχω και αἰτιος ὑπο ὁ βουλομαι την πολις λοιδορεω ὡς σωκρατης ἀποκτεινω ἀνηρ σοφονφησουσι γαρ δη σοφον εἰμι εἰ και μη εἰμι ὁ βουλομαι συ ὀνειδιζω εἰ γουν περιμενω ὀλιγος χρονος ἀπο ὁ αὐτοματος ἀν συ οὑτος γιγνομαι	plato
εἰ γαρ οὑτος διαπρασσω δηλος ὁστις ἑτοιμαζω ἀν ἀντι ὁ ἠδος ληγω ὁ βιοω ἠ νοσος ἀλγυνω τελευταω ἠ γηρας εἰς ὁ πας τα χαλεπα συρρεω και μαλης ἐρημος ὁ εὐφροσυνη	xenophon
ἐοικα γαρ ὡσπερ αἰνιγμα συντιθημι διαπειραομαι αἰρω γιγνωσκω σωκρατης ὁ σοφος δη ἐμεω χαριεντιζομαι και ἐναντιʼ ἐμαυτου λεγω1 ἠ ἐξαπαταω αὐτον και τους ἀλλος τους ἀκουω	plato
νυν δε οὐδαμος περι οὑτος την πραξις οὐτʼ ἐν ἐργον οὐδενι οὐτʼ ἐν λογος ἠναντιωται ἐγω	plato
οἰδʼ ὁστις και ἐμοι μαρτυρεω ὑπο τε ὁ ἐπειμι1 και ὑπο ὁ παρερχομαι χρονος ὁστις ἀδικεω μεν οὐδεις πωποτε οὐδε πονηρος ποιεω εὐεργετεω δε τους ἐμοι διαλεγω προιξ διδασκω ὁ τις δυναμαι ἀγαθος	xenophon
ἐρω μεν δηλος ὁστις οὑτος πλεω ὑπο τε αὐτος και ὁ συναγορευω φιλοω αὐτος	xenophon
το δʼ ἐμε μεν μηδʼ ὑφʼ ἑνος ἀπαιτεω εὐεργεσια ἐμοι δε πολλους ὁμολογεω χαρις ὀφειλω	xenophon
και φαινω οὑτος λεγω1 τον σωκρατης προσχραω2 δε ὁ ἐμος ὀνομα ἐμε παραδειγμα ποιεω ὡσπερ ἀν εἰ εἰπον ὁστις οὑτος συ εἰμι ἀνθρωπος σοφωτατος εἰμι ὁστις ὡσπερ σωκρατης γιγνωσκω ὁστις οὐδενος ἀξιος εἰμι ὁ ἀληθεια προς σοφια	plato
νυν οὐν εἰμι ἀνηρ ἀθηναιος πολυς δεω1 ἐγω ὑπερ ἐμαυτου ἀπολογεομαι ὁς τις ἀν οἰομαι ἀλλα ὑπερ συ μη τις ἐξαμαρτανω περι την ὁ θεαομαι δοσις συ ἐμεω καταψηφιζομαι	plato
ἐγω δε διδασκαλος μεν οὐδενος πωποτʼ γιγνομαι	plato
ταχος δʼ ἀνα τις συ ἀγανακτεω ἀναμνησθεις ἑαυτου εἰ ὁ μεν και ἐλαυνω τουτουϊ ὁ ἀγων ἀγων ἀγωνιζομαι δεω2 τε και ἱκετευω τους δικαστας μετα πολυς δακρυω παιδια τε ἑαυτου ἀναβιβαζω ἱνα ὁστις μαλιστα ἐλεαω και ἀλλος ὁ οἰκεω και φιλοω πολυς ἐγω δε οὐδεν ἀρον οὑτος ποιεω και οὑτος κινδυνευω ὡς ἀν δοκεω τον ἐσχατος κινδυνος	plato
και τουτʼ εἰμι ὁ ἐμε αἱρεω ἐαν αἱρεω οὐ μελητος οὐδε ἀνυτος ἀλλʼ ὁ ὁ πολυς διαβολη τε και φθονος	plato
και γαρ ὁ φθογγος οἰωνος και ὁ φημη ἀνθρωπος χραω2 φωνη δηπου τεκμαιρομαι	xenophon
ἀλλʼ οὐ οὑτος ἐρωταω εἰμι βελτιστος ἀλλα τις ἀνθρωπος ὁστις προτερος και αὐτο οὑτος οἰδα τους νομος	plato
ἐγω γουν και αὐτος καλλυνω τε και ἁβρυνω ἀν εἰ ἐπισταμαι οὑτος	plato
ἀλλʼ ὁ μεν οἰωνος τε και φημη και συμβολος τε και μαντις ὀνομαζω τους προσημαινω εἰμι ἐγω δε οὑτος δαιμοναω καλεω και οἰομαι οὑτως ὀνομαζω και ἀληθης και ὁσιος λεγω1 ὁ ὁ ὀρνις ἀνατιθημι την ὁ θεαω δυναμις	xenophon
οὐδε γαρ ἀναβιβαζω οἱον τʼ ἐστιν αὐτος ἐνταυθοι οὐδʼ ἐλεγχω οὐδεις ἀλλʼ ἀναγκη ἀτεχνος ὡσπερ σκιαμαχεω ἀπολογουμενον τε και ἐλεγχω μηδενος ἀποκρινω	plato
πολυς γε δεω1 εἰμι ἀνηρ ἀθηναιος	plato
ἐπειτα ὁ ἑταιρος ἐκκλεπτω βουλομαι αὐτον οὐ ἐφεπω ἀλλα και ἐπισκωπτω δοκεω ἐρομαι εἰ που εἰδειεν τις χωρεω ἐσσομαι ὁ ἀττικος ἐνθα οὐ προσβατον θανατος	xenophon
ἐφʼ ὁς γε μην ἐργον κειμαι θανατος ὁ ζημια ἱεροσυλια τοιχωρυχια ἀνδραποδιζω πολις προδοσια οὐδʼ αὐτοι ὁ ἀντιδικος οὑτος πραξαι τις κατʼ ἐμεω φημι	xenophon
το μεν μη ἀγανακτεω εἰμι ἀνηρ ἀθηναιος ἐπι οὑτος ὁ γιγνομαι ὁστις ἐγω καταψηφιζομαι ἀλλος συ ἐγω πολλα συμβαλλω και οὐ ἀνελπιστον ἐγω γιγνομαι το γεγονος οὑτος ἀλλα πολυ μαλλον θαυμαζω ἑκατερος ὁ ψηφος τον γιγνομαι ἀριθμος	plato
τις δη οὐν οὐδεν οὑτος ποιεω	plato
τις εἰμι δʼ ἐγω και ποδαπος και ποσοω διδασκω	plato
οὑτος γαρ ἐγω ἀκουω ἐνθυμεομαι οὑτωσι	plato
οἰομαι γαρ συ σκεπτομαι δια την ὁ υἱος κτεινω	plato
το μεν δη ἐγκλημα τοιουτον εἰμι	plato
οὑτος γαρ ἐμοι φαινω τα ἐναντιος λεγω1 αὐτος ἑαυτου ἐν ὁ γραφω ὡσπερ ἀν εἰ εἰπον	plato
ὁ δε πυθω ἐν ὁ τριπους ἱερεια οὐ και αὐτη φωνεω τα παρα ὁ θεαομαι διαγγελλω	xenophon
ὁστις δʼ ἐγω τυγχανω ὠν τοιουτος οἱος ὑπο ὁ θεαομαι ὁ πολεω διδωμι ἐνθενδε ἀν κατανοεω	plato
οὑτος μεν που ἰσοω οὑτως και δεω1 ἐχω και οἰομαι αὐτα μετριος ἐχω	plato
οὐδε γαρ ἐγω ἀντι Διος και ἡρα και ὁ συν οὑτος θεαω οὐτε θυω1 τισι καινος δαιμων οὐτε ὀμνυς οὐτε νομιζω ἀλλος θεους ἀναφαινω	xenophon
κἀν μεν οὑτος ἀπελαυνω οὑτοι ἐγω αὐτοι ἐξελαυνω πειθω τους πρεσβυς	plato
αὐτοι μεν γαρ ὁ διαφθειρω ταχʼ ἀν λογος ἐχω βοηθεω	plato
τοτε μεντοι ἐγω οὐ λογος ἀλλʼ ἐργον αὐ2 ἐνδεικνυμι ὁστις ἐμοι θανατοω μεν μελω εἰ μη ἀγροικος εἰμι εἰπον οὐδʼ ὁτιουν ὁ δε μηδεν ἀδικος μηδʼ ἀνοσιος ἐργαζομαι οὑτος δε το πας μελω	plato
ἀλλα χρημα και δεω1 ἠως ἀν ἐκτινω	plato
ἐπει ἐγω και αὐτος θαυμαστη ἀν εἰμι ὁ διατριβη αὐτοθι ὁποτε ἐντυγχανω παλαμηδης και αἰας ὁ τελαμων και εἰ τις ἀλλος ὁ παλαιοω δια κρισις ἀδικος θνησκω ἀντιπαραβαλλω τα ἐμαυτου παθη προς τα ἐκεινωνὡς ἐγω οἰομαι οὐ ἀν ἀηδες εἰηκαι δη το μεγας τους ἐκει ἐξεταζω και ἐρευναω ὡσπερ τους ἐνταυθα διαγω τις αὐτος σοφος εἰμι και τις οἰομαι μεν εἰμι δʼ οὐ	plato
αὐθις γαρ δη ὡσπερ ἑτερος οὑτος εἰμι κατηγορος λαμβανω αὐ2 την οὑτος ἀντωμοσια	plato
ἀλλʼ ὁμοω οὐδεις αὐτος δευρο ἀναβιβαζω δεω2 συ ἀποψηφιζομαι	plato
οἱ ἐμοι δοκεω αἰσχυνω ὁ πολεω περιαπτω ὡστʼ ἀνα τις και ὁ ξενοω ὑπολαμβανω ὁστις ὁ διαφερω ἀθηναιος εἰς ἀρετη οὑς αὐτοι ἑαυτου εἰμι τε ὁ ἀρχη και ὁ ἀλλος τιμη προκρινω οὑτος γυνη οὐδεν διαφερω	plato
και ἐν ὁ ἐκκλησια γε πας δηπου ὁ ἀθηναιος ὁ φρονιμος λεγω1 πειθω μαλλον ἠ ὁ προσηκω	xenophon
δικαστης μεν γαρ οὑτος ἀρετη ῥητωρ δε ἀληθης λεγω1	plato
τυγχανω γαρ προσελθων ἀνδρι ὁς τελεω χρημα σοφιστης πλεω ἠ συμπας ὁ ἀλλος καλλιης ὁ ἱππονικος	plato
ἐκ οὑτος και Μελητος ἐγω ἐπιτιθημι και ἀνυτος και λυκος μελητος μεν ὑπερ ὁ ποιητος ἀχθομαι ἀνυτος δε ὑπερ ὁ δημιουργεω και ὁ πολιτικος λυκος δε ὑπερ ὁ ῥητωρ	plato
νομιζω τε γαρ εἰμι ἀνηρ ἀθηναιος ὡς οὐδεις ὁ ἐμεω κατηγορος και συ ἐπιτρεπω και ὁ θεαω κρινω περι ἐμεω ὁπη μελλω ἐγω τε ἀριστος εἰμι και συ	plato
ἀλλα οὑτος οὑτος μεν ἰσοω οἰομαι και ἀλλος τις που μεγας κακος ἐγω δʼ οὐ οἰομαι ἀλλα πολυ μαλλον ποιεω ἁ οὑτοσι νυν ποιεω ἀνηρ ἀδικος ἐπιχειρεω ἀποκτεινω	plato
ἐμε μεν γαρ οὐδεν ἀν βλαπτω οὐτε μελητος οὐτε Ἀνυτοςοὐδε γαρ ἀν δυναιτοοὐ γαρ οἰομαι θεμιτον εἰμι ἀμεινων ἀνδρι ὑπο χειρων βλαπτω	plato
δικαιος δε τις ἀν ἐοικοτως νομιζω ὁ προς τα παρειμι1 συναρμοζω ὡς ὁ ἀλλοτριοω μηδενος προσδεομαι	xenophon
ἀξιοω οὐν και συ ὡσπερ ἐγω λεγω1 δισσος ἐγω τους κατηγορος γιγνομαι ἑτερος μεν τους ἀρτι κατηγορεω ἑτερος δε τους παλλω οὑς ἐγω λεγω1 και οἰομαι δεω1 προς κενοω πρωτον ἐγω ἀπολογεομαι	plato
εἰμι μη πασχω οὑτος ἱημι Μελητος ἐγω τιμαω ὁ φημι οὐ οἰδα οὐτʼ εἰ ἀγαθον οὐτʼ εἰ κακος εἰμι	plato
τους δε δαιμων οὐχι ἠτοι θεος γε ἡγεομαι ἠ θεαω παις	plato
ἀλλʼ εἰμι σωκρατης το σον τις εἰμι πραγμα	plato
οὐ γαρ εἰμι ἐγω χρημα ὁποθεν ἐκτινω	plato
εἰ γε μην ὁσος ἐρω περι ἐμαυτου μηδεις δυναιτʼ ἀν ἐξελεγχω ἐγω ὡς ψευδω πως οὐ ἀν ἠδος δικαιοω και ὑπο θεαω και ὑπʼ ἀνθρωπος ἐπαινεω	xenophon
οὑτος μεν οὐν συ ὁ καταψηφιζομαι μαντευομαι ἀπαλλασσω	plato
και οὑτος μεν οὐ ψευδω ἀλλʼ ἐπισταμαι ἁ ἐγω οὐ ἐπισταμαι και ἐγω οὑτος σοφος εἰμι	plato
ἀλλʼ ὁ μεν ἀνηρ ὁδε κυδρος ὡς μεγας τις και καλον διαπρασσω εἰ ἀπεκτονε ἐγω ὁστις αὐτον ὁ μεγας ὑπο ὁ πολις ὁραω ἀξιοω οὐ φημι χρη τον υἱον περι βυρσα παιδευω	xenophon
δηλος γαρ ὁστις οἰδα μελω γε συ	plato
καιτοι ἐφιστημι μεν δηπου τινω εἰσι νεω διαφθορα	xenophon
οὐδε ἡλιος οὐδε σεληνη ἀρον νομιζω θεους εἰμι ὡσπερ ὁ ἀλλος ἀνθρωπος	plato
το δε μη ἀποθνησκω οὐ οἰομαι λιπαρητεον εἰμι ἀλλα και καιρον ἠδος νομιζω ἑαυτου τελευταω	xenophon
εἰ γαρ δη ἐγω ὁ νεω τους μεν διαφθειρω τους δε διαφθειρω χραω2 δηπου εἰτε τινες αὐτος πρεσβυς γιγνομαι γιγνωσκω ὁστις νεω εἰμι αὐτος ἐγω κακον πωποτε τις συμβουλευω νυνι αὐτους ἀναβαινω ἐμεω κατηγορεω και τιμωρεω	plato
τοιουτος οὐν ἀλλος οὐ ῥαιδιος συ γιγνομαι εἰμι ἀνηρ ἀλλʼ ἐαν ἐμοι πειθω φεισεσθε ἐγω	plato
ἀδικεω σωκρατης θεους οὐ νομιζω ἀλλα θεους νομιζω	plato
εἰμι παις εἰ τιμωρεω πατροκλος ὁ ἑταιρος τον φονος και ἑκτωρ ἀποκτεινω αὐτος ἀποθανῃαὐτικα γαρ συ φημι μεθʼ ἑκτωρ ποτμος ἑτοιμος ὁ δε οὑτος ἀκουω ὁ μεν θανατοω και ὁ κινδυνος ὀλιγωρεω πολυ δε μαλλον δειδω το ζαω κακος ὠν και ὁ φιλος μη τιμωρεω αὐτικα φημι θνησκω δικη ἐπιθεις ὁ ἀδικεω ἱνα μη ἐνθαδε μενω καταγελαστος παρα νηυσι κορωνις ἀχθος ἀρουρα	plato
ἐγω μεν δη κατανοεω ὁ ἀνδρος ὁ τε σοφια και την γενναιοτης οὐτε μη μιμνησκω δυναμαι αὐτος οὐτε μιμνησκω μη οὐ ἐπαινεω	xenophon
οὑτος ἐμος τε ἑταιρος εἰμι ἐκ νεος και συ ὁ πληθω ἑταιρος τε και συμφευγω την φυγην οὑτος και μεθʼ συ κατερχομαι	plato
τις οὐν ποτε λεγω1 φασκω ἐμε σοφος εἰμι	plato
ἐρχομαι ἐπι τις ὁ δοκεω σοφος εἰμι ὡς ἐνταυθα εἰπερ που ἐλεγχω το μαντειος και ἀποφαινω ὁ χρησμος ὁστις οὑτοσι ἐμεω σοφωτερος εἰμι συ δʼ ἐμε φημι	plato
ἐκεινος γαρ φημι ὁραω αὐτον περι πας μαλλον διαλεγω ἠ περι ὁ δικη εἰπον	xenophon
σιγαω δε και ἡσυχια ἀγω εἰμι σωκρατης οὐ οἱος τʼ εἰμι ἐγω ἐξελθων ζαω	plato
εἰ δη τις συ οὑτως ἐχειοὐκ ἀξιοω μεν γαρ ἐγω εἰ δʼ οὐνἐπιεικη ἀνα ἐγω δοκεω προς οὑτος λεγω1 λεγω1 ὁστις ἐγω εἰμι ἀριστος εἰσιν μεν που τις και οἰκειος	plato
τουτι δη εἰμι πας χαλεπος πεισαι τις συ	plato
μα Διʼ εἰπον αὐτος εἰμι ἑρμογενης ἐγω οὑτος οὐδε προθυμεομαι ἀλλʼ ὁσος νομιζω τυγχανω καλεω και παρα θεαω και παρʼ ἀνθρωπος και ἡν ἐγω δοκεω ἐχω περι ἐμαυτου οὑτος ἀναφαινω εἰ βαρυνω τους δικαστης αἱρεω τελευταω μαλλον ἠ ἀνελευθερος το ζαω ἐτι προσαιτεω κερδαινω τον πολυ χειροω βιοω ἀντι θανατοω	xenophon
και γαρ ὡς ἐγω οἰομαι ὀνινημι ἀκουω	plato
οὑτος ἐγω δοκεω δικαιος λεγω1 ὁ λεγω1 κἀγω συ πειραω ἀποδεικνυμι τις ποτʼ ἐστιν οὑτος ὁ ἐμοι ποιεω ὁ τε ὀνομα και την διαβολη	plato
μεγας δʼ ἐγω συ τεκμηριον παρεχω οὑτος οὐ λογοω ἀλλʼ ὁ συ τιμαω ἐργον	plato
ἀλλα οὑτος ἐγω εἰμι σωκρατης χαλεπος φερω ὁστις ὁραω συ ἀδικος ἀποθνησκω	xenophon
οὑτος δε ταχʼ ἀνα οὑς ἀρτι λεγω1 μεγας τινα ἠ κατʼ ἀνθρωπος σοφια σοφοι εἰμι ἠ οὐ ἐχω τις λεγω1	plato
τοσουτος συ ἐμεω σοφος εἰμι τηλικουτος εἰμι τηλικοσδε εἰμι ὡστε συ μεν γιγνωσκω ὁστις ὁ μεν κακοι κακος τις ἐργαζομαι ἀει τους μαλιστα πιμπλημι ἑαυτου ὁ δε ἀγαθοι ἀγαθος ἐγω δε δη εἰς τοσουτος ἀμαθια ἱημι ὡστε και τουτʼ ἀγνοεω ὁστις ἐαν τις μοχθηρον ποιεω ὁ συνειμι1 κινδυνευω κακος τις λαμβανω ὑπʼ αὐτος ὡστε οὑτος το τοσουτος κακον ἑκων ποιεω ὡς φῃς συ	plato
το δε ἀδικεω και ἀπειθεω ὁ βελτιων και θεαω και ἀνθρωπος ὁστις κακον και αἰσχρος εἰμι οἰδα	plato
οὐ μεντοι μα διος οὐδʼ ὁπωσουν	plato
ἀλλα μη οὐ τουτʼ εἰμι χαλεπος εἰμι ἀνηρ θανατος ἐκφευγω ἀλλα πολυ χαλεπος πονηρια	plato
ὁς νομιζω μελεταω εἰμι καλος ἀπολογια	xenophon
γραφω μεν οὐν περι οὑτος και ἀλλος και πας τυγχανω ὁ μεγαληγορια αὐτος	xenophon
ἐντευθεν οὐν οὑτος τε ἀπεχθανομαι και πολυς ὁ παρειμι1	plato
